담당부서,설치년도,설치기구종류,설치주소,설치업체,고장현황,데이터기준일자
금산읍,2016,"달리기운동/큰활차머신, 공중걷기/허리돌리기",충청남도 금산군 금산읍 상리 31-10,우리스포츠,,2022-08-08
금산읍,2016,"자전거타기,달리기/큰활차머신,공중걷기/파도타기,허리돌리기/윗몸일으키기",충청남도 금산군 금산읍 양지리 307,호진기계,,2022-08-08
금산읍,2016,"달리기/큰활차머신,역기내리기/작은활차머신,파도타기/공중걷기,허리돌리기/윗몸일으키기",충청남도 금산군 금산읍 상옥리 326-15,호진기계,비가림시설누수,2022-08-08
금산읍,2016,"달리기/큰활차머신,파도타기/공중걷기,다리뻗치기/등허리지압,허리돌리기/윗몸일으키기",충청남도 금산군 금산읍 상옥리 339-13,호진기계,,2022-08-08
금산읍,2016,"자전거타기/허리돌리기, 계단걷기/큰활차머신, 다리뻗치기/공중걷기, 양팔줄당기기/옆파도타기",충청남도 금산군 금산읍 상옥리 124-1,우리스포츠,,2022-08-08
금산읍,2016,"허리돌리기,양팔줄당기기,파도타기,자전거타기",충청남도 금산군 금산읍 비단로 338(주공206동 놀이터 옆),호진기계,,2022-08-08
금산읍,2016,"자전거타기,달리기운동/큰활차머신,공중걷기/허리돌리기,역기내리기/작은활차머신,다리뻗치기/등허리지압기",충청남도 금산군 금산읍 비호산로 5(주공1단지 내),호진기계,,2022-08-08
금산읍,2017,"자전거타기, 윗몸일으키기/허리돌리기, 역기내리기/역기올리기",충청남도 금산군 금산읍 하옥리 309-14,호진기계,,2022-08-08
금산읍,2017,"자전거타기, 달리기운동/큰활차머신, 공중걷기/허리돌리기",충청남도 금산군 금산읍 아인리 50-3,호진기계,,2022-08-08
금산읍,2017,"달리기운동/큰활차머신, 파도타기/공중걷기, 등허리지압기, 허리돌리기/윗몸일으키기,트렁크로라",충청남도 금산군 금산읍 중도리 74-1,호진기계,,2022-08-08
금산읍,2017,"달리기운동/큰활차머신, 파도타기/공중걷기, 다리뻗치기/등허리지압기, 허리돌리기/윗몸일으키기",충청남도 금산군 금산읍 하옥리 290-5,호진기계,,2022-08-08
금산읍,2017,"자전거타기, 공중걷기/허리돌리기, 다리뻗치기/등허리지압기",충청남도 금산군 금산읍 아인리 14-6,호진기계,,2022-08-08
금산읍,2017,"공중걷기/허리돌리기,다리뻗치기/등허리지압기",충청남도 금산군 금산읍 계진리 421,호진기계,,2022-08-08
금산읍,2017,"매달려온몸회전하기, 파도타기/공중걷기",충청남도 금산군 금산읍 하옥리 391-1,호진기계,,2022-08-08
금산읍,2017,"다리뻗치기, 허리돌리기, 달리기운동/큰활차머신, 파도타기/공중걷기",충청남도 금산군 금산읍 금산로 1570,호진기계,,2022-08-08
금산읍,2017,"등허리지압기, 달리기운동/큰활차머신, 파도타기/공중걷기, 허리돌리기/윗몸일으키기",충청남도 금산군 금산읍 약초로 18,호진기계,,2022-08-08
금산읍,2018,파도타기/허리돌리기/달리기/등허리지압기,충청남도 금산군 금산읍 상리 194-3,호진기계,,2022-08-08
금산읍,2018,"큰팔돌리기,어깨팔늘리기,앉아자전거타기,등기대자전거타기,입식허리돌리기,옆으로몸통흔들기,공중걷기",충청남도 금산군 금산읍 후곤천길 77,호진기계,,2022-08-08
금산읍,2018,역기올리기/좌식싸이클,충청남도 금산군 금산읍 아인리 449-3,더리안,,2022-08-08
금산읍,2018,역기올리기/좌식싸이클,충청남도 금산군 금산읍 아인리 348-1,더리안,,2022-08-08
금산읍,2019,"거꾸로매달리기,역기올리기/윗몸일으키기,역기내리기/작은활차머신,두팔노젓기/매달려온몸회전하기,허리돌리기/윗몸일으키기,파도타기/공중걷기",충청남도 금산군 금산읍 중도리 211-1,호진기계,,2022-08-08
금산읍,2019,"역기내리기/작은활차머신,다리뻗치기/달리기운동,양팔줄당기기/역기올리기,달리기/큰활차머신,공중걷기/허리돌리기",충청남도 금산군 금산읍 중도리 건삼전1길 26,호진기계,,2022-08-08
금산읍,2019,"자전거타기, 거꾸로매달리기, 달리기운동/큰활차머신,파도타기/공중걷기",충청남도 금산군 금산읍 아인리 637,더리안,,2022-08-08
금산읍,2015,"파워프레스/풀웨이트, 파워싸이클/트위스트",충청남도 금산군 금산읍 신대리 621-17,윤조경공사,,2022-08-08
금산읍,2015,"파워프레스/풀웨이트, 파워싸이클/트위스트",충청남도 금산군 금산읍 신대리 590-3,윤조경공사,,2022-08-08
금산읍,2015,"파워프레스/풀웨이트, 파워싸이클/트위스트, 크로스워킹/스카이워킹, 사이드스윙/터닝암",충청남도 금산군 금산읍 음지리 358-10,윤조경공사,,2022-08-08
금산읍,2015,"옆파도타기/하늘걷기, 허리돌리기/윗몸일으키기, 큰활차머신/달리기운동",충청남도 금산군 금산읍 아인리  502-20,우리스포츠,,2022-08-08
금산읍,2015,"옆파도타기/하늘걷기, 달리기운동/양팔줄당기기, 허리돌리기/윗몸일으키기",충청남도 금산군 금산읍 상옥리 40-9,광진체육사,,2022-08-08
금산읍,2015,"옆파도타기/하늘걷기, 달리기운동/ 허리돌리기",충청남도 금산군 금산읍 중도리 27-1,광진체육사,,2022-08-08
금산읍,2015,"옆파도타기/하늘걷기, 큰활차머신/양팔줄당기기, 허리돌리기/윗몸일으키기",충청남도 금산군 금산읍 비단로 332,우리스포츠,,2022-08-08
금산읍,2015,"하늘걷기/양팔줄당기기, 옆파도타기/등허리지압기, 달리기운동/큰활차머신",충청남도 금산군 금산읍 비호산로 57,우리스포츠,,2022-08-08
금산읍,2015,"옆파도타기/하늘걷기, 허리돌리기/달리기운동, 허리돌리기/윗몸일으키기",충청남도 금산군 금산읍 아인리 676,우리스포츠,,2022-08-08
금산읍,2015,"파도타기/공중걷기,허리돌리기/윗몸일으키기,양팔줄당기기/큰활머신",충청남도 금산군 금산읍 비호산로 5,우리스포츠,,2022-08-08
금산읍,2019,"자전거타기/허리돌리기,윗몸일으키기/파도타기,공중걷기/거꾸로매달리기",충청남도 금산군 금산읍 아인리 388-1,호진기계,,2022-08-08
금산읍,2019,"자전거타기,허리돌리기/달리기운동,큰활차머신/파도타기,공중걷기/거꾸로매달리기",충청남도 금산군 금산읍 중도리 8-5,호진기계,,2022-08-08
금성면,2019,물구나무서기,충청남도 금산군 금성면 도곡리 299-2,가인조경,,2022-08-08
금성면,2019,달리기,충청남도 금산군 금성면 마수리 594-1,가인조경,,2022-08-08
금성면,2019,자전거타기,충청남도 금산군 금성면 상가리 431-6,가인조경,,2022-08-08
금성면,2019,허리돌리기,충청남도 금산군 금성면 상가리 464-6,가인조경,,2022-08-08
금성면,2019,옆으로몸통흔들기,충청남도 금산군 금성면 상가리 487,가인조경,,2022-08-08
금성면,2017,파도타기,충청남도 금산군 금성면 의총리 209-3,호진기계㈜,,2022-08-08
금성면,2019,허리돌리기,충청남도 금산군 금성면 의총리 253-1,가인조경,,2022-08-08
금성면,2019,자전거타기,충청남도 금산군 금성면 하류리 834,가인조경,,2022-08-08
금성면,2017,공중걷기,충청남도 금산군 금성면 화림리 129,금산훤수조경공사,,2022-08-08
금성면,2017,공중걷기,충청남도 금산군 금성면 화림리 321-1,금산훤수조경공사,,2022-08-08
금성면,2016,공중걷기,충청남도 금산군 금성면 화림리 641-1,윤조경공사,,2022-08-08
금성면,2015,공중걷기,충청남도 금산군 금성면 하신리 174-14,,,2022-08-08
금성면,2015,허리돌리기,충청남도 금산군 금성면 하신리 174-14,,,2022-08-08
금성면,2015,상체근육풀기,충청남도 금산군 금성면 하신리 174-14,,,2022-08-08
금성면,2015,역기올릭,충청남도 금산군 금성면 하신리 174-14,,,2022-08-08
금성면,2015,레그프레스,충청남도 금산군 금성면 하신리 174-14,,,2022-08-08
금성면,2015,윗몸일으키키,충청남도 금산군 금성면 하신리 174-14,,,2022-08-08
금성면,2015,등허리지압기,충청남도 금산군 금성면 하신리 174-14,,,2022-08-08
금성면,2015,입식싸이클,충청남도 금산군 금성면 하신리 174-14,,,2022-08-08
금성면,2015,상체근육풀기,충청남도 금산군 금성면 도곡리 653,,,2022-08-08
금성면,2015,역기내리기,충청남도 금산군 금성면 도곡리 653,,,2022-08-08
금성면,2015,상체근육풀기,충청남도 금성면 파초리 130-2,,,2022-08-08
금성면,2015,역기내리기,충청남도 금성면 파초리 130-2,,,2022-08-08
금성면,2015,공중걷기,충청남도 금성면 마수리 293-2,,,2022-08-08
금성면,2015,허리돌릭,충청남도 금성면 마수리 293-2,,,2022-08-08
금성면,2020,오금펴기+파도타기,충청남도 금성면 잔실길 10,한양그린파크,,2022-08-08
금성면,2020,역기올리기+역기내리기,충청남도 금성면 잔실길 10,한양그린파크,,2022-08-08
금성면,2020,공중걷기+노젓기,충청남도 금성면 잔실길 10,한양그린파크,,2022-08-08
금성면,2020,큰활차,충청남도 금성면 도곡리 658,대륙체육산업,,2022-08-08
금성면,2020,다리뻗치기,충청남도 금성면 도곡리 658,대륙체육산업,,2022-08-08
금성면,2020,공중걷기,충청남도 금성면 도곡리 658,대륙체육산업,,2022-08-08
금성면,2020,파도타기,충청남도 금성면 도곡리 658,대륙체육산업,,2022-08-08
금성면,2020,오금펴기,충청남도 금성면 양전길 25,한양그린파크,,2022-08-08
금성면,2020,공중걷기,충청남도 금성면 양전길 25,한양그린파크,,2022-08-08
금성면,2020,파도타기,충청남도 금성면 양전길 25,한양그린파크,,2022-08-08
금성면,2020,상체근육풀기,충청남도 금성면 양전길 25,한양그린파크,,2022-08-08
금성면,2020,오금펴기,충청남도 금성면 양전리 932,한양그린파크,,2022-08-08
금성면,2020,공중걷기,충청남도 금성면 양전리 932,한양그린파크,,2022-08-08
금성면,2020,파도타기,충청남도 금성면 양전리 932,한양그린파크,,2022-08-08
금성면,2020,상체근육풀기,충청남도 금성면 양전리 932,한양그린파크,,2022-08-08
금성면,2020,상체근육풀기,충청남도 금성면 양전리 149-3,한양그린파크,,2022-08-08
금성면,2020,허리돌리기,충청남도 금성면 양전리 149-3,한양그린파크,,2022-08-08
금성면,2020,오금펴기+파도타기,충청남도 금성면 양전리 149-3,한양그린파크,,2022-08-08
금성면,2020,역기올리기+역기내리기,충청남도 금성면 양전리 149-3,한양그린파크,,2022-08-08
금성면,2020,파도타기,충청남도 금성면 파초리 647,한양그린파크,,2022-08-08
금성면,2020,상체근육풀기,충청남도 금성면 파초리 647,한양그린파크,,2022-08-08
금성면,2020,허리돌리기,충청남도 금성면 파초리 647,한양그린파크,,2022-08-08
금성면,2020,달리기,충청남도 금성면 파초리 647,한양그린파크,,2022-08-08
제원면,2019,좌식허리돌리기,충청남도 금산군 제원면 명곡2리 784-3,가인조경,,2022-08-08
제원면,2019,양팔당기기,충청남도 금산군 제원면 명곡2리 784-3,가인조경,,2022-08-08
제원면,2019,마사지,충청남도 금산군 제원면 명곡2리 784-3,가인조경,,2022-08-08
제원면,2019,팔돌리기,충청남도 금산군 제원면 명곡2리 784-3,가인조경,,2022-08-08
부리면,2015,공중걷기,충청남도 금산군 부리면 창평리 224-1,우리스포츠,,2022-08-08
부리면,2015,파도타기,충청남도 금산군 부리면 창평리 224-1,우리스포츠,,2022-08-08
부리면,2015,달리기,충청남도 금산군 부리면 창평리 224-1,우리스포츠,,2022-08-08
부리면,2015,역기내리기,충청남도 금산군 부리면 창평리 224-1,우리스포츠,,2022-08-08
부리면,2015,공중걷기,충청남도 금산군 부리면 창평리 699-1,우리스포츠,,2022-08-08
부리면,2015,파도타기,충청남도 금산군 부리면 창평리 699-1,우리스포츠,,2022-08-08
부리면,2015,달리기,충청남도 금산군 부리면 창평리 699-1,우리스포츠,,2022-08-08
부리면,2015,역기내리기,충청남도 금산군 부리면 창평리 699-1,우리스포츠,,2022-08-08
부리면,2015,공중걷기,충청남도 금산군 부리면 현내리 553,광진체육사,,2022-08-08
부리면,2015,파도타기,충청남도 금산군 부리면 현내리 553,광진체육사,,2022-08-08
부리면,2015,달리기,충청남도 금산군 부리면 현내리 553,광진체육사,,2022-08-08
부리면,2015,등허리지압기,충청남도 금산군 부리면 현내리 553,광진체육사,,2022-08-08
부리면,2016,공중걷기,충청남도 금산군 부리면 양곡리 536,㈜일신건설,,2022-08-08
부리면,2016,달리기,충청남도 금산군 부리면 양곡리 536,㈜일신건설,,2022-08-08
부리면,2016,평행봉,충청남도 금산군 부리면 양곡리 536,㈜일신건설,,2022-08-08
부리면,2016,공중걷기,충청남도 금산군 부리면 평촌리 106-3,금산훤수조경공사,,2022-08-08
부리면,2016,허리돌리기,충청남도 금산군 부리면 평촌리 106-3,금산훤수조경공사,,2022-08-08
부리면,2016,상체근육풀기,충청남도 금산군 부리면 평촌리 106-3,금산훤수조경공사,,2022-08-08
부리면,2016,레그프레스,충청남도 금산군 부리면 평촌리 106-3,금산훤수조경공사,,2022-08-08
부리면,2016,윗몸일으키기,충청남도 금산군 부리면 평촌리 106-3,금산훤수조경공사,,2022-08-08
부리면,2017,달리기,충청남도 금산군 부리면 금고길 19,금산훤수조경공사,,2022-08-08
부리면,2017,좌식싸이클,충청남도 금산군 부리면 금고길 19,금산훤수조경공사,,2022-08-08
부리면,2017,파도타기,충청남도 금산군 부리면 무금로 1650,호진기계,,2022-08-08
부리면,2017,허리돌리기,충청남도 금산군 부리면 무금로 1650,호진기계,,2022-08-08
부리면,2017,달리기,충청남도 금산군 부리면 무금로 1650,호진기계,,2022-08-08
부리면,2017,등허리지압기,충청남도 금산군 부리면 무금로 1650,호진기계,,2022-08-08
부리면,2018,공중걷기,충청남도 금산군 부리면 현내리 784,호진기계,,2022-08-08
부리면,2018,파도타기,충청남도 금산군 부리면 현내리 784,호진기계,,2022-08-08
부리면,2018,달리기,충청남도 금산군 부리면 현내리 784,호진기계,,2022-08-08
부리면,2018,달리기,충청남도 금산군 부리면 창평로 339,어반스케이프,,2022-08-08
부리면,2018,윗몸일으키기,충청남도 금산군 부리면 창평로 339,어반스케이프,,2022-08-08
부리면,2018,공중걷기,충청남도 금산군 부리면 신촌리 123-1,호진기계,,2022-08-08
부리면,2018,역기내리기,충청남도 금산군 부리면 신촌리 123-1,호진기계,,2022-08-08
부리면,2019,자전거타기,충청남도 금산군 부리면 방우리 135,가인조경,,2022-08-08
부리면,2019,공중걷기,충청남도 금산군 부리면 방우리 135,가인조경,,2022-08-08
부리면,2019,윗몸일으키기,충청남도 금산군 부리면 방우리 135,가인조경,,2022-08-08
부리면,2019,달리기,충청남도 금산군 부리면 방우리 135,가인조경,,2022-08-08
부리면,2019,큰팔돌리기,충청남도 금산군 부리면 방우리 135,가인조경,,2022-08-08
부리면,2019,어깨팔늘리기,충청남도 금산군 부리면 방우리 135,가인조경,,2022-08-08
부리면,2019,자전거타기,충청남도 금산군 부리면 방우리 262-3,가인조경,,2022-08-08
부리면,2019,공중걷기,충청남도 금산군 부리면 방우리 262-3,가인조경,,2022-08-08
부리면,2019,윗몸일으키기,충청남도 금산군 부리면 방우리 262-3,가인조경,,2022-08-08
부리면,2019,달리기,충청남도 금산군 부리면 방우리 262-3,가인조경,,2022-08-08
부리면,2019,큰팔돌리기,충청남도 금산군 부리면 방우리 262-3,가인조경,,2022-08-08
부리면,2019,어깨팔늘리기,충청남도 금산군 부리면 방우리 262-3,가인조경,,2022-08-08
부리면,2019,자전거타기,충청남도 금산군 부리면 양곡리 694-6,가인조경,,2022-08-08
부리면,2019,옆으로 몸통흔들기,충청남도 금산군 부리면 양곡리 694-6,가인조경,,2022-08-08
부리면,2019,공중걷기,충청남도 금산군 부리면 양곡리 694-6,가인조경,,2022-08-08
부리면,2019,등허리지압기,충청남도 금산군 부리면 평촌리 548-1,호진기계,,2022-08-08
부리면,2019,공중걷기,충청남도 금산군 부리면 평촌리 548-1,호진기계,,2022-08-08
군북면,2019,"허리돌리기&공중걷기, 몸통흔들기&큰팔돌리기, 자전거타기&다리밀기, 어깨팔늘리기",충청남도 금산군 군북면 천동길 57,가인조경,,2022-08-08
군북면,2019,"허리돌리기&공중걷기, 몸통흔들기&큰팔돌리기, 자전거타기&다리밀기, 어깨팔늘리기",충청남도 금산군 군북면 안보광1길 54,가인조경,,2022-08-08
군북면,2020,"등허리지압기&큰활차머신, 공중걷기&파도타기, 자전거타기&달리기, 허리돌리기",충청남도 금산군 군북면 산덕길 58,㈜희수조경,,2022-08-08
남일면,2015,공중걷기,충청남도 금산군 남일면 덕천리 615-5,㈜그린나래,,2022-08-08
남일면,2015,파도타기,충청남도 금산군 남일면 덕천리 615-5,㈜그린나래,,2022-08-08
남일면,2015,허리돌리기,충청남도 금산군 남일면 덕천리 615-5,㈜그린나래,,2022-08-08
남일면,2015,등허리지압기,충청남도 금산군 남일면 덕천리 615-5,㈜그린나래,,2022-08-08
남일면,2015,파도타기,충청남도 금산군 남일면 신천리 137-4,㈜그린나래,,2022-08-08
남일면,2015,허리돌리기,충청남도 금산군 남일면 신천리 137-4,㈜그린나래,,2022-08-08
남일면,2015,달리기,충청남도 금산군 남일면 신천리 137-4,㈜그린나래,,2022-08-08
남일면,2015,등허리지압기,충청남도 금산군 남일면 신천리 137-4,㈜그린나래,,2022-08-08
남일면,2019,허리돌리기,충청남도 금산군 남일면 상동리 692-163,가인조경,,2022-08-08
남일면,2019,공중걷기,충청남도 금산군 남일면 상동리 692-163,가인조경,,2022-08-08
남일면,2019,윗몸일으키기,충청남도 금산군 남일면 상동리 692-163,가인조경,,2022-08-08
남일면,2019,허벅지종아리마사지&작은팔돌리기,충청남도 금산군 남일면 상동리 692-163,가인조경,,2022-08-08
남이면,2016,공중걷기, 충청남도 금산군 남이면 석동리 136-93,(합)어반스케이프,,2022-08-08
남이면,2016,파돠기, 충청남도 금산군 남이면 석동리 136-93,(합)어반스케이프,,2022-08-08
남이면,2016,허리돌리기, 충청남도 금산군 남이면 석동리 136-93,(합)어반스케이프,,2022-08-08
남이면,2016,달리기, 충청남도 금산군 남이면 석동리 136-93,(합)어반스케이프,,2022-08-08
남이면,2016,어깨근육풀기, 충청남도 금산군 남이면 석동리 136-93,(합)어반스케이프,,2022-08-08
남이면,2016,노젓기, 충청남도 금산군 남이면 석동리 136-93,(합)어반스케이프,,2022-08-08
남이면,2016,하체근육풀기, 충청남도 금산군 남이면 석동리 136-93,(합)어반스케이프,,2022-08-08
남이면,2016,허리돌리기, 충청남도 금산군 남이면 하금리 258-1,대전지방조달청,,2022-08-08
남이면,2016,상체근육풀기, 충청남도 금산군 남이면 하금리 258-1,대전지방조달청,,2022-08-08
남이면,2016,어깨근육풀기, 충청남도 금산군 남이면 하금리 258-1,대전지방조달청,,2022-08-08
남이면,2016,윗몸일으키기, 충청남도 금산군 남이면 하금리 258-1,대전지방조달청,,2022-08-08
남이면,2018,공중걷기, 충청남도 금산군 남이면 하금리 384-1,대전지방조달청,,2022-08-08
남이면,2018,입식싸이클, 충청남도 금산군 남이면 하금리 384-1,대전지방조달청,,2022-08-08
남이면,2018,양팔줄당기기, 충청남도 금산군 남이면 하금리 384-1,대전지방조달청,,2022-08-08
남이면,2018,공중걷기, 충청남도 금산군 남이면 건천리 286-1,대전지방조달청,,2022-08-08
남이면,2018,파도타기, 충청남도 금산군 남이면 건천리 286-1,대전지방조달청,,2022-08-08
남이면,2018,등허리지압기, 충청남도 금산군 남이면 건천리 286-1,대전지방조달청,,2022-08-08
남이면,2018,공중걷기, 충청남도 금산군 남이면 건천리 398-2,대전지방조달청,,2022-08-08
남이면,2018,파도타기, 충청남도 금산군 남이면 건천리 398-2,대전지방조달청,,2022-08-08
남이면,2018,등허리지압기, 충청남도 금산군 남이면 건천리 398-2,대전지방조달청,,2022-08-08
남이면,2018,공중걷기, 충청남도 금산군 남이면 건천리 335,대전지방조달청,,2022-08-08
남이면,2018,파도타기, 충청남도 금산군 남이면 건천리 335,대전지방조달청,,2022-08-08
남이면,2018,등허리지압기, 충청남도 금산군 남이면 건천리 335,대전지방조달청,,2022-08-08
남이면,2018,파도타기, 충청남도 금산군 남이면 매곡리 637-1,대전지방조달청,,2022-08-08
남이면,2018,허리돌리기, 충청남도 금산군 남이면 매곡리 637-1,대전지방조달청,,2022-08-08
남이면,2018,달리기, 충청남도 금산군 남이면 매곡리 637-1,대전지방조달청,,2022-08-08
남이면,2018,허리돌리기, 충청남도 금산군 남이면 매곡리 392-1,대전지방조달청,,2022-08-08
남이면,2018,상체근육풀기, 충청남도 금산군 남이면 매곡리 392-1,대전지방조달청,,2022-08-08
남이면,2018,입식싸이클, 충청남도 금산군 남이면 매곡리 392-1,대전지방조달청,,2022-08-08
남이면,2018,공중걷기, 충청남도 금산군 남이면 구석리 72-3,대전지방조달청,,2022-08-08
남이면,2018,허리돌리기, 충청남도 금산군 남이면 구석리 72-3,대전지방조달청,,2022-08-08
남이면,2018,상체근육풀기, 충청남도 금산군 남이면 구석리 72-3,대전지방조달청,,2022-08-08
남이면,2018,입식싸이클, 충청남도 금산군 남이면 구석리 72-3,대전지방조달청,,2022-08-08
남이면,2018,공중걷기, 충청남도 금산군 남이면 구석리 512-2,대전지방조달청,,2022-08-08
남이면,2018,허리돌리기, 충청남도 금산군 남이면 구석리 512-2,대전지방조달청,,2022-08-08
남이면,2018,상체근육풀기, 충청남도 금산군 남이면 구석리 512-2,대전지방조달청,,2022-08-08
남이면,2018,입식싸이클, 충청남도 금산군 남이면 구석리 512-2,대전지방조달청,,2022-08-08
진산면,2016,"허리돌리기, 공중걷기", 충청남도 금산군 진산면 대둔산로 539,어반스케이프,,2022-08-08
진산면,2016,"허리돌리기, 공중걷기", 충청남도 금산군 진산면 휴양림로 2338 인근,어반스케이프,,2022-08-08
진산면,2016,"허리돌리기, 양팔크게돌리기, 파도타기", 충청남도 금산군 진산면 대둔산로 377,어반스케이프,,2022-08-08
진산면,2016,"허리돌리기, 공중걷기", 충청남도 금산군 진산면 태고사로 587,어반스케이프,,2022-08-08
진산면,2017,"달리기운동, 자전거타기, 파도타기", 충청남도 금산군 진산면 대둔산로 355-3,호진기기,,2022-08-08
진산면,2017,"공중걷기(2), 파도타기, 매달려온몸회전하기", 충청남도 금산군 진산면 하엄정길 9,호진기기,,2022-08-08
진산면,2017,"허리돌리기, 전신운동달리기, 공중걷기", 충청남도 금산군 진산면 살구정길 64,어반스케이프,,2022-08-08
진산면,2017,"양팔크게돌리기, 공중걷기, 역기내리기", 충청남도 금산군 진산면 돌매기길 46 인근,어반스케이프,,2022-08-08
진산면,2017,"달리기운동, 공중걷기, 역기올리기", 충청남도 금산군 진산면 뜬바우길 12 인근,호진기기,,2022-08-08
진산면,2017,"달리기운동, 역기내리기, 큰활자머신, 허리돌리기", 충청남도 금산군 진산면 상엄정길 18-12,호진기기,,2022-08-08
진산면,2017,"양팔크게돌리기, 허리돌리기, 등·허리지압+양팔크게돌리기, 공중걷기+파도타기", 충청남도 금산군 진산면 원묵산길 17,어반스케이프,,2022-08-08
진산면,2018,"작은활차머신, 다리뻗치기+등·허리지압기, 공중걷기+허리돌리기, 달리기운동+큰활차머신", 충청남도 금산군 진산면 부암리 132-1 인근,호진기기,,2022-08-08
진산면,2019,"허리돌리기, 공중걷기, 등기대자전거타기, 양팔밀기", 충청남도 금산군 진산면 을음실길 22,㈜가인조경,,2022-08-08
진산면,2019,"자전거타기+공중걷기, 달리기+입식허리돌리기, 옆으로몸통흔들기+큰팔돌리기, 윗몸일으키기", 충청남도 금산군 진산면 놋종골길 5,㈜가인조경,,2022-08-08
진산면,2019,"자전거타기, 공중걷기, 팔돌리기, 입식허리돌리기", 충청남도 금산군 진산면 교촌1길 39,㈜가인조경,,2022-08-08
진산면,2016,"허리돌리기, 공중걷기", 충청남도 금산군 진산면 목골길 129-1,어반스케이프,,2022-08-08
진산면,2020,"오금펴기, 공중걷기, 파도타기, 상체근육풀기",만악리 784-2(294-2 인근),더 샤인,,2022-08-08
진산면,2020,"오금펴기, 공중걷기, 파도타기, 상체근육풀기",만악리 107-1,더 샤인,,2022-08-08
진산면,2020,"오금펴기, 공중걷기, 파도타기, 상체근육풀기","읍내리 793-12, 795(82-6 인근)",더 샤인,,2022-08-08
진산면,2020,"역기내리기+작은활자머신, 파도타기+공중걷기, 다리뻗치기+등허리지압기, 허리돌리기","삼가리 291-5, 291-4, 498",호진기계 주식회사,,2022-08-08
진산면,2020,"역기내리기+작은활자머신, 파도타기+공중걷기, 다리뻗치기+등허리지압기, 허리돌리기",오항리 307-7,호진기계 주식회사,,2022-08-08
진산면,2020,"역기내리기+작은활자머신, 파도타기+공중걷기, 다리뻗치기+등허리지압기, 허리돌리기",오항리 68,호진기계 주식회사,,2022-08-08
진산면,2020,"공중걷기, 상체근육풀기",묵산리 242-9,주식회사 한양그린파크,,2022-08-08
진산면,2020,"공중걷기, 상체근육풀기",묵산리 45-3(45-2 인근),주식회사 한양그린파크,,2022-08-08
진산면,2020,"달리기+자전거, 오금펴기, 파도타기, 허리돌리기","두지리 162-1, 162-2",주식회사 한양그린파크,,2022-08-08
진산면,2020,"오금펴기, 공중걷기, 파도타기, 상체근육풀기","지방리 273, 341-2(342 인근)",주식회사 한양그린파크,,2022-08-08
진산면,2020,"오금펴기, 공중걷기, 파도타기, 상체근육풀기",지방리 668-1(지방리 412 인근),주식회사 한양그린파크,,2022-08-08
진산면,2020,"오금펴기, 공중걷기, 파도타기, 상체근육풀기",지방리 156-4,주식회사 한양그린파크,,2022-08-08
진산면,2020,"오금펴기, 공중걷기, 파도타기, 상체근육풀기",막현리 380(132 인근),주식회사 한양그린파크,,2022-08-08
복수면,2018,"공중걷기, 상체근육풀기, 레그프레스, 어깨근육풀기, 좌식싸이클", 충청남도 금산군 복수면 용진리 28-11번지,가인조경,,2022-08-08
복수면,2018,"공중걷기, 허리돌리기, 달리기, 역기올리기", 충청남도 금산군 복수면 오곡동길 126,대산체육산업,,2022-08-08
복수면,2019,"공중걷기, 허리돌리기, 어깨근육풀기, 파도타기", 충청남도 금산군 복수면  구례리 65-5,대산체육산업,,2022-08-08
복수면,2019,"공중걷기, 허리돌리기, 어깨근육풀기, 파도타기", 충청남도 금산군 복수면  신대리 362,대산체육산업,,2022-08-08
복수면,2019,"달리기, 발바닥마사지&윗몸일으키기, 옆으로몸통흔들기&큰팔돌리기, 다리밀기", 충청남도 금산군 복수면  지량리 구만길 12,가인조경,,2022-08-08
복수면,2019,"공중걷기, 허리돌리기, 어깨근육풀기, 파도타기", 충청남도 금산군 복수면  백암1길 5,대산체육산업,,2022-08-08
복수면,2019,"공중걷기, 허리돌리기, 어깨근육풀기, 파도타기", 충청남도 금산군 복수면  곡남리 76-1,대산체육산업,,2022-08-08
복수면,2019,"공중걷기, 허리돌리기, 어깨근육풀기, 파도타기", 충청남도 금산군 복수면  곡남길 46,대산체육산업,,2022-08-08
복수면,2020,"윗몸일으키기, 등허리지압기, 하늘걷기, 달리기", 충청남도 금산군 복수면 구례1리 장구봉,하나조경,,2022-08-08
복수면,2020,"큰활차, 달리기, 역기올리기, 자전거", 충청남도 금산군 복수면 운곡길 25,대륙체육산업,,2022-08-08
복수면,2020,"자전거타기, 역기올리기, 달리기", 충청남도 금산군 복수면 다복동길 55,하나조경,,2022-08-08
복수면,2020,"자전거타기, 작은활차, 공중걷기, 다리뻗치기", 충청남도 금산군 복수면 분동길 124,호진기계,,2022-08-08
복수면,2020,"공중걷기, 상체근육풀기, 허리돌리기", 충청남도 금산군 복수면 중두문길5,더샤인,,2022-08-08
복수면,2020,"파도타기, 달리기, 역기올리기, 자전거타기", 충청남도 금산군 두만길 114,하나조경,,2022-08-08
복수면,2020,"달리기, 노젖기, 거꾸리, 자전거타기", 충청남도 수목로 655-12,하나조경,,2022-08-08
복수면,2020,"등허리지압기, 작은활차, 자전거타기, 다리뻩히기", 충청남도 금산군 복수면 문암길 115,호진기계,,2022-08-08
복수면,2020,"공중걷기, 허리돌리기, 달리기, 역기올리기", 충청남도 금산군 복수면 자라전길 58,하나조경,,2022-08-08
복수면,2020,"파도타기, 달리기, 노젓기, 자전거타기", 충청남도 금산군 복수면 용진길 8,하나조경,,2022-08-08
복수면,2020,"공중걷기, 상체근육풀기, 달리기, 다리뻗히기, 등허리지압기, 자전거타기", 충청남도 금산군 복수면 지량리 492-12,하나조경,,2022-08-08
복수면,2020,"역기올리기, 달리기, 자전거타기, 큰활차", 충청남도 금산군 복수면 용진리 627번지,대륙체육산업,,2022-08-08
추부면,2016,"허리돌리기,윗몸일으키기,옆으로몸통흔들기, 앉아자전거타기",충청남도 금산군 추부면 성당1리 435-4,에스엠뷰텍,,2022-08-08
추부면,2016,"바디싣업, 푸시웨이트,턴오버스트레칭",충청남도 금산군 추부면 마전3리407,그린나래,,2022-08-08
추부면,2017,"윗몸일으키기,등허리지압기,마라톤운동,온몸근육풀기, 하늘걷기, 옆파도타기, 온몸허리돌리기",충청남도 금산군 추부면 마전리 564-6,HARU,,2022-08-08
추부면,2018,"어깨근육풀기, 거꾸로매달리기",충청남도 금산군 추부면 마전2리 우수저류시설,가인조경,,2022-08-08
추부면,2018,"상체근육풀기, 거꾸로매달리기, 달리기",충청남도 금산군 추부면 마전리 96-92,가인조경,,2022-08-08
추부면,2019,"앉아서자전거타기, 공중걷기, 달리기, 입식허리돌리기, 옆으로 몸통흔들기, 큰팔돌리기",충청남도 금산군 추부면 장대2리 210-1(숭암로 325),가인조경,,2022-08-08
추부면,2019,허리돌리기,충청남도 금산군 추부면 신평2리(신탑),대산체육산업,,2022-08-08
추부면,2019,"낮아서자전거타기, 옆으로 몸통흔들기",충청남도 금산군 추부면서대1리,가인조경,,2022-08-08
