시설명,주소,기구수량,기구현황,담당부서
안동체육공원,경상남도 김해시 삼안로112번길 20-61 (안동),14,가로하늘타기(1)+다리뻗치기(3)+앉아밀기(1)+온몸허리돌리기(3)+윗몸일으키기(2)+하늘걷기(4),도시개발공사 체육시설관리팀
어방체육공원,경상남도 김해시 어방동 653,13,가로하늘타기(1)+구름다리(1)+다리걸이운동(1)+다리뻗치기(1)+철봉(1)+체조링(1)+팔굽혀펴기(1)+평행봉(1)+하늘걷기(1)+허리돌리기(2)+달리기+윗몸일으키기(1)+하늘걷기+어깨운동(1),도시개발공사 체육시설관리팀
분성체육공원,경상남도 김해시 동상동 분성산 일원,12,가로타기(2)+달리기(1)+양팔줄당기기(1)+어깨운동(1)+역기당기기(1)+역기밀기(1)+온몸노젖기(1)+하늘걷기(2)+허리돌리기(2),도시개발공사 체육시설관리팀
임호체육공원,경상남도 김해시 금관대로1134번길 4 (외동),7,다리뻗치기(1)+마라톤달리기(1)+양팔줄당기기(1)+역기내리기(1)+옆파도타기(1)+하늘걷기(1)+허리돌리기(1),도시개발공사 체육시설관리팀
임호체육공원(쌍용),경상남도 김해시 금관대로1134번길 4 (외동),13,양팔줄당기기(1)+역기들기(1)+스텝터(1)+허리돌리기(1)+역기당기기(1)+가로타기(1)+허리맛사지(2)+팔운동(1)+달리기(1)+온몸노젓기(1)+어깨운동(1)+윗몸일으키기(1),도시개발공사 체육시설관리팀
장유체육공원,경상남도 김해시 대청로 345길 (부곡동),8,가로타기(2)+달리기(1)+양팔줄당기기(2)+자전거타기(1)+하늘걷기(1)+허리돌리기(1),도시개발공사 체육시설관리팀
하키경기장,경상남도 김해시 인제로284번길 15-90 (삼방동),7,가로하늘타기(1)+달리기(1)+복근기르기(1)+앉아당기기(1)+팔관절운동(1)+하늘걷기(1)+허리돌리기(1),도시개발공사 체육시설관리팀
시민체육공원,경상남도 김해시 가야로 245 (구산동),2,달리기+허리돌리기(1)+어깨돌리기+하늘걷기(1),도시개발공사 체육시설관리팀
시민체육공원(사격장),경상남도 김해시 가야로 245 (구산동),10,나무오르기(2)+다리걸기(2)+윗몸일으키기(1)+철봉(1)+팔굽혀펴기(2)+허리돌리기(2),도시개발공사 체육시설관리팀
시민체육공원(암벽장),경상남도 김해시 가야로 245 (구산동),10,나무오르기(2)+다리걸기(2)+윗몸일으키기(1)+철봉(1)+팔굽혀펴기(2)+평행봉(1)+허리돌리기(1),도시개발공사 체육시설관리팀
삼안공원,경상남도 김해시 삼방동 26,7,등허리맛사지(2)+허리운동(2)+하늘걷기(1)+하늘걷기(1)+허리돌리기(3)+좌우파도타기(2)+양팔관절운동(2),공원녹지과
인제공원,경상남도 김해시 삼방동 161-2,2,하늘걷기(2)+허리돌리기(2),공원녹지과
제말공원,경상남도 김해시 삼방동 179-2,2,하늘걷기(2)+스테퍼(2),공원녹지과
문화공원,경상남도 김해시 삼방동 198,3,등허리맛사지(2)+양팔돌리기(2)+허리돌리기(2),공원녹지과
고천공원,경상남도 김해시 삼방동 233,3,스텝퍼(2)+허리돌리기(2)+하늘걷기(2),공원녹지과
신어1공원,경상남도 김해시 삼방동 563-8,3,하늘걷기(1)+노젖기(1)+등허리맛사지(2),공원녹지과
신어2공원,경상남도 김해시 삼방동 992-4,3,노젓기+허리돌리기+하늘걷기(2)+좌우파도타기(2),공원녹지과
신어공원,경상남도 김해시 삼방동 646,5,역기당기기(2)+팔운동(2)+하늘걷기(2)+허리돌리기(2)+스텝퍼(2)+,공원녹지과
삼방공원,경상남도 김해시 삼방동 674-1,7,팔운동(2)+허리운동(1)+윗몸일으키기(2)+역기당기기(2)+좌우파도타기(2)+하늘걷기(2)+허리돌리기(2),공원녹지과
정자공원,경상남도 김해시 삼방동 678-3,6,팔운동(2)+등허리맛사지(2)+양팔줄당기기(2)+하늘걷기(2)+허리돌리기(2)+달리기,공원녹지과
동원공원,경상남도 김해시 삼방동 690-2,3,허리돌리기(2)+스텝퍼(2)+하늘걷기(2),공원녹지과
한일공원,경상남도 김해시 삼방동 691-1,3,등허리맛사지(2)+하늘걷기(2)+허리돌리기(2),공원녹지과
동상2공원,경상남도 김해시 동상동 639-5,3,하늘걷기(2)+달리기(2)+하늘걷기+허리돌리기,공원녹지과
동상3공원,경상남도 김해시 동상동 496-3,3,달리기+양팔줄당기기+윗몸일으키기+좌우파도타기+하늘걷기+허리돌리기,공원녹지과
호계공원,경상남도 김해시 동상동 1103-1,3,달리기+하늘걷기+양팔줄당기기*2+허리돌리기+팔관절운동,공원녹지과
차밭공원,경상남도 김해시 동상동 1109-3,3,달리기+하늘걷기+양팔줄당기기*2+허리돌리기+팔관절운동,공원녹지과
봉우공원,경상남도 김해시 동상동 1122-1,3,달리기+하늘걷기+양팔줄당기기*2+허리돌리기+팔관절운동,공원녹지과
남산공원,경상남도 김해시 부원동 112-3,3,역기밀기(2)+거꾸로매달리기+하늘걷기,공원녹지과
남지공원,경상남도 김해시 부원동 116-5,4,역기밀기(2)+어깨운동(2)+가로타기(2)+달리기,공원녹지과
부원공원,경상남도 김해시 부원동 607-8,2,허리돌리기+윗몸일으키기+하늘걷기+자전거,공원녹지과
다전공원,경상남도 김해시 부원동 619-4,3,하늘걷기(2)+허리돌리기(2)+역기밀어올리기(2),공원녹지과
부원역세권공원,경상남도 김해시 부원동 1053 일원,8,윗몸일으키기+양팔줄당기기+허리돌리기+역기들기+팔관절운동+달리기+좌우파도타기+하늘걷기,공원녹지과
테크노밸리1공원,경상남도 김해시 진례면 고모리 1568-1번지,5,등맛사지기+좌우파도타기+온몸근육풀기+달리기+역기밀기+역기당기기+하늘걷기+노젓기+허리돌리기+윗몸일으키기,공원녹지과
테크노밸리체육공원,경상남도 김해시 진례면 고모리 1581-5번지,6,하늘걷기+노젓기+허리돌리기+윗몸일으키기+역기밀기+역기당기기+달리기+윗몸일으키기+허리돌리기+윗몸일으키기+맛사지기+좌우파도타기,공원녹지과
테크노밸리2공원,경상남도 김해시 진례면 담안리 1565-4번지,5,온몸근육풀기+달리기+역기당기기+역기밀기+노젓기+하늘걷기+맛사지기+좌우파도타기+윗몸일으키기+허리돌리기,공원녹지과
주촌수변공원,경상남도 김해시 주촌면 내삼리 651번지,8,허리돌리기(2)+윗몸일으키기()2)+맛사지기(2)+온몸근육풀기(2)+달리기(2)+하늘걷기(2)+다리뻗치기(2)+거꾸로매달리기,공원녹지과
골든루트2소공원,경상남도 김해시 주촌면 농소리 624-1번지,3,하늘걷기(2)+달리기(2)+역기당기기(2),공원녹지과
골든루트3소공원,경상남도 김해시 주촌면 농소리 631-3번지,3,하늘걷기(2)+달리기(2)+역기당기기(2),공원녹지과
선천지구1호근린,경상남도 김해시 주촌면 선지리 1409,6,맛사지기+허리돌리기(2)+하늘걷기(2)+역기당기기+평행봉,공원녹지과
선천지구2호근린,경상남도 김해시 주촌면 천국리 1547,3,온몸근육풀기+역기당기기+평행봉+하늘걷기,공원녹지과
선천지구3호근린,경상남도 김해시 주촌면 선지리 1512,7,온몸근육풀기(2)+역기당기기+평행봉+역기당기기+평행봉+허리돌리기+하늘걷기+좌우파도타기+양팔줄당기기,공원녹지과
선천지구5호근린,경상남도 김해시 주촌면 선지리 1453,3,허리돌리기+하늘걷기+온몸근육풀기,공원녹지과
생림공원,경상남도 김해시 생림면 봉림리 630번지,12,맛사지기(2)+달리기(2)+역기당기기(2)+하늘걷기(2)+노젓기(2)+철봉(3)+좌우파도타기(2)+허리돌리기(2)+다리뻗치기(2)+역기밀기(2)+윗몸일으키기(2)+거꾸로매달리기(1),공원녹지과
장방A공원,경상남도 김해시 한림면 장방리 1955-5번지,4,온몸근육풀기(2)+허리돌리기(3)+거꾸로매달리기+노젓기,공원녹지과
상동매리이주단지,경상남도 김해시 상동면 매리 400-5번지,8,허리돌리기(2)+달리기(2)+하늘걷기(2)+온몸근육풀기(2)+좌우파도타기(2)+좌우파도타기(2)+역기당기기(2)+상체돌리기(2),공원녹지과
산정공원,경상남도 김해시 삼정동 46-5,3,노젓기(2)+맛사지기(2)+허리돌리기+하늘걷기,공원녹지과
유신공원,경상남도 김해시 삼정동 75-1,7,허리돌리기(2)+맛사지기(2)+온몸근육풀기(2)+다리뻗치기(2)+달리기+하늘걷기+거꾸로매달리기,공원녹지과
복음공원,경상남도 김해시 삼정동 99-1,7,좌우파도타기(2)+하늘걷기(2)+허리돌리기(2)+온몸근육풀기(2)+철봉(3)+달리기+맛사지기,공원녹지과
삼정공원 ,경상남도 김해시 삼정동 593-6,8,팔관절운동+달리기+하늘걷기+허리돌리기+자전거+좌우파도타기+좌우파도타기(2)+허리돌리기(2)+온몸근육풀기+양팔줄당기기+역기밀기(2)+다리뻗치기(2),공원녹지과
화인공원,경상남도 김해시 삼정동 600-11,5,달리기+다리뻗치기+양팔줄당기기(2)+하늘걷기(2)+허리돌리기(2)+윗몸+좌우파도타기,공원녹지과
활천공원,경상남도 김해시 삼정동 605-4,5,역기당기기(2)+맛사지기(2)+좌우파도타기(2)+양팔줄당기기+좌우파도타기+하늘걷기+허리돌리기,공원녹지과
삼중공원,경상남도 김해시 삼정동 639-5,4,하늘걷기(2)+허리돌리기(2)+양팔줄당기기+윗몸일으키기+영기당기기+역기밀기,공원녹지과
삼성공원,경상남도 김해시 삼정동 643-4,2,하늘걷기(2)+허리돌리기(2),공원녹지과
소방공원,경상남도 김해시 삼정동 654-5,3,자전거(2)+허리돌리기(2)+달리기(2),공원녹지과
동사공원,경상남도 김해시 삼정동 658-5,2,하늘걷기+허리돌리기+좌우파도타기+양팔줄당기기,공원녹지과
남경공원,경상남도 김해시 어방동 364-1,5,허리돌리기92)+팔굽혀펴기(2)+스트레칭+매달리기+윗몸일으키기,공원녹지과
덕숭공원,경상남도 김해시 어방동 507-4,7,윗몸일으키기(2)+허리돌리기(2)+평행봉+렛풀다운+버터플라이+체스트프레스+레그익스텐스,공원녹지과
주공공원,경상남도 김해시 어방동 721-7,4,하늘걷기(2)+허리돌리기(2)+자전거+달리기+양팔줄당기기+역기당기기,공원녹지과
송림공원,경상남도 김해시 어방동 1090,3,허리돌리기(2)+좌우파도타기(2)+하늘걷기,공원녹지과
해금공원,경상남도 김해시 어방동 1103-3,3,달리기+양팔줄당기기+운몸근육풀기+팔관절돌리기+허리돌리기+하늘걷기,공원녹지과
삼부공원,경상남도 김해시 어방동 1109-4,3,하늘걷기(2)+허리돌리기(2)+양팔줄당기기+좌우파도타기,공원녹지과
공단공원,경상남도 김해시 어방동 1114-6,5,양팔줄당기기+윗몸일으키기+허리돌리기(2)+팔관절돌리기+온몸근육풀기+달리기+맛사지기+하늘걷기+좌우파도타기,공원녹지과
자성공원,경상남도 김해시 어방동 1129-17,3,달리기+양팔줄당기기+좌우파도타기+자전거+달리기+허리돌리기,공원녹지과
불암이주단지공원,경상남도 김해시 불암동 229-50,6,허리돌리기(3)+윗몸일으키기(2)+온몸근육풀기(2)+거꾸로매달리기+달리기+하늘걷기,공원녹지과
지내공원,경상남도 김해시 지내동 311-15,4,양팔줄당기기+윗몸일으키기+역기당기기+역기밀기+노젓기+하늘걷기+맛사지기+좌우파도타기+윗몸일으키기+허리돌리기,공원녹지과
유민공원,경상남도 김해시 전하동 453,5,좌우파도타기+다리뻗치기. 하늘걷기+허리돌리기+역기당기기+역기밀기+양팔줄당기기+턱걸이+하늘걷기+달리기,공원녹지과
비비추공원,경상남도 김해시 흥동 45-3,3,허리돌리기(2)+하늘걷기+달리기,공원녹지과
한걸음공원,경상남도 김해시 흥동 53-2,-,리모델링 중,공원녹지과
아이뜰공원,경상남도 김해시 흥동 56-5,4,허리돌리기(3)+역기밀기(2)+하늘걷기+철봉(3),공원녹지과
창의뜰공원,경상남도 김해시 흥동 415-7,3,하늘걷기+허리돌리기(3)+맛사지기(2),공원녹지과
풍유1공원,경상남도 김해시 풍유동 887,2,허리돌리기(2)+맛사지기(2),공원녹지과
해님공원,경상남도 김해시 이동 112-10,4,하늘걷기+양팔줄당기기+윗몸일으키기+다리뻗치기+역기밀기+온몸근육풀기+평행봉,공원녹지과
방울공원,경상남도 김해시 이동 186-3,3,자전거+달리기+역기밀기+역기당기기+허리돌리기+하늘걷기,공원녹지과
애기나리공원,경상남도 김해시 화목동 487-2,3,자전거+달리기+역기당기기+역기밀기+하늘걷기+허리돌리기,공원녹지과
동심공원,경상남도 김해시 화목동 585-6,3,다리뻗치기+허리돌리기+자전거+하늘걷기+윗몸일으키기+양팔줄당기기,공원녹지과
바람개비공원,경상남도 김해시 화목동 703-3,2,양팔줄당기기+좌우파도타기+하늘걷기+허리돌리기,공원녹지과
아이공원,경상남도 김해시 화목동 1053-3,6,자전거+허리돌리기+양팔줄당기기(2)+좌우파도타기(2)+하늘걷기(2)+허리돌리기(2),공원녹지과
두곡공원,경상남도 김해시 삼계동 산183-4,4,윗몸일으키기+좌우파도타기+하늘걷기+양팔줄당기기+달리기+양팔운동+허리돌리기,공원녹지과
삼계근린공원,경상남도 김해시 삼계동 32,18,온몸근육풀기(2)+레그익스텐스+노젓기+역기밀기92)+달리기+허리돌리기(2)+허리돌리기(2)+허리돌리기(3)+윗몸일으키기(2)+철봉(2)+온몸근육풀기(2)+좌우파도타기(2)+평행봉+달리기+온몸근육풀기+좌우파도타기+달리기+하늘걷기+하전거+허리돌리기,공원녹지과
화정공원,경상남도 김해시 삼계동 1437,6,허리돌리기+달리기+역기당기기+평행봉+역기밀기+온몸근육풀기+좌우파도타기+양팔줄당기기+다리뻗기+윗몸일으키기+하늘걷기+양팔운동,공원녹지과
수리공원,경상남도 김해시 삼계동 1520-7,7,철봉(3)+달리기+자전거+윗몸일으키기+허리돌리기+양팔운동+온몸근육풀기+하늘걷기+양팔운동+역기당기기+평행봉+허리돌리기+달리기,공원녹지과
초롱별공원,경상남도 김해시 삼계동 1410-3,3,온몸근육풀기(2)+맛사지(2)+달리기,공원녹지과
나눔공원,경상남도 김해시 삼계동 1423,4,달리기+양팔줄당기기+하늘걷기+허리돌리기+좌우파도타기+윗몸일으키기+자전거+하늘걷기,공원녹지과
달개비공원,경상남도 김해시 삼계동 1428-3,8,다리뻗기(2)+온몸근육풀기(2)+맛사지(2)+양팔줄당기기(2)+좌우파도타기(2)+하늘걷기(2)+허리돌리기(2)+달리기(2)+자전거(2),공원녹지과
띠앗공원,경상남도 김해시 삼계동 1438-1,4,좌우파도타기(2)+달리기+하늘걷기,공원녹지과
한마음공원,경상남도 김해시 삼계동 1439-3,9,맛사지기(2)+좌우파도타기(2)+달리기+허리돌리기+하늘걷기+양팔운동+허리돌리기+노젓기+온몸근육풀기+역기밀기+양팔줄당기기+하늘걷기+허리돌리기+달리기+달리기 ,공원녹지과
희망공원,경상남도 김해시 삼계동 1459-5,3,좌우파도타기(2)+맛사지기(2)+달리기,공원녹지과
참나리공원,경상남도 김해시 삼계동 1492-2,3,좌우파도타기(2)+하늘걷기+달리기,공원녹지과
매정공원,경상남도 김해시 삼계동 1504-2,2,맛사지기(2)+온몸근육풀기(2),공원녹지과
미리내공원,경상남도 김해시 삼계동 1515-1,3,철봉(3)+하늘걷기+달리기+양팔운동+허리돌리기,공원녹지과
삼어지구공원2,경상남도 김해시 삼정동 449-1,3,역기밀기(2)+양팔운동(2)+좌우파도타기(2),공원녹지과
부봉지구공원1,경상남도 김해시 봉황동966,3,양팔운동(2)+다리뻗기(2)+맛사지기(2),공원녹지과
부봉지구공원2,경상남도 김해시 봉황동916,3,하늘걷기(2)+맛사지기(2)+온몸근육풀기(2),공원녹지과
서김해공원A,경상남도 김해시 풍유동1002-8,4,양팔줄당기기+좌우파도타기+자전거+달리기+윗몸일으키기+좌우파도타기+하늘걷기+허리돌리기,공원녹지과
서김해공원B,경상남도 김해시 명법동1121-1,3,허리돌리기+하늘걷기+달리기+양팔운동+좌우파도타기+윗몸일으키기,공원녹지과
진영공원,경상남도 김해시 진영리 396,7,허리돌리기(3)+윗몸일으키기(2)+역기밀기(2)+하늘걷기+달리기+철봉+철봉,공원녹지과
진영역사공원,경상남도 김해시 진영리 275-34,9,달리기+맛시지+역기당기기+평행봉+양팔줄당기기+하늘걷기+역기당기기(2)+윗몸일으키기+다리뻗기+좌우파도타기+허리돌리기+철봉(3)+자전거(2)+자전거(2),공원녹지과
장등바람공원,경상남도 김해시 진영리 1282-1,5,온몸근육풀기(2)+파워프레스+역기당기기+스탠드업+맛사지+좌우파도타기+온몸근육풀기+하늘걷기(2),공원녹지과
진산어린이공원,경상남도 김해시 진영리1363-1,5,맛사지기+스탠드업+달리기(2)+좌우파도타기+온몸근육풀기+다리뻗기(2)+풀웨이트(2),공원녹지과
수홍공원,경상남도 김해시 진영리 1557,3,좌우파도타기(2)+허리돌리기(3)+달리기,공원녹지과
주천공원,경상남도 김해시 진영리 1586-13,6,철봉(2)+철봉(3)+헐디ㅗㄹ리기(2)+윗몸일으키기(2)+스트레칭+스트레칭,공원녹지과
서어지공원,경상남도 김해시 진영리 1614-4,11,허리돌리기(2)+허리돌리기(2)+철봉(3)+윗몸일으키기(2)+철봉(2)+허리돌리기(3)+평행봉+매달리기+좌우파도타기+거꾸로매달리기+하늘걷기,공원녹지과
서재골어린이공원,경상남도 김해시 진영리 1701-7,4,양팔운동+운몸근육풀기+좌우파도타기+양팔운동+자전거,공원녹지과
정창골어린이공원,경상남도 김해시 진영리 1707,5,역기밀기(2)+온몸근육풀기+양팔줄당기기+발맛사지+다리뻗기+좌우파도타기,공원녹지과
오리방어린이공원,경상남도 김해시 진영리 1718,3,좌우파도타기+온몸근육풀기+맛사지기+스탠드업+파워프레스+풀웨이트,공원녹지과
주호공원,경상남도 김해시 진영리 1754,12,맛사지기(2)+달리기(2)+다리뻗기(2)+역기밀기(2)+역기당기기(20+양팔줄당기기+달리기+발맛사지기+다리뻗기+자전거+핸드사이클+자전거+좌우파도타기,공원녹지과
본산공원,경상남도 김해시 진영리 1758,9,양팔운동+온몸근육풀기+하늘걷기+좌우파도타기+역기밀기(2)+역기당기기+허리달리기+벤치프레스+허리돌리기+허리돌리기+자전거+자전거,공원녹지과
동어지곡류공원,경상남도 김해시 진영리 1777,5,달리기양팔운동+역기밀기(2)+역기당기기+허리돌리기+하늘걷기+좌우파도타기,공원녹지과
납작개어린이공원,경상남도 김해시 진영리1796,6,역기당기기(2)+역기밀기(2)+다리뻗기(2)+달리기(2)+다리뻗기+맛사지기,공원녹지과
금병공원,경상남도 김해시 여래리 793,13,좌우파도타기(2)+허리돌리기(3)+역기당기기(2)+철봉(2)+윗몸일으키기(2)+양팔운동+달리기+하늘걷기+허리돌리기+자전거+달리기+맛사지기(2)+양팔운동(2)+거꾸로매달리기+하늘걷기+달리기,공원녹지과
대창들공원,경상남도 김해시 여래리 992,5,자전거+허리돌리기+허리돌리기+온몸근육풀기+양팔운동,공원녹지과
야시골공원,경상남도 김해시 여래리 996,6,양팔운동+달리기+역기밀기(2)+양팔운동+온몸근육풀기+자전거+자전거+허리돌리기,공원녹지과
용성어린이공원,경상남도 김해시 본산리 1551,6,하늘걷기(2)+좌우파도타기(2)+다리운동(2)+맛사지기(2)+허리돌리기+허리돌리기,공원녹지과
구지공원,경상남도 김해시 구산동 248-12,3,윗몸일으키기+하늘걷기+좌우파도타기+허리돌리기+양팔돌리기+달리기,공원녹지과
새동네공원,경상남도 김해시 구산동 281,5,양팔줄당기기+달리기+자전거+좌우파도타기+허리돌리기+하늘걷기+양팔돌리기(2)+하늘걷기(2),공원녹지과
목화골공원,경상남도 김해시 구산동 311,3,달리기+좌우파도타기(2)+허리돌리기(3),공원녹지과
구주공공원,경상남도 김해시 구산동322,5,달리기(2)+허리돌리기+맛사지기+양팔돌리기(2)+양팔줄당기기+하늘걷기,공원녹지과
구산제5공원,경상남도 김해시 구산동 407,4,달리기+하늘걷기+맛사지기+윗몸일으키기+턱길이+줄당기기+양팔돌리기+허리돌리기,공원녹지과
구산제4공원,경상남도 김해시 구산동 416,3,허리돌리기+하늘걷기+좌우파도타기+온몸근육풀기+평행봉+팔굽혀펴기+벤치프레스+윗몸일으키기+줄타기+허리돌리기+철봉,공원녹지과
구산제3공원,경상남도 김해시 구산동 430-1,5,허리돌리기(2)+윗몸일으키기(2)+양팔줄당기기(2)+달리기+좌우파도타기+양팔줄당기기+하늘걷기,공원녹지과
구름송이공원,경상남도 김해시 구산동 1061,6,좌우파도타기(2)+하늘걷기+달리기+철봉(2)+윗몸일으키기+스트레칭,공원녹지과
도드리공원,경상남도 김해시 구산동 1073,1,허리돌리기(2),공원녹지과
남산바위공원,경상남도 김해시 구산동 1078,2,평행봉(2)+윗몸일으키기(2),공원녹지과
연지공원,경상남도 김해시 내동 106-1,5,평행봉+노젓기(2)+역기당기기(2)+맛사지기(2)+하늘걷기(2),공원녹지과
홍익공원,경상남도 김해시 내동 130-6,3,양팔돌리기+하늘걷기+허리돌리기+달리기+허리돌리기+달리기,공원녹지과
수인공원,경상남도 김해시 내동 144,13,하늘걷기+달리기+좌우파도타기(2)+양팔돌리기(2)+허리돌리기(3)+허리돌리기(2)+노젓기+허리돌리기+자전거(2)+하늘걷기+양팔돌리기+맛사지기(2)+달리기+맛사지기+윗몸일으키기+다리뻗기,공원녹지과
내동공원,경상남도 김해시 내동 170,7,윗몸일으키기+다리뻗기+양팔돌리기+역기밀기+양팔돌리기+하늘걷기+평행봉+온몸근육풀기(2)+맛사지(2)+허리돌리기(2),공원녹지과
우암공원,경상남도 김해시 내동 1073-1,3,양팔돌리기(2)+달리기(2)+역기당기기(2),공원녹지과
선학공원,경상남도 김해시 내동 1109-1,2,하늘걷기(2)+허리돌리기(2),공원녹지과
애기등공원,경상남도 김해시 내동 1115-1,3,역기밀기+역기당기기+허리돌리기+하늘걷기+자전거+달리기,공원녹지과
거북공원,경상남도 김해시 내동 1116-2,14,달리기(2)+허리돌리기(3)+좌우파도타기(2)+역기당기기(2)+양팔돌리기(2)+철봉(3)+평행봉+양팔줄당기기+철봉+달리기+하늘걷기+윗몸일으키기(2)+허리+양팔돌리기+맛사지기+양팔돌리기+좌우파도타기+다리뻗기,공원녹지과
소바우공원,경상남도 김해시 내동 1125-1,-,리모델링 중,공원녹지과
다솔공원,경상남도 김해시 내동 1132-1,8,달리기(2)+윗몸일으키기(2)+역기당기기(2)+하늘걷기(2)+좌우파도타기(2)+양팔돌리기(2)+허리돌리기(2)+양팔줄당기기(2),공원녹지과
해반공원,경상남도 김해시 내동 1137-1,8,하늘걷기+좌우파도타기(2)+달리기+맛사지기(2)+철봉(3)+스트레칭+윗몸일으키기+팔굽혀펴기,공원녹지과
가야공원,경상남도 김해시 내동 1146-3,9,매달리기+팔굽혀펴기(2)+스트레칭+스트레칭+윗몸일으키기(2)+윗몸일으키기+허리돌리기(2)+철봉(3)+평행봉,공원녹지과
공주공원,경상남도 김해시 내동 1146-7,5,역기밀기+온몸근육풀기+역기당기기+평행봉+윗몸일으키기+다리뻗기+허리돌리기+달리기+양팔줄당기기+하늘걷기,공원녹지과
지성공원,경상남도 김해시 외동 674-1,2,허리돌리기(2)+맛사지기(2),공원녹지과
은하공원,경상남도 김해시 외동 696-7,3,하늘걷기(2)+좌우파도타기(2)+허리돌리기(2),공원녹지과
경운공원,경상남도 김해시 외동 707,10,달리기+달리기+자전거+온몸근육풀기(2)+역기밀기(2)+윗몸일으키기(2)+하늘걷기(2)+좌우파도타기(2)+윗몸일으키기(2)+허리돌리기(2)+윗몸일으키기+벤치프레스,공원녹지과
파랑공원,경상남도 김해시 외동 1202-1,3,달리기+하늘걷기+허리돌리기(3),공원녹지과
함박공원,경상남도 김해시 외동 1205,5,양팔줄당기기+달리기+좌우파도타기+양팔줄당기기+맛사지기(2)+하늘걷기(2)+허리돌리기(2),공원녹지과
거인공원,경상남도 김해시 외동 1228,3,좌우파도타기+허리돌리기+맛사지기+달리기+하늘걷기+온몸근육풀기,공원녹지과
봉명공원,경상남도 김해시 외동 1249-3,4,양팔줄당기기(2)+좌우파도타기(2)+허리돌리기(2)+하늘걷기(2),공원녹지과
한주공원,경상남도 김해시 외동 1250-2,3,하늘걷기(2)+허리돌리기(2)+좌우파도타기(2),공원녹지과
서광공원,경상남도 김해시 외동 1260-4,3,양팔줄당기기(2)+허리돌리기+양팔돌리기+하늘걷기+달리기,공원녹지과
나비공원,경상남도 김해시 외동 1261-7,5,허리돌리기(2)+맛사지기(2)+하늘걷기(2)+윗몸일으키기(2)+역기밀기(2),공원녹지과
흥부공원,경상남도 김해시 외동 1261-10,5,온몸근육풀기(2)+달리기+하늘걷기+좌우파도타기(2)+허리돌리기(3),공원녹지과
외동1단지공원,경상남도 김해시 외동 1368,2,허리돌리기(3)+양팔돌리기(2),공원녹지과
관동 3대 쉼터,경상남도 김해시 관동동 162-16,3,허리돌리기+하늘걷기1+가로타기+양팔줄당기기1+자전거+온몸근육돌리기,공원녹지과
덕정초 옆,경상남도 김해시 관동동 452-2,3,달리기+팔관절운동(1)+하늘걷기+자전거타기(1)+가로타기(1),공원녹지과
장유 관동마을 쉼터,경상남도 김해시 관동동 460-3,5,허리돌리기+하늘걷기(1)+달리기+양팔줄당기기(1)+자전거+가로타기(1)+역기밀기+역기당기기(1)+어깨운동+윗몸일으키기(1),공원녹지과
신안계곡쉼터,경상남도 김해시 관동동 산121-2 일원,7,걷기+다리근육풀기(1)+공중걷기+어깨근육풀기(1)+마라톤+옆파도타기(1)+온몸근육풀기+어깨근육풀기(1)+허리지압+등지압(1)+허리돌리기+온몸돌리기(1),공원녹지과
외덕마을 쉼터,경상남도 김해시 내덕동 38-40,3,철봉(1)+평행봉(1)+윗몸일으키기(1),공원녹지과
감천마을 쉼터,경상남도 김해시 대동면 대감리 234-11,2,가로타기+양팔1+하늘걷기+자전거1 ,공원녹지과
덕산마을쉼터,경상남도 김해시 대동면 덕산리 630-2,2,가로타기+양팔줄당기기1+하늘걷기+자전거1 +,공원녹지과
시례 마을쉼터,경상남도 김해시 대동면 예안리 749-5,5,허리돌리기(1)+가로타기(1)+양팔줄당기기(1) +하늘걷기(1)+허리마사지(1),공원녹지과
신정마을 쉼터,경상남도 김해시 대동면 초정리 1020-9,8,허리돌리기(1)+가로타기(1)+온몸근육운동(1)+팔굽혀펴기(1)+자전거타기(1)+달리기(1)+허리돌리기(1)+다리뻗치기(1),공원녹지과
안막마을 쉼터,경상남도 김해시 대동면 초정리 85-16 외 2필지,2,가로타기+양팔1+하늘걷기+자전거1,공원녹지과
안막3구쉼터,경상남도 김해시 대동면 초정리 952-570,2,가로타기+양팔(1)+하늘걷기+자전거(1) ,공원녹지과
봉황동 주민쉼터,경상남도 김해시 봉황동 223-40,2,하늘걷기+허리돌리기(1)+가로타기+팔관절(1),공원녹지과
봉황동 쌈지공원,경상남도 김해시 봉황동 270-7,2,다리뻗치기+온몸근육(1)+가로타기(1),공원녹지과
대동피렌치 1~2단지,경상남도 김해시 부곡동 1157-2,3,하늘걷기+허리돌리기(1)+가로타기(1)+달리기+팔운동(1),공원녹지과
대동피렌치 2~3단지,경상남도 김해시 부곡동 1157-5,2,달리기+양팔운동(1)+하늘걷기+허리돌리기(1),공원녹지과
부영15차옆녹지대,경상남도 김해시 부곡동 1165-3,5,허리돌리기+하늘걷기(1)+하늘걷기+자전거(1)+가로타기+양팔운동(1)+달리기+팔관절(1)+하늘걷기+등허리지압(1),공원녹지과
월산부영4단지옆녹지대,경상남도 김해시 부곡동 1167-1,4,허리돌리기+하늘걷기(1)+하늘걷기+자전거(1)+가로타기+양팔운동(1)+달리기+팔관절(1),공원녹지과
월산부영18차옆녹지대,경상남도 김해시 부곡동 800-2,3,자전거+하늘걷기(1)+가로타기+자전거(1)+하늘걷기팔관절(1) ,공원녹지과
도심속 작은숲속쉼터,경상남도 김해시 부곡동 801-1 ,9,3단철봉(1)+허리돌리기(1)+평행봉(1)+윗몸일으키기(1)+스트레칭로라(1)+체어웨이트(1) 크로스컨트리(1)+트윈바다싣업(1)+워밍암(1),공원녹지과
부곡마을 쉼터 ,경상남도 김해시 부곡동 802-1,8,2인복근기르기(1)+허리돌리기(1)+허리맛사지기(1)+달리기(1)+평행봉(1)+철봉(1)+역기밀기+역기당기기(1)+자전거타기+팔관절운동(1),공원녹지과
장유녹지대,경상남도 김해시 부곡동 806-4,4,트윈바다싣업(1)+롤링웨이스트(1)+크로스컨트리(1)+트윈트위스트(1),공원녹지과
월산주공옆녹지대,경상남도 김해시 부곡동 881-6,4,허리돌리기+하늘걷기(1)+하늘걷기+자전거(1)+가로타기+양팔운동(1)+달리기+팔관절(1),공원녹지과
부곡녹지대,"경상남도 김해시 부곡동 부영18차,19차",8,3인패밀리(2)+하늘걷기+허리돌리기(1) +가로타기+팔관절(1)+온몸근육+팔관절(1)+가로타기+양팔(1)+가로타기+허리돌리기(1)+자전거+팔관절(1),공원녹지과
장유녹지대,경상남도 김해시 부곡동 석봉초등학교앞,3,달리기+팔관절(1)+가로타기+윗몸(1)+하늘걷기+등마사지(1),공원녹지과
경동아파트뒤 소공원,경상남도 김해시 부원동 20-9 일원,3,허리돌리기+하늘걷기(1)+하늘걷기+자전거(1)+가로타기+양팔운동(1),공원녹지과
불암동소공원,경상남도 김해시 불암동 88-10,4,허리돌리기+하늘걷기(1)+가로타기+팔관절(1)+자전거+가로타기(1)+역기밀기+역기당기기(1),공원녹지과
감분마을 쉼터,경상남도 김해시 삼계동 1374 감분마을회관앞,3,허리돌리기(1)+오금펴기(1)+팔굽혀펴기(1),공원녹지과
북부녹지쉼터,경상남도 김해시 삼계동 1411-5 외 3필지,5,2인용 허리돌리기(1)+어깨근육풀기(1)+온몸허리돌리기(1)+자전거(1)+하늘걷기(1),공원녹지과
삼계 소공원(기념식수),경상남도 김해시 삼계동 767-1외 8필지,3,바디싣업(1)+스트레칭롤러(1)+트리플트위스트(1),공원녹지과
삼방경관녹지,경상남도 김해시 삼방동 194-1,3,가로타기(1)+하늘걷기(1)+윗몸일으키기(1),공원녹지과
삼방경관녹지,경상남도 김해시 삼방동 195,3,허리돌리기(1)+역기당기기(1)+하늘걷기(1),공원녹지과
삼안동공공용지소공원 ,경상남도 김해시 삼방동 20-9 경아빌라 뒤,3,허리돌리기+하늘걷기(1)+달리기+팔관절(1)+자전거+가로타기(1),공원녹지과
삼방경관녹지,경상남도 김해시 삼방동 244,2,하늘걷기+허리돌리기(1)+가로타기+팔관절(1),공원녹지과
활천동쉼터,경상남도 김해시 삼정동 129-1,2,트윈트위스트(1)+롤링웨이스트(1),공원녹지과
전산마을쉼터,경상남도 김해시 삼정동 565 외 1필지,3,허리돌리기+하늘걷기(1)+달리기+팔관절(1)+자전거+가로타기(1),공원녹지과
감노마을쉼터,경상남도 김해시 상동면 감노리 324-25,4,허리돌리기+하늘걷기(1)+달리기+팔관절(1)+가로타기+자전거(1)+가로타기+양팔운동(1),공원녹지과
상동대감소공원,경상남도 김해시 상동면 대감리 463-3,5,다리뻗치기(1)+자전거타기(1)+윗몸일으키기(1)+등맛사지(1)+허리돌리기(1),공원녹지과
묵방마을 쉼터,경상남도 김해시 상동면 묵방리 953-2,2,가로타기+허리돌리기(1)+자전거+팔관절(1),공원녹지과
광재마을 쉼터,"경상남도 김해시 상동면 우계리 1228,1227",4,하늘걷기(1)+허리돌리기(1)+가로타기(1)+역기밀기+역기당기기(1),공원녹지과
우계마을 쉼터,경상남도 김해시 상동면 우계리 1376-6,3,허리돌리기+하늘걷기(1)+온몸근육풀기+팔관절(1)+가로타기+양팔운동(1),공원녹지과
소락마을 쉼터,경상남도 김해시 상동면 우계리 204-2,3,트윈트위스트(1)+롤링웨이스트(1)+풀웨이트(1),공원녹지과
윗소락마을쉼터,경상남도 김해시 상동면 우계리 801,2,허리돌리기+하늘걷기(1)+역기올리기+다리뻗치기(1),공원녹지과
도요마을 쉼터,경상남도 김해시 생림면 도요리 240,2,하늘걷기+허리돌리기(1)+가로타기+팔관절(1),공원녹지과
양지마을쉼터,경상남도 김해시 생림면 도요리 689-9,3,하늘걷기(1)+허리돌리기(1)+온몸근육(1),공원녹지과
생림 미래숲,경상남도 김해시 생림면 마사리 1249-1 일원,5,양팔줄당기기+자전거1+달리기+하늘걷기1+자전거+윗몸일으키기1+양팔줄당기기+가로타기1+하늘걷기+허리돌리기1,공원녹지과
봉림정자쉼터,경상남도 김해시 생림면 봉림리 1262-3,3,온몸역기내리기+온몸근유풀기(1)+공중걷기+옆파도타기(1)+허리돌리기+등지압기(1),공원녹지과
학산마을 쉼터 ,경상남도 김해시 생림면 봉림리 474-1,3,하늘걷기+허리돌리기(1)+가로타기+팔관절(1)+역기밀기+역기당기기(1),공원녹지과
하사촌마을 쉼터,경상남도 김해시 생림면 사촌리 476-2,3,하늘걷기+허리돌리기(1)+가로타기+팔관절(1)+양팔줄당기기+자전거(1),공원녹지과
경동마을 쉼터,"경상남도 김해시 생림면 생림리 444, 950-2",2,하늘걷기+허리돌리기(1)+가로타기+팔관절(1),공원녹지과
무척산시민의숲,경상남도 김해시 생림면 생철리 158,4,허리돌리기+하늘걷기(1)+달리기+팔관절(1)+가로타기+양팔운동(1)+하늘걷기+자전거(1),공원녹지과
성포마을사랑의쉼터,"경상남도 김해시 생림면 생철리 994-1,2",3,가로타기(1)+하늘걷기(1)+허리돌리기(1),공원녹지과
선곡마을 쉼터,경상남도 김해시 생림면 안양로156번길21,2,하늘걷기+허리돌리기(1)+가로타기+팔관절(1),공원녹지과
안양마을 쉼터,경상남도 김해시 생림면 안양리 528-1,2,하늘걷기+허리돌리기(1)+가로타기+팔관절(1),공원녹지과
생림창암마을쉼터,경상남도 김해시 생림면 안양리 819-3,3,하늘걷기+허리돌리기(1)+가로타기+양팔운동(1)+자전거+자전거(1),공원녹지과
안금마을쉼터,경상남도 김해시 생림면 인제로 694번길 5,2,하늘걷기+양팔줄당기기(1)+가로타기+허리돌리기(1),공원녹지과
쌍용예가뒷소공원,경상남도 김해시 신문동 쌍용예가아파트 뒷 소공원,9,하늘걷기+허리돌리기(2)+가로타기+자전거타기(2)+팔운동+어깨운동(2)+달리기+자전기(1)+가로타기+윗몸일으키기(1)+하늘걷기+줄당기기(1),공원녹지과
어방녹지대,경상남도 김해시 어방동 1045-1,5,하늘걷기(1)+가로타기(1)+허리돌리기(1)+역기당기기(1)+물구나무서기(1),공원녹지과
어방녹지대,경상남도 김해시 어방동 1071,3,허리돌리기+하늘걷기(1)+달리기+팔관절(1)+자전거+가로타기(1),공원녹지과
어방녹지대,경상남도 김해시 어방동 1076,4,허리돌리기(1)+역기당기기(1)+하늘걷기(1)+윗몸일으키기(1),공원녹지과
어방녹지대,경상남도 김해시 어방동 1076번지,4,레그프레스1+워밍암1+스트레칭로러1+롤링웨이스트1,공원녹지과
어방동 소공원,경상남도 김해시 어방동 520-7,3,가로타기+허리돌리기1+하늘걷기+양팔줄당기기1+자전거+등맛사지1,공원녹지과
미소지움아파트뒤 소공원,경상남도 김해시 어방동 723,5,달리기(1)+양팔줄당기기(1)+가로타기(1)+윗몸일으키키(1)+어깨돌리기(1),공원녹지과
후포마을쉼터,경상남도 김해시 유하동 25-3 ,3,윗몸일으키기(1)+하늘걷기(1)+허리돌리기(1),공원녹지과
율하녹지대,경상남도 김해시 율하동 1403-1,3,하늘걷기+허리돌리기1+가로타기+자전거타기1+등맛사지+팔관절1,공원녹지과
태정마을 쉼터,경상남도 김해시 응달동 672,3,허리돌리기(1)+가로타기(1)+하늘걷기(1),공원녹지과
전하동 배수펌프장 앞,경상남도 김해시 전하동 1225-1,3,앉아다리밀기+양팔줄당기기1+어깨운동+허리돌리기1+노젓기+등맛사지1,공원녹지과
전하1통 마을회관,경상남도 김해시 전하동 341,4,가로타기+하늘걷기1+역기밀기+앉아다리밀기1+달리기+허리돌리기1+어깨운동+양팔줄당기기1,공원녹지과
시민의숲,경상남도 김해시 전하동 945 외 1,8,역기올리기+다리뻗치기(1)+하늘걷기+허리돌리기(1)+옆파도타기+마라톤(1)+역기내리기+온몸근육풀기(1)+평행봉+자유철봉(1)+하늘걷기+옆파도타기(1)+다리뻗치기+허리돌리기(1),공원녹지과
주촌 농소리 마을회관 앞,경상남도 김해시 주촌면 농소리 646,3,양팔줄당기기+앉아다리밀기1+하늘걷기+가로타기1+역기밀기+역기당기기1,공원녹지과
덕암마을쉼터,경상남도 김해시 주촌면 덕암리 446-1,3,가로타기+허리돌리기1+하늘걷기+양팔줄당기기1+다리안자밀기+등맛사지1,공원녹지과
망덕마을쉼터,경상남도 김해시 주촌면 망덕리 884-1,4,가로타기+양팔줄당기기1+달리기+팔관절1+하늘걷기+허리돌리기1+역기밀기+역기당기기1,공원녹지과
가곡마을 쉼터,경상남도 김해시 주촌면 양동리 258-1,2,온몸역기내리기+온몸근유풀기(1)+공중걷기+옆파도타기(1),공원녹지과
주촌게이트볼장내,경상남도 김해시 주촌면 천곡리 208,3,가로타기+양팔줄당기기1+자전거+온몸근육1+허리돌리기+하늘걷기1,공원녹지과
지내동소공원,경상남도 김해시 지내동 520 일원,4,허리돌리기+하늘걷기(1)+역기올리기+다리뻗치기(1)+자전거+가로타기(1)+거꾸로 매달리기(1),공원녹지과
고모마을 쉼터,경상남도 김해시 진례면 고모리 296-2,2,허리돌리기(1)+달리기(1),공원녹지과
개동마을 쉼터,경상남도 김해시 진례면 담안리 103-1 주변,2,허리돌리기+하늘걷기(1)+양팔줄당기기+등마사지(1),공원녹지과
진레 용전마을,경상남도 김해시 진례면 서부로860번길 67,3,크로스컨트리(1)+롤링웨이스트(1)+터닝트위스트(1),공원녹지과
진례 신월마을,경상남도 김해시 진례면 서부로886번길 12,3,크로스컨트리(1)+롤링웨이스트(1)+터닝트위스트(1),공원녹지과
진례 오룡마을,경상남도 김해시 진례면 송현리 40-3,2,가로타기+자전거1+하늘걷기+다리앉아밀기1,공원녹지과
진례평지마을,경상남도 김해시 진례면 신안리 1047-13,2,하늘걷기+허리돌리기(1)+가로타기+팔관절(1),공원녹지과
진례 신안마을,경상남도 김해시 진례면 신안리 457-1,1,허리돌리기+하늘걷기(1),공원녹지과
신월마을쉼터,경상남도 김해시 진례면 신월리 620-31,4,가로타기+양팔(1)+하늘걷기+허리돌리기(1)+하늘걷기+팔관절(1)+하늘걷기+등마사지(1),공원녹지과
진례 초전마을,경상남도 김해시 진례면 진례로 102,3,허리돌리기(1)+하늘걷기(1)+온몸근육운동(1),공원녹지과
진례 청천마을,경상남도 김해시 진례면 청천리 789-5,3,가로타기+허리돌리기1+하늘걷기+양팔줄당기기1+다리안자밀기+등맛사지1,공원녹지과
본산마을 쉼터,경상남도 김해시 진영읍 본산리 719-1일원,6,가로타기+양팔(1)+가로타기+자전거(1)+가로타기+윗몸일으키기(1)+하늘걷기+등마사지(1)+하늘걷기+자전거(1)+하늘걷기+허리돌리기(1),공원녹지과
외촌마을쉼터,경상남도 김해시 진영읍 서부로 224-19,2,허리돌리기+하늘걷기(1)+자전거+가로타기(1),공원녹지과
설창마을 쉼터,경상남도 김해시 진영읍 설창리 614,1,가로타기+양팔줄당기기1,공원녹지과
한빛도서관옆쉼터,경상남도 김해시 진영읍 여래로19번길 10-3,5,마라톤+등허리(1)+온몸역기내리기+자유평행봉(1)+온몸역기올리기+온몸근육풀기(1)+옆 파도타기+양팔줄당기기(1) +허리돌리기+허리돌리기1,공원녹지과
죽곡체육휴게 쉼터,경상남도 김해시 진영읍 죽곡리 2-1,4,철봉(1)+윗몸일으키기(1)+허리돌리기(1)+역기올리기(1),공원녹지과
상룡마을 쉼터,경상남도 김해시 진영읍 진영로454번길159,2,온몸허리돌리기(1)+허리돌리기(1),공원녹지과
서구1동 마을쉼터,경상남도 김해시 진영읍 진영리 385-5 서구1동회관,1,하늘걷기+양팔줄당기기1,공원녹지과
하계마을쉼터,경상남도 김해시 진영읍 하계리 81-2 ,3,크로스컨트리(1)+롤링웨이스트(1)+터닝트위스트(1),공원녹지과
한림가동마을쉼터,경상남도 김해시 한림면 가산리 186-7,4,허리돌리기+하늘걷기(1)+달리기+팔관절(1)+자전거+가로타기(1)+줄당기기+등맛사지(1),공원녹지과
정촌마을쉼터,경상남도 김해시 한림면 금곡리 513-1,3,크로스컨트리(1)+롤링웨이스트(1)+터닝트위스트(1),공원녹지과
한림통일동산,경상남도 김해시 한림면 명동리 1156-10,2,하늘걷기+허리돌리기(1)+가로타기+팔관절(1),공원녹지과
범곡마을 쉼터,경상남도 김해시 한림면 병동리 781,2,하늘걷기+허리돌리기(1)+가로타기+팔관절(1),공원녹지과
망천2구쉼터,경상남도 김해시 한림면 신천리 216-17,3,자전거+하늘걷기(1)+양팔줄당기기+가로타기(1)+양팔운동+달리기(1),공원녹지과
안하공단 쉼터,경상남도 김해시 한림면 안하리 2004-1,5,가로하늘타기(1)+복근기르기(1) +온몸허리돌리기(1)+평행봉(1)+하늘걷기(1),공원녹지과
안하마을 쉼터,경상남도 김해시 한림면 안하리 376,2,하늘걷기+자전거(1)+가로타기+양팔(1),공원녹지과
한림용덕마을쉼터,경상남도 김해시 한림면 용덕237번길 74,2,하늘걷기+허리돌리기(1)+양팔줄당기기+등마사지(1),공원녹지과
한림경전선옆쉼터,경상남도 김해시 한림면 장방리 1253-91,4,다리뻗치기(1)+허리돌리기(1)+하늘걷기(1)+역기올리기(1) - 전량 철거,공원녹지과
한림신봉마을쉼터,경상남도 김해시 한림면 장방리 1317-7,2,하늘걷기+허리돌리기(1)+가로타기+자전거(1),공원녹지과
장방농협옆쉼터,경상남도 김해시 한림면 장방리 336-7,3,허리돌리기+하늘걷기(1)+달리기+팔관절(1)+자전거+가로타기(1),공원녹지과
한림장재마을쉼터,경상남도 김해시 한림면 장재로 191,1,하늘걷기+허리돌리기(1),공원녹지과
낙산마을 쉼터,경상남도 김해시 한림면 한림로 115,1,허리돌리기(1),공원녹지과
시산마을쉼터,경상남도 김해시 한림면 한림로640번길 24-12 시산마을회관,2,허리돌리기(1)+양팔줄당기기기(1),공원녹지과
가산마을 쉼터,경상남도 김해시 한림면 한림로909번길 39-9,3,허리돌리기(1)+팔관절운동(1)+윗몸일으키기(1),공원녹지과
흥동쌈지공원,경상남도 김해시 흥동 306-4,4,자전거+허리돌리기(1)+옆파도타기+온몸근육풀기(1)+하늘걷기+앉아당기기(1)+등허리지압+어깨들어올리기(1),공원녹지과
서부지구소공원,경상남도 김해시 흥동 30-9,3,허리돌리기+하늘걷기(1)+역기올리기+다리뻗치기(1)+옆파도타기+역기내리기 (1),공원녹지과
흥동소공원,경상남도 김해시 흥동 408-3,3,허리돌리기(1)+온몸근육풀기(1)+하늘걷기(1),공원녹지과
흥동 1통 마을쉼터,경상남도 김해시 흥동 680-2,3,가로타기+허리돌리기1+하늘걷기+양팔줄당기기2,공원녹지과
경운산P049,경상남도 김해시 수인사~해맞이데크,4,철봉(1)+허리돌리기(1)+평행봉(1)+윗몸일으키기(1),산림과
경운산P019,경상남도 김해시 내동중학교~경운산 정상,25,윗몸일으키기(5)+역기올리기(2)+평행봉(1)+철봉(3)+당기기(1)+허리돌리기(6)+오금당기기(2)+하늘걷기(3)+마라톤운동(1)+ 파도타기(1),산림과
경운산P057,경상남도 김해시 주촌고개~주공아파트 뒤편,7,역기대(1)+역기올리기(1)+평행봉(1)+철봉(1)+윗몸일으키기(1)+허리돌리기(1)+윗몸일으키기(1),산림과
경운산P021,경상남도 김해시 장신대학교~경운산 정상,40,허리돌리기(1)+팔운동(1)+가로타기(1)+앉아다리밀기(2)+앉아당기기(1)+복근기르기(3)+다리올리기(1)+윗몸일으키기(5)+등허리지압기(1)+평행봉(4)+팔굽혀펴기(1)+구름사다리(1)+거꾸로매달리기(1)+옆파도타기(1)+자전거타기(1)+어깨근육풀기(1)+마라톤운동(1)+철봉(2)+허리돌리기(3)+그네(1)+하늘걷기(2)+당기기(1)+온몸역기올리기(1)+역기대(2)+밧줄타기(1),산림과
금병산P004,경상남도 김해시 여래고개~정상~동창원IC하우스토리,24,윗몸일으키기(4)+등어깨마사지(1)+하늘걷기(1)+평행봉(2)+허리돌리기(3)+팔굽혀펴기(1)+역기대(1),산림과
금병산P023,경상남도 김해시 금산사~정상~베네스빌라,27,철봉(5)+역기올리기(1)+윗몸일으키기(4)+공중뛰기(1)+허리돌리기(1)+마라톤운동(1)+역기대(1)+팔굽혀펴기(2)+구름사다리(1)+오금펴기(1)+평행봉(1)+다리올리기(1),산림과
금병산P021,경상남도 김해시 찬새내골우표전시관~금병산정상,3,하늘달리기(1)+하늘걷기(1)+등허리지압기(1),산림과
백두산P025,경상남도 김해시 대동초교~정상~원명사,23,역기대(2)+링매달리기(2)+철봉(1)+윗몸일으키기(5)+거꾸로매달리기(2)+허리돌리기(3)+마사지롤(2)+평행봉(1)+역기들기(1)+역기올리기(1)+하늘타기(2)+양팔줄당기기 (1),산림과
백두산P022,경상남도 김해시 육형제소나무,5,링매달리기(1)+등허리마사지(1)+허리돌리기(2)+거꾸로매달리기(1),산림과
봉화산P024,경상남도 김해시 한림 장방~봉화산 정상~한림 가산,15,등허리지압기(2)+철봉(4)+온몸근육풀기(2)+어깨근육풀기(2)+마라톤운동(2)+평행봉+허리돌리기(2),산림과
봉화산P043,경상남도 김해시 한림 장방~대통령의 숲길 ,5,등허리지압기(1)+철봉(1)+온몸근육풀기(1)+어깨근육풀기(1)+하늘마라톤(2),산림과
분성산,경상남도 김해시 분성산생태숲,6,달리기(1)+하늘걷기(1)+가로타기(1)+어깨운동(1)+허리돌리기(1)+자전거타기(1),산림과
분성산P210,경상남도 김해시 천문대 인근,15,하늘걷기(1)+허리돌리기(1)+가로타기(1)+어깨운동(1)+레그익스텐션(1)+체스트프레스(1)+버터플라이(1)+랫풀다운(1)+숄더프레스(1)+윗몸일으키기(1)+암컬머신(1)+벤치프레스(1)+평행봉(1)+3단철봉(1)+하이풀리머신(1),산림과
분성산P220,경상남도 김해시 게이트볼장~천문대방향,12,윗몸일으키기(1)+팔굽혀펴기(2)+매달리기(1)+3단철봉(1)+줄당기기(1)+가로타기(1)+어깨돌리기(1)+하늘걷기(1)+오금펴기대(1)+벤치프레스(1)+허리돌리기(1),산림과
"분성산P139, P147",경상남도 김해시 성조암,23,체스트프레스(1)+버터플라이(1)+레그익스텐션(1)+하이풀리머신(1)+역기밀기(1)+달리기(1)+복합운동기구(1)+벤치프레스(3)+평행봉(1)+윗몸일으키기(2)+팔굴혀펴기(1)+허리돌리기(1)+역기들어세우기(1)+매달리기(1)+다리스트레칭기(3)+2단철봉(1)+철봉(1)+구름사다리(1),산림과
분성산P160,경상남도 김해시 남재골,10,벤치프레스(2)+하늘걷기(1)+허리돌리기(1)+온몸어깨밀기(1)+철봉(1)+줄당기기(1)+달리기(1)+평행봉(1)+윗몸일으키기(1)+,산림과
분성산P165,경상남도 김해시 서재골약수터,18,가로타기(2)+하늘걷기(1)+윗몸일으키기(1)+어깨스트레칭기(1)+철봉(1)+허리돌리기(1)+하늘걷기(1)+윗몸일으키기(1)+앉아다리밀기(2)+달리기(2)+노젓기(1)+온몸역기밀기(1)+온몸역기내리기(1)+자전거타기(1)+팔관절운동(1),산림과
분성산P117,경상남도 김해시 만장대,20,철봉(2)+벤치프레스(2)+허리돌리기(1)+하늘걷기(1)+달리기(1)+온몸역기밀기(1)+평행봉(1)+윗몸일으키기(3)+허리돌리기(1)+다리스트레칭(1)+철봉(1)+오금펴기대(1)+레그익스텐션(1)+버터플라이(1)+체스트프레스(1)+랫풀다운(1),산림과
신어산P042,경상남도 김해시 신어산 산림욕장(은하사방면~정상~동림사방면),11,허리돌리기(1)+마라톤운동(1)+공중걷기(2)+노젓기(2)+어깨유연운동(1)+달리기(1)+로프당기기(1)+오금당기기(1)+등허리지압기(1),산림과
신어산P087,경상남도 김해시 하키장~김해대학,15,마라톤운동(2)+역기대(2)+오금올리기(1)+허리돌리기(2)+철봉(1)+평행봉(1)+온몸근육풀기(1)+거꾸로매달리기(1)+윗몸일으키기(1)+역기내리기(1)+공중걷기(1)+파도타기(1),산림과
신어산P150,경상남도 김해시 안동체육공원~불암장어마을,33,평행봉(3)+철봉(1)+윗몸일으키기(1)+노젓기(1)+가로하늘타기(3)+거꾸로매달리기(1)+허리돌리기(3)+팔굽혀펴기(1)+마라톤운동(1)+팔돌리기(1)+앉아역기올리기(1)+앉아역기들기(1)+역기대(2)+기구거치대(1) 등,산림과
임호산P021,경상남도 김해시 일동 한신아파트~함박산 정상,19,역기밀기(1)+하늘걷기(1)+허리돌리기(1)+윗몸일으키기(1)+허리돌리기(1)+벤치프레스(2)+윗몸일이크기(1)+철봉(1)+스트레칭기(2)+평행봉(1)+아령(1)+역기들기(1),산림과
작약산P002,경상남도 김해시 생림면 생철리 성포마을회관~구천암~풍혈지,4,허리돌리기(1)+역기대(1)+윗몸일으키기(1)+평행봉(1),산림과
황새봉,경상남도 김해시 주촌양동~냉정고개 입구,12,윗몸일으키기(3)+철봉(3)+역기대(2)+허리돌리기(2)+팔굽혀펴기(1)+오금당기기(1),산림과
칠산P011,경상남도 김해시 조만강~마찰교~칠산방면,11,다리뻗치기(1)+철봉(1)+온몸근육풀기(1)+역기올리기(1)+윗몸일으키기(1)+하늘걷기(1)+옆파도타기(1)+허리돌리기(1)+오금당기기(1)+로프당기기(1)+평행봉(1),산림과
천곡산성P002,경상남도 김해시 주촌 농협~황룡사~천곡이팝나무,6,철봉(2)+허리돌리기(1)+윗몸일으키기(1)+팔굽혀펴기(1)+평행봉(1),산림과
시랑산P001,경상남도 김해시 진영제일고등학교 뒤편,12,윗몸일으키기(2)+매달리기(1)+평행봉(1)+철봉(1)+팔굽혀펴기(1)+허리돌리기(1)+역기대(2)+오금당기기(2)+복부근력운동(1),산림과
주촌 석칠마을 뒷산,경상남도 김해시 주촌면 서부로1070번안길 172-14,3,윗몸일으키기(1)+평행봉(1)+오금당기기(1),산림과
진례 신기마을 뒷산,"경상남도 김해시 신기마을, 송정마을 뒷산",19,평행봉(2)+허리돌리기(2)+매달리기(2)+구름사다리(1)+달리기(1)+오금펴기(2)+무릎펴기(1)+역기대(2)+철봉(1)+윗몸일으키기(2)+오르고내리기(1)+하늘걷기(1)+팔굽혀펴기(1),산림과
황새봉P019,경상남도 김해시 양동산성  임도변,4,달리기(1)+팔관절운동(1)+가로타기(1)+양팔줄당기기(1),산림과
대동생태체육공원(대동선착장),경상남도 김해시 대동면 초정리 54-12,5,크로스컨트리(1)+체어플(1)+풀웨이트(1)+체어웨이트(1)+워밍암(1),하천과
대동생태체육공원(체육광장),경상남도 김해시 대동면 조눌리 38-1,10,트윈바디싯업(1)+풀웨이트(1)+크로스컨트리(1)+체어플(1)+워밍암(1)+스트레칭로라(1)+스텝사이클(1)+레그스트레치(1)+롤링웨이스트(1)+체어웨이트(1),하천과
대동생태체육공원(잔디광장),경상남도 김해시 대동면 조눌리 16-12,4,크로스컨트리(1)+체어풀(1)+체어웨이트(1)+워밍암(1),하천과
대동생태체육공원,경상남도 김해시 대동면 월촌리 12,2,체어웨이트(1)+크로스컨트리(1),하천과
대동생태체육공원(금관가야B),경상남도 김해시 대동면 월촌리 12,5,크로스컨트리(1)+체어플(1)+풀웨이트(1)+체어웨이트(1)+워밍암(1),하천과
대동생태체육공원(금관가야강변),경상남도 김해시 대동면 월촌리 289,6,크로스컨트리(1)+체어플(1)+풀웨이트(1)+체어웨이트(1)+워밍암(1)+트윈바디싯업(1),하천과
대동생태체육공원(대동면덕산리),경상남도 김해시 대동면 덕산리 118-2,4,달리기(0.5)+팔운동(0.5)+하늘걷기(1)+자전거타기(0.5)+가로타기(0.5)+자전거타기(0.5)+허리돌리기(0.5),하천과
매리야구장공원,경상남도 김해시 상동면 매리 14-2,6,달리기(1)+2단철봉(1)+노젓기(1)+윗몸일으키기(1)+허리돌리기(1)+파도타기(1),하천과
화현강변공원,경상남도 김해시 상동면 감노리 116-1,6,허리돌리기(1)+파도타기(1)+윗몸일으키기(1)+달리기(1)+2단철봉(1)+노젓기운동(1),하천과
감노강변공원,경상남도 김해시 상동면 감노리 264-72,6,허리돌리기(1)+파도타기(1)+윗몸일으키기(1)+달리기(1)+2단철봉(1)+노젓기운동(1),하천과
달무리수변공원B,경상남도 김해시 상동면 감노리 679-23,6,허리돌리기(1)+파도타기(1)+윗몸일으키기(1)+달리기(1)+2단철봉(1)+노젓기운동(1),하천과
달무리수변공원A,경상남도 김해시 상동면 여차리 59,6,허리돌리기(1)++윗몸일으키기(1)+노젓기운동(1)/ 달리기(1)+2단철봉(1)+파도타기(1) ,하천과
도요강변공원,경상남도 김해시 생림면 도요리 313-3,6,파도타기(1)+노젓기운동(1)+오금펴기(1)+공중걷기(1)+크로스컨트리(1)+허리돌리기(1),하천과
딴섬강변공원,경상남도 김해시 생림면 마사리 1370-2,5,파도타기(1)+윗몸일으키기(1)+어께유연성운동(1)+허리돌리기(1)+공중걷기(1),하천과
솔뫼생태공원,경상남도 김해시 한림면 시산리 506,6,스트레칭로라(1)+롤링웨이스트(1)+크로스컨트리(1)+꺼꾸리(1)+체어풀(1)+트윈워밍암(1),하천과
한림배수장공원,경상남도 김해시 한림면 시산리 122-2,6,양팔줄당기기(1)+가로타기(1)+자전거타기(1)+하늘걷기(1)+팔운동(1)+달리기(1),하천과
해반천,경상남도 김해시 강동 411,3,3단철봉+평행봉.가로타기,하천과
해반천,경상남도 김해시 전하동 60-1 ,6,윗몸일으키기+허리돌리기+역기올리기+2단철봉+달리기+다리뻗치기 (갯수:6),하천과
해반천,경상남도 김해시 구산동 1052-3 (구지마을 동원아파트),4,윗몸일으키기+옆파도타기+온몸돌리기+허리지압기 (갯수:4),하천과
해반천,경상남도 김해시 구산동 1008-12 (구산동 돼지국밥 맞은편),4,윗몸일으키기+옆파도타기+온몸돌리기+허리지압기 (갯수:4),하천과
해반천,경상남도 김해시 내동 1131 (문화의 전당 맞은편),5,허리돌리기+작은활차+구름걷기+앉아다리밀기+윗몸일으키기 (갯수:5),하천과
해반천,경상남도 김해시 구산동 218-3 (국립 박물관 앞),2,역기들러올리기+마라톤운동 (갯수:2),하천과
해반천,경상남도 김해시 내동 1-1 (현대 아파트 맞은편),5,윗몸일으키기+앉아다리밀기+구름걷기+작은활차+하리돌리기 (갯수:5),하천과
해반천,경상남도 김해시 봉황동 453-2 (백조 빌라 맞은편),2,철봉+평행봉+윗몸일으키기(2),하천과
해반천,경상남도 김해시 외동 123-2 (신세계 미치과 맞은편),5,윗몸일으키기+앉아다리밀기+구름걷기+허리돌리기+작은활차 (갯수:5),하천과
해반천,경상남도 김해시 봉황동 125-5 (봉황초교 맞은편),5,평행봉+파도타기+그네+허리돌리기+윗몸일키기(갯수:5),하천과
대청천,경상남도 김해시 무계동 307-1 (무계교 인근 아남 아파트 맞은편),11,허리돌리기(2)+큰활차+달리기+말타기+역기밀기+당기기+가로타기+윗몸일으키기 3단철봉+크로스스윙 (갯수:11),하천과
대청천,경상남도 김해시 대청동 823-4 (대청2교 밑 수변공원),3,허리돌리기+가로타기+달리기+하늘걷기 (갯수:3),하천과
신어천,경상남도 김해시 삼방동 679-1 삼방우체국 맞은편,15,거꾸로매달리기+체어풀(2인용)+달리기운동+하체흔들기+체스트프레스(2인용)+입식헬스싸이클+공중걷기+레그프레스(2인용)+온몸근육풀기+양팔줄당기기+윗몸일으키기+허리돌리기,하천과
대포천,경상남도 김해시 상동면대감리711-3,6,마라톤운동+옆파도타기(2인용)+온몸역기올리기(2인용)+하늘걷기(갯수:6개),하천과
대포천,경상남도 김해시 상동면대감리 1210-1,6,팔돌리기(2인용)+허리돌리기(2인용)+역기내리기(2인용),하천과
화포천,경상남도 김해시 진례면송정리 1177-13,12,파도타기(2인용)+상체근육풀기(2인용)공중걷기(2인용)+허리돌리기(2인용)+달리기운동(2인용)+등허리지압기(2인용),하천과
가마실공원,경상남도 김해시 부곡동 881-4,9,다라뻗히기(1)+마라톤(1)+하늘걷기(1)+온몸역기(1)+온몸근육풀기(1)+온몸허리돌리기(1)+거꾸로매달리기(1)+양팔줄당기기(2),생활지원과
무지개공원,경상남도 김해시 부곡동 801-7,3,윗몸일으키기(1)+가로타기(1)+허리돌리기(1),생활지원과
장구공원,경상남도 김해시 부곡동 805-3,3,하늘걷기(1)+원그리기(1)+말타기(1),생활지원과
알로기공원,경상남도 김해시 부곡동 1157-4,3,스텝싸이클(1)+크로스컨트리(1)+트리폴트위스트(1),생활지원과
산돌림공원,경상남도 김해시 부곡동 1162-2,6,온몸역기올리기(1)+온몸근육풀기(1)+앉아들어올리기(1)+윗몸일으키기(1)+허리돌리기(1)+마라톤(1),생활지원과
율하체육공원,경상남도 김해시 관동동 1123-1,8,윗몸일으키기(1)+이중평행봉(1)+3단철봉(1)+허리펴기(2)+등치기(3),생활지원과
반룡산공원,경상남도 김해시 관동동 산59-1일원,5,어깨유연성운동(1)+등허리지압기(1)+공중걷기(1)+허리돌리기(1)+파도타기(1),생활지원과
덕정공원,경상남도 김해시 관동동 421-1,6, 하늘걷기(1)+온몸허리돌리기(1)+윗몸일으키기(1)+양팔줄당기기(1)+허리돌리기(1)+평행봉(1),생활지원과
정자나무공원,경상남도 김해시 관동동 448-7,7,트리스트머신(1)+워킹트레이닝머신(1)+체스터업머신(1)+스윙워킹머신(1)+체스터풀머신(1)+서핑컬머신(1)+등허리지압기(1),생활지원과
관동고분공원,경상남도 김해시 관동동 460-1,5,등허리지압기(1)+온몸역기올리기(1)+온몸허리돌리기(1)+마라톤운동(1)+하늘걷기(1),생활지원과
맞담공원,경상남도 김해시 관동동 452-8,3,다리버티기(1)+온몽근육풀기(1)+온몸허리돌리기(1),생활지원과
도담공원,경상남도 김해시 관동동 434,3,트위스트머신(1)+스핑롤링머신(1)+스윙워킹머신(1),생활지원과
죽림공원,경상남도 김해시 관동동 1105-3,3,몸통돌리기(1)+윗몸일으키기(1)+철봉(1),생활지원과
화촌공원,경상남도 김해시 관동동 1075-7,5,가로타기(1)+달리기(1)+허리돌리기(1)+윗몸일츠키기(1)+매달리기(1),생활지원과
바위공원,경상남도 김해시 내덕동 223-4,6,윗몸일으키기(1)+가로타기(1)+매달려굽히기(1)+달리기(1)+앉아허리돌리기(1)+하늘걷기(1),생활지원과
젤미공원,경상남도 김해시 삼문동 695,8,하늘걷기(1)+온몸역기내리기(1)+온몸역기올리기(1)+등허리지압기(1)+온몸노젖기(1)+마라톤운동(1)+온몸근육풀기(1)+온몸허리돌리기(1),생활지원과
솜다리공원,경상남도 김해시 삼문동 62-13,4,원그리기(1)+가로하늘타기(1)+앉자밀기(1)+허리돌리기(1),생활지원과
단비공원,경상남도 김해시 삼문동,3,트윈트위스트(1)+체어웨이트(1)+레거프레스(1),생활지원과
개미공원,경상남도 김해시 삼문동 582-1,8,윗몸일으키기(1)+가로타기(1)+하늘걷기(1)+허리돌리기(1)+자전거타기(1)+가로타기(1)+달리기(1)+양팔줄당기기(1),생활지원과
수우공원,경상남도 김해시 삼문동 583-2,3,온몸허리돌리기(1)+하늘걷기(1)+어깨근육풀기(1),생활지원과
대청공원,경상남도 김해시 대청동 299,3,철봉(1)+평행봉(1)+윗몸일으키기(1),생활지원과
수변공원,경상남도 김해시 대청동 364일원,11,3단철봉(1)+이중평행봉(1)+허리돌리기(3)+하늘걷기(1)+가로타기(1)+윗몸일으키기(1)+팔운동(1)+복근기르기(1)+팔굽혀펴기(1),생활지원과
청미래공원,경상남도 김해시 대청동 320-3,3,마라톤(1)+윗몸일으키기(1)+철봉(1),생활지원과
또바기공원,경상남도 김해시 대청동 321-3,5,어깨근육풀기(1)+마라톤(1)+하늘걷기(1)+옆파도타기(1)+등허리지압기(1),생활지원과
솔바람공원,경상남도 김해시 대청동 335-5,4,위밍암(1)+롤링웨이트스(1)+크로스컨트리(1)+트리플트위스트(1),생활지원과
참샘공원,경상남도 김해시 대청동 331,3,옆파도타기(1)+온몽허리돌리기(1)+하늘걷기(1),생활지원과
희망공원,경상남도 김해시 대청동 산69-8,26,꺼꾸리(1)+허리돌리기(5)+오래매달리기(3)+복근기르기(1)+허리맛사지기(1)+가로하늘타기(3)+앉아밀기(1)+앉아밀어주기(1)+앉아당기기(1)+달리기(1)+하늘걷기(1)+원숭이 걷기(1)+역기(1)+윗몸일으키기(2)+팔굽혀펴기(2)+평행봉(1),생활지원과
율하천공원,경상남도 김해시 율하동 1407일원,19,어깨유연성운동(1)+윗몸일으키기(2)+하늘걷기(3)+평행봉(3)+허리돌리기(2)+등허리운동(2)+3단철봉(2)+등지압기(1)+어깨돌리기(1)+팔굽혀펴기(1)+체조링(1),생활지원과
학교가는길 구관동,경상남도 김해시 율하동 1410일원,11,허리돌리기(3)+철봉(1)+윗몸일으키기(1)+평행봉(1)+가로타기(1)+팔운동(1)+달리기(1)+어깨운동(1)+하늘걷기(1),생활지원과
학교가는길 신리,경상남도 김해시 율하동 1420일원,11,윗몸일으키기(2)+등허리운동(2)+평행봉(2)+허리돌리기(1)+매달리기(1)+철봉(2)+몸통돌리기(1),생활지원과
수남공원,경상남도 김해시 율하동 1308-9,3,윗몸일으키기(1)+원통허리운동(1)+평행봉(1),생활지원과
고인돌공원,경상남도 김해시 율하동 1428,4,윗몸일으키기(2)+등허리운동(1)+허리돌리기(1),생활지원과
유적공원,경상남도 김해시 율하동 1350-2일원,8,허리운동(1)+팔근육운동(1)+하늘걷기(2)+달리기(1)+등지압기(2)+자전거타기(1),생활지원과
돌마루공원,경상남도 김해시 무계동 156-4,3,마라톤(1)+몸허리돌리기(1)+하늘걷기(1),생활지원과
능동공원,경상남도 김해시 삼문동 62-8,5,등허리지압기(1)+온몸역기올리기(1)+온몸허리돌리기(1)+달리기(1)+하늘걷기(1),생활지원과
반룡산공원,경상남도 김해시 관동동 산 59-1,6,철봉(1)+등허리지압기(1)+파도타기(1)+하늘걷기(1)+허리돌리기(1)+어깨근육풀기(1),생활지원과
신리공원,경상남도 김해시 율하동 1425,4,허리돌리기(2)+윗몸일으키기(1)+평행봉(1),생활지원과
내룡마을 쉼터,경상남도 김해시 진영읍 내룡리 781-1,2,하늘걷기(1)+달리기+양팔운동(1),진영읍
용전마을회관,경상남도 김해시 신용리 521-9,2,역기당기기(1)+달리기+양팔운동(1),진영읍
여래2마을회관,경상남도 김해시 진영로214번길 15,3,런닝머신(1)+벨트마사지기(1)+헬스자전거(1),진영읍
여래2마을회관,경상남도 김해시 진영로214번길 15,4,런닝머신(1)+트레드밀TV거치대(1) 입식헬스싸이클(1)+벨트마사지기(1),진영읍
광대현마을 쉼터,경상남도 김해시 김해대로157번길 11,3,사이클런(1)+좌식헬스싸이클(1)+벨트마사지기(1),진영읍
금봉마을 쉼터,경상남도 김해시 본산2로 110번길 21,3,하늘걷기(1)+싸이드파도타기(1)+허리돌리기(1),진영읍
등리마을회관,경상남도 김해시 의전리 47-1,4,어깨관절운동(1)+허리마사지기(1)+하늘타기(1)+허리돌리기(1),진영읍
공정1마을 쉼터,경상남도 김해시 여래리 221-2,3,좌식싸이클(1)+입식싸이클(1)+벨트마사지기(1),진영읍
신동마을 쉼터,경상남도 김해시 진영리 632-25 ,2,좌식싸이클(1)+벨트마사지기(1),진영읍
밀포마을 마을쉼터,경상남도 김해시 진산대로177번길  121-2,2,좌식싸이클(1)+벨트마사지기(1),진영읍
동구2 마을쉼터,경상남도 김해시 동남로41번길 149,2,좌식싸이클(1)+벨트마사지기(1),진영읍
본산마을 쉼터,경상남도 김해시 진영읍 본산리 719-1일원,2,좌식싸이클(1)+벨트마사지기(1),진영읍
북구1마을쉼터,경상남도 김해시 여래로20번길 69-8,2,다리뻗치기+허리돌리기(1)+싸이드파도타기(1),진영읍
용성마을 쉼터,경상남도 김해시 본산로193번길 20-11,2,런닝머신(1)+좌식자전거(1),진영읍
본산마을 쉼터,경상남도 김해시 진영읍 본산리 719-1일원,1,덜덜이(1),진영읍
밀포마을 쉼터,경상남도 김해시 진산대로177번길  121-2,4,어깨근육풀기(1)+등허리지압기(1)+허리돌리기(1)+마라톤달리기(1),진영읍
유목마을 쉼터,경상남도 김해시 죽곡리 342-3,4,런닝머신(1)+좌식싸이클(1)+멜트마사지기(1)+트위스트(1),진영읍
동선마을체육시설,경상남도 김해시 주촌면 동선길 34,10,하늘걷기(1)+자전거타기(1)+가로타기(1)+어깨운동(1)+허리돌리기(1)+허리맛사지(1)+팔운동(1)+앉아다리밀기(1)+온몸노젓기(1)+역기밀기(1),주촌면
양동마을 체육시설,경상남도 김해시 주촌면 양동리 332-1,4,허리돌리기(1)+온몸근육풀기+양팔줄당기기(1)+달리기운동기구(1)+공중걷기(1),주촌면
망덕마을 체육시설,경상남도 김해시 주촌면 망덕리439,4,철봉(1)+평행봉(1)+허리돌리기(1)+윗몸일으키기(1),주촌면
주촌게이트볼장,경상남도 김해시 천곡리 208,3,허리돌리기+하늘걷기(1)+양팔줄당기기+가로타기(1)+어깨운동+자전거타기(1),주촌면
신답마을 체육시설 ,경상남도 김해시 망덕리 884-1,4,허리돌리기+하늘걷기(1)+역기밀기+역기당기기(1)+달리기+팔운동(1)+양팔줄당기기+가로타기(1),주촌면
산월마을 팔각정,경상남도 김해시 진례면 송정리 812-4,3,허리돌리기(1)+어깨운동기(1)+하늘걷기(1),진례면
평지마을회관,경상남도 김해시 진례면 평지길  279-13,9,작은활차머신(1)+스윙워커머신(1)+워킹트레이너머신(1)+트위스트머신(1)+큰활차머신(1)+체스트풀머신(1)+싣업머신(1)+레그프레스머신(1)+체스트업머신(1),진례면
초전마을회관,경상남도 김해시 진례면 진례로 102,3,온몸근육풀기(1)+온몸허리돌리기(1)+하늘걷기(1),진례면
용전마을회관,경상남도 김해시 진례면 서부로 860-67,3,트윈트위스트(1)+롤링웨이스트(1)+크로스컨트리(1),진례면
산본마을회관,경상남도 김해시 진례면 서부로 958-8,3,하늘걷기(1)+달리기(1)+앉아달리밀기(1),진례면
신월마을회관,경상남도 김해시 진례면 서부로 885번길 19,3,롤링웨이스트(1)+크로스컨트리(1)+롤링웨이스트(1),진례면
중리마을회관,경상남도 김해시 진례면 고모로 59번길 26,3,허리돌리기(1)+달리기(1)+하늘걷기(1),진례면
학성마을회관,경상남도 김해시 진례면 고모로 146번길 34,3,어깨운동(1)+하늘걷기(1)+허리돌리기(1),진례면
강변마을회관,경상남도 김해시 진례면 송현로 177번길 25,3,어깨운동(1)+역기밀기(1)+허리돌리기(1),진례면
오룡마을회관,경상남도 김해시 진례면 고모로 324번안길 56-2,3,양팔줄당기기(1)+어깨운동(1)+허리돌리기(1),진례면
담안마을회관,경상남도 김해시 진례면 고모로 324번길 103-5,3,허리돌리기(1)+달리기(1)+하늘걷기(1),진례면
하평마을회관,경상남도 김해시 진례면 고모로 327번길 54,3,허리돌리기(1)+달리기(1)+하늘걷기(1),진례면
상평마을회관,경상남도 김해시 진례면 고모로 353-11,3,허리돌리기(1)+어깨운동기(1)+하늘걷기(1),진례면
상우마을회관,경상남도 김해시 진례면 고모로 526번길 53,8,어깨운동(1)+자전거타기(1)+앉아허리돌리기(1)+하늘걷기(1)+양팔줄당기기(1)+가로타기(1)+달리기(1)+허리돌리기(1),진례면
상곤법마을회관,경상남도 김해시 진례면 진례로 371번길 77,3,양팔줄당기기(1)+달리기(1)+허리맛사지(1),진례면
하촌마을회관,경상남도 김해시 진례면 진례로 311번길 46-31,3,온몸노젖기(1)+역기당기기(1)+허리맛사지(1),진례면
청곡 클레이아크 4거리,경상남도 김해시 진례면 송정리 362-1(인도 양쪽),6,달리기(1)+하늘걷기(1)+윗몸일으키기(1)+가로타기(1)+양팔줄당기기(1)+허리돌리기(1),진례면
성우아파트 내,경상남도 김해시 진례면 송정리 252-1,3,양팔줄당기기(1)+하늘걷기(1)+허리돌리기(1),진례면
하둔덕마을회관,경상남도 김해시 진례면 서부로587번길 20,3,양팔줄당기기(1)+하늘걷기(1)+허리돌리기(1),진례면
상둔덕마을회관,경상남도 김해시 진례면 송현로 47번길 11,3,양팔줄당기기(1)+하늘걷기(1)+어깨운동(1),진례면
하곤법마을회관,경상남도 김해시 진례면 서부로476번길 37,3,허리돌리기(1)+하늘걷기(1)+양팔줄당기기(1),진례면
하촌마을쉼터(팔각정),경상남도 김해시 진례면 진례로311번길 51-31,3,윗몸일으키기(1)+가로타기(1)+허리돌리기(1),진례면
시례교 버스정류장,경상남도 김해시 송정리 1177-1(송정리 16-25 옆),3,윗몸일으키기(1)+가로타기(1)+허리돌리기(1),진례면
청곡저수지,경상남도 김해시 송정리 390-2,4,허리돌리기(1)+가로타기(1)+어깨운동(1)+하늘걷기(1),진례면
신안마을쉼터(팔각정),경상남도 김해시 신안리 326-1(신안리 331-1 앞),3,허리돌리기(1)+하늘걷기(1)+어깨운동(1),진례면
신안무송마을(진례저수지 아래),경상남도 김해시 신안리 637-7,3,달리기(1)+역기당기기(1)+허리돌리기(1),진례면
관동마을쉼터,경상남도 김해시 산본리 836,3,하늘걷기(1)+허리돌리리기(1)+어깨운동(1),진례면
용전마을(용전숲),경상남도 김해시 신월리 506-3,5,윗몸일으키기(1)+다리밀기(1)+허리돌리기(1)+팔돌리기(1)+어깨운동(1),진례면
신월마을회관,경상남도 김해시 서부로885번길 19(신월리 70-30),3,가로타기(1)+허리돌리기(1)+하늘걷기(1),진례면
화전마을쉼터(팔각정),경상남도 김해시 신월리 442-2,4,가로타기(1)+하늘걷기(1)+허리돌리기(1)+달리기(1),진례면
당리마을회관,경상남도 김해시 고모로216번길 67(송현리 646-4),2,허리돌리기(1)+가로타기(1),진례면
중리마을회관,경상남도 김해시 한림면 안곡리 268-2,6,역기당기기(1)+하늘걷기(1)+허리돌리기(1)+자전거(1)+팔운동(1)+가로타기(1),한림면
진말마을회관,경상남도 김해시 한림면 장방리 839-3 일원,2,어깨운동(1)+허리돌리기(1)+,한림면
안하마을회관,경상남도 김해시 한림면 안하리 666-1 일원,1,어깨운동(1),한림면
안하마을회관,경상남도 김해시 한림면 안하리 376 ,1,허리돌리기(1),한림면
인현마을회관,경상남도 김해시 한림면 명동리 681,2,자전거+허리돌리기(1)+팔운동·자전거(1),한림면
대항마을회관,경상남도 김해시 한림면 명동리 475-3 일원,2,허리돌리기(1) 팔운동(1),한림면
신전마을회관,경상남도 김해시 한림면 가산리 350-6 일원,4,자전거(1)+어깨운동(1)+옆파토타기(1)+허리돌리기(1),한림면
금음마을회관,경상남도 김해시 한림면 명동리 715 일원,4,가로타기1+어깨운동1+옆파도카기1+허리돌리기(1),한림면
시전마을회관,경상남도 김해시 한림면 시산리 183-19 일원,6,허리맛사지+하늘걷기(1)+팔운동+달리기(1)+앉아허리돌리기+하늘걷기(1)+양팔줄당기기+가로타기(1)+팔운동(1)+앉아허리돌리기(1),한림면
낙산마을회관,경상남도 김해시 한림면 명동리 126-16 일원,4,역기밀기·역기당기기(1)+달리기·어깨운동(1)+하늘걷기·팔운동(1)+허리돌리기(1),한림면
소업마을회관,경상남도 김해시 한림면 퇴래리 1181-15 일원,3,허리돌리기(1)+팔운동(1)+옆파도타기(1),한림면
가산마을회관,경상남도 김해시 한림면 가산리 186-7 일원,4,허리돌리기(1)+자전거(1)+양팔줄당기기(1)+팔운동(1),한림면
시산마을회관,경상남도 김해시 한림면 시산리 1224 일원,4,팔운동(1)+허리돌리기(1)+허리맛사지(1)+달리기(1),한림면
안곡마을회관,경상남도 김해시 한림면 안곡리 103,3,하늘걷기(1)+어깨운동(1)+허리돌리기(1),한림면
인현마을회관,경상남도 김해시 한림면 명동리 636-2,2,허리돌리기+앉아허리돌리기(1)+팔운동·역기당기기(1),한림면
퇴은마을회관,경상남도 김해시 한림면 퇴래리 174,4,가로타기(1)+양팔운동(1)+팔관절운동(1)+허리돌리기(1),한림면
모정마을회관,경상남도 김해시 한림면 금곡리 774-8 ,3,팔운동(1)+허리돌리기(1)+앉아허리돌리기(1),한림면
금곡마을회관,경상남도 김해시 한림면 금곡리 574 ,3,하늘걷기(1)+가로타기(1)+거꾸로매달리기(1),한림면
장방마을회관,경상남도 김해시 한림면 장방리 1015,1,팔운동·허리돌리기(1),한림면
부평마을회관,경상남도 김해시 한림면 장방리 2077,3,달리기(1)+허리돌리기(1)+가로타기(1),한림면
수조마을회관,경상남도 김해시 한림면 용덕리 639-2,4,허리돌리기(1)+하늘걷기(1)+가로타기(1)+팔운동(1),한림면
시산마을회관,경상남도 김해시 한림면 시산리 982,2,허리돌리기(1)+양팔줄당기기(1),한림면
시호2구마을회관,경상남도 김해시 한림면 시산리 441-2,2,역기당기기·역기밀기(1)+팔운동·허리돌리기(1),한림면
신봉마을회관,경상남도 김해시 한림면 장방리 1317-7,1,자전거(1),한림면
신촌마을회관,경상남도 김해시 한림면 장방리 718-16,2,팔운동(1)+앉아당기기(1),한림면
어은마을회관,경상남도 김해시 한림면 안하리 977-1 ,2,하늘걷기(1)+앉아허리돌리기(1),한림면
정촌마을회관,경상남도 김해시 한림면 금곡리 513-1,5,가로타기(1)+허리돌리기(1)+하늘걷기(1)+양팔줄당기기(1)+팔운동(1),한림면
진말마을회관,경상남도 김해시 한림면 장방리 843-7,2,어깨운동(1)+허리돌리기(1),한림면
덕촌마을회관,경상남도 김해시 한림면 신천리 3-1 ,2,팔운동+앉아허리돌리기(1)+허리돌리기+역기당기기(1),한림면
어병마을회관,경상남도 김해시 한림면 병동리 190-1,5,어깨운동(1)+가로타기(1)+허리돌리기(1)+노젓기(1)+등벤치(1),한림면
대현마을회관,경상남도 김해시 한림면 안하리 701-1 일원,2,하늘걷기(1)+자전거타기(1),한림면
가산마을회관,경상남도 김해시 한림면 가산리 507-1 일원,2,팔운동(1)+허리돌리기(1),한림면
삼미마을회관,경상남도 김해시 한림면 퇴래리 220,2,자전거·허리돌리기(1)+달리기+양팔줄당기기(1),한림면
상리마을회관,경상남도 김해시 한림면 안곡리 499-7,2,어깨운동+앉아허리돌리기(1)+자전거+윗몸일으키기(1),한림면
외오서마을회관,경상남도 김해시 한림면 금곡리 378-25,4,하늘걷기(1)+등맛사지(1)+어깨운동(1)+등벤치(1),한림면
두례마을회관,경상남도 김해시 한림면 명동리 441-2 일원,3,달리기(1)+허리돌리기(1)+등벤치(1),한림면
망천2구마을회관,경상남도 김해시 한림면 신천리 201-6 일원,2,팔운동(1)+양팔줄당기기(1),한림면
청원마을회관,경상남도 김해시 한림면 신천리 226-1 일원,3,달리기(1)+가로타기(1)+허리돌리기(1),한림면
시호2구마을회관,경상남도 김해시 한림면 장방리 458-4 일원,4,하늘걷기(1)+가로타기(1)+거꾸로매달리기(1)+어깨운동(1),한림면
한림3구마을회관,경상남도 김해시 한림면 장방리 469-28 일원,1,자전거타기+앉아밀어주기(1),한림면
망천2구마을회관,경상남도 김해시 한림면 신천리 216-24 일원,3,하늘걷기+앉아밀기(1)+양팔줄당기기+가로타기(1)+팔운동+달리기(1),한림면
망천1구마을회관,경상남도 김해시 한림면 신천리 400-1 일원,2,앉아밀기(1)+말타기(1),한림면
신천마을회관,경상남도 김해시 한림면 신천리 654-1 일원,2,양팔줄당기기+허리돌리기(1)+앉아밀기+팔운동(1),한림면
한림3구마을회관,경상남도 김해시 한림면 장방리 1317-1 일원,4,등벤치(1)+어깨운동(1)+허리돌리기(1)+말타기(1),한림면
신봉마을회관,경상남도 김해시 한림면 장방리 1313-80,3,팔굽혀펴기(1)+평행봉(1)+윗몸일으키기(1),한림면
한림1구마을회관,경상남도 김해시 한림면 장방리 1253-153 일원,4,달리기(1)+허리돌리기(1)+가로타기(1)+역기당기기(1),한림면
한림3구마을회관,경상남도 김해시 한림면 장방리 336-20 ,3,가로타기+앉아밀기(1)+허리돌리기+하늘걷기(1)+팔운동+달리기(1),한림면
상사촌마을공원,경상남도 김해시 생림면 사촌리 40,8,하늘걷기(1)+옆파도타기(1)+큰활차머신(1)+작은활차머신(1)+달리기(1)+자전거타기(1)+허리돌리기(1)+역기당기기(1),생림면
산성마을공원,경상남도 김해시 생림면 봉림로98번길 2,4,가로타기(1)+허리돌리기(1)+하늘걷기(1)+양팔줄당기기(1),생림면
마현마을공원,경상남도 김해시 생림면 봉림리 1004,2,등허리지압기(1)+온몸허리돌리기(1),생림면
분절마을공원,경상남도 김해시 생림면 장재로353번길 20-1,6,가로타기(1)+자전거타기(1)+양팔줄당기기(1)+허리돌리기(1)+어깨운동(1)+온몸노젖기(1),생림면
독산마을공원,경상남도 김해시 생림면 마사리 1463-4,2,허리돌리기(1)+원그리기(1),생림면
송촌마을공원,경상남도 김해시 생림면 마사리 191-1,7,어깨운동(1)+팔운동(1)+가로타기(1)+허리돌리기(1)+달리기(1)+하늘걷기(1)+양팔줄당기기(1),생림면
생철마을공원,경상남도 김해시 생림면 안양로 22,6,하늘걷기(1)+허리돌리기(1)+달리기(1)+자전거타기(1)+윗몸일으키기(1)+가로타기(1),생림면
상동면대감운동장(운동기구),경상남도 김해시 상동면 대감리 499-2번지,4,러닝머신(2)+옆파도타기(1)+허리돌리기(1),상동면
상동면묵방마을회관(운동기구),경상남도 김해시 상동면 묵방리 953-2번지,4,고급벨트마사지기(1)+복합형(공중걷기.양팔줄당기기)+복합형(허리돌리기.가로타기)+복합형(팔운동+자전거타기),상동면
상동면상동운동장(운동기구),경상남도 김해시 상동면 대감리 248번지,4,복합형3기(공중걷기.옆파도타기/ 공중걷기. 양팔줄달기기/ 허리돌리기.작은활차머신),상동면
상동면용산마을회관(운동기구),경상남도 김해시 상동면 여차리 55-2번지,1,복합형1기(공중걷기. 양팔줄당기기),상동면
상동면장척마을회관일원(운동기구),경상남도 김해시 상동면 묵방리 405-1번지,1,복합형1기(공중걷기. 양팔줄당기기),상동면
선암마을(경로당과 회관 사이),경상남도 김해시 대동면 대동로 54,3, 온몸근육풀기(1)+온몸허리돌리기(1)+옆파도타기(1),대동면
수안마을(마을회관 앞),경상남도 김해시 대동면 대동로 132,4,가로하늘타기+앉아밀기(1)+팔근육기르기+양팔줄당기기(1)+원그리기+앉아밀어주기(1)+하늘걷기+달리기(1),대동면
주중마을(경로당 앞),경상남도 김해시 대동면 대동로269번길 51,4,역기밀기(1)+허리돌리기+달리기(1)+윗몸일으키기+가로타기(1)+온몸근육풀기(1) ,대동면
성안마을(경로당 앞),경상남도 김해시 대동면 대동로305번길 15,2,하늘걷기+서서허리돌리기(1)+온몸근육풀기+앉아허리돌리기(1),대동면
신명마을(마을회관 앞),경상남도 김해시 대동면 대동로274번길 81-4,2,온몸돌리기+온몸근육풀기(1)+마라톤운동+공중걷기(1),대동면
신안마을(마을회관 옆),경상남도 김해시 대동면 대동로450번길 74,4,허리맛사지+자전거타기(1)+달리기+하늘걷기(1)+서서허리돌리기+하늘걷기(1)+가로타기+윗몸일으키기(1)+3단 철봉(1) ,대동면
시례마을(1)(마을회관 앞),경상남도 김해시 대동면 대동로417번길 84-4,4,하늘걷기(1)+원그리기(1)+서서 허리돌리기(1)+가로 허리맛사지기+세로 허리맛사지기(1),대동면
시례마을(2)(경로당 뒤),경상남도 김해시 대동면 대동로417번길 130-1,4,서서허리돌리기(1)+윗몸일으키기(1)+오금펴기(1)+지압용자갈길(1),대동면
안막3구마을(마을회관 앞),경상남도 김해시 대동면 동남로41번길 13-4,5,하늘걷기+달리기(1)+하늘걷기+가로타기(1)+자전거타기+허리맛사지(1)+윗몸일으키기+역기들어올리기(1)+어깨돌리기 (1) ,대동면
괴정마을,경상남도 김해시 대동면 괴정리 150-1,2,온몸근육풀기+ 온몸돌리기(1)+하늘걷기+가로타기(1),대동면
감천마을,경상남도 김해시 대동면 ,3,온몸근육풀기(1)+서서허리돌리기(1)+팔근육기르기(1) ,대동면
감내마을,경상남도 김해시 대동면 대동로983번길 17,3,하늘걷기+가로타기(1)+자전거타기+허리맛사지(1)+하늘걷기+달리기(1),대동면
고암마을,경상남도 김해시 대동면 덕산리 118-4,4,가로타기+자전거타기(1)+자전거타기+팔운동(1)+하늘걷기+서서허리돌리기(1)+달리기+자전거타기(1),대동면
지나마을(마을회관 앞),경상남도 김해시 대동면 조눌리,2,달리기+팔관절운동(1)+하늘걷기+허리돌리기(1),대동면
천문대일원,경상남도 김해시 삼계동 산지번 2-1,5,윗몸일으키기(1)+공중걷기(1)+철봉(1)+허리돌리기(1)+역기당기기(1),북부동
새동네공원,경상남도 김해시 구산동 281,2,어깨근육풀기(1)+하늘걷기(1),북부동
신어천변,경상남도 김해시 신어천변,8,거꾸리(1)+2인용체어풀(1)+달리기(1)+체스트프레스(1)+입식헬스싸이클및공중걷기(1)+레그프레스(1)+온몸근육풀기및양팔줄당기기(1)+윗몸일으키기및허리돌리기(1),삼안동
양장골마을 입구,경상남도 김해시 불암동 120-2 일원,8,허리돌리기(1)+팔운동(1)+하늘걷기(1)+달리기(1)+양팔줄당기기+가로타기(1)+윗몸일으키기+가로타기(1)+자전거타기+가로타기(1)+하늘걷기+허리돌리기(1),불암동
불암지하차도변,경상남도 김해시 불암동 172-1,3,윗몸일으키기(1)+허리돌리기(1)+레그프레스(1),불암동
선암마을 정자,경상남도 김해시 불암동 220-375,2,자전거타기+가로타기(1)+달리기+팔운동(1),불암동
불암공원(미니축구장),경상남도 김해시 불암동 213-5,5,레그익스텐션(1)+하늘걷기(1)+자전거타기(1)+가로타기(1)+역기밀기(1),불암동
분도마을 바깥도로,경상남도 김해시 불암동 232-1,7,다리밀기(1)+하늘걷기(1)+허리돌리기(1)+달리기(1)+팔운동+어깨운동(1)+역기밀기(1)+가로타기(1),불암동
명동정수장,경상남도 김해시 한림면 김해대로1347,4,역기밀기+어깨운동(1)+양팔줄당기기+하늘걷기(1)+허리돌리기+팔관절운동(1)+거꾸로매달리기(1),명동정수과
분도마을 다목적구장,경상남도 김해시 불암동 354-2,6,역기돌리기(1)+허리돌리기(1)+하늘걷기(1)+윗몸일으키기(1)+자전거타기(1)+평형봉(1),대중교통과
