공원명,소재지지번주소,시설명,경도,위도,관리부서,조사일자
연희지하차도위휴식공간,서울특별시 서대문구 연희동 151-32,기타(체어풀),126.934158,37.576803,서대문구청 푸른도시과,2021-07-05
연희지하차도위휴식공간,서울특별시 서대문구 연희동 151-32,공중걷기,126.934127,37.576792,서대문구청 푸른도시과,2021-07-05
연희지하차도위휴식공간,서울특별시 서대문구 연희동 151-32,상체근육풀기,126.934164,37.576783,서대문구청 푸른도시과,2021-07-05
연희지하차도위휴식공간,서울특별시 서대문구 연희동 151-32,허리돌리기,126.934135,37.576773,서대문구청 푸른도시과,2021-07-05
연희지하차도위휴식공간,서울특별시 서대문구 연희동 151-32,기타(스텝사이클),126.934151,37.576791,서대문구청 푸른도시과,2021-07-05
다람쥐어린이공원,서울특별시 서대문구 연희동 151-49,윗몸일으키기,126.934473,37.575994,서대문구청 푸른도시과,2021-07-05
다람쥐어린이공원,서울특별시 서대문구 연희동 151-49,상체근육풀기,126.934454,37.576045,서대문구청 푸른도시과,2021-07-05
다람쥐어린이공원,서울특별시 서대문구 연희동 151-49,공중걷기,126.934456,37.576071,서대문구청 푸른도시과,2021-07-05
홍연소공원,서울특별시 서대문구 연희동 723-15,등허리지압기,126.93246,37.576124,서대문구청 푸른도시과,2021-07-05
홍연소공원,서울특별시 서대문구 연희동 723-15,공중걷기,126.932452,37.57616,서대문구청 푸른도시과,2021-07-05
홍연소공원,서울특별시 서대문구 연희동 723-15,역기올리기,126.932487,37.576187,서대문구청 푸른도시과,2021-07-05
홍연소공원,서울특별시 서대문구 연희동 723-15,파도타기,126.932516,37.576177,서대문구청 푸른도시과,2021-07-05
홍연소공원,서울특별시 서대문구 연희동 723-15,기타(양팔줄당기기),126.932517,37.576185,서대문구청 푸른도시과,2021-07-05
홍연소공원,서울특별시 서대문구 연희동 723-15,파도타기,126.932562,37.576198,서대문구청 푸른도시과,2021-07-05
홍연소공원,서울특별시 서대문구 연희동 723-15,기타(물구나무),126.932598,37.5762,서대문구청 푸른도시과,2021-07-05
홍연소공원,서울특별시 서대문구 연희동 723-15,허리돌리기,126.932598,37.576198,서대문구청 푸른도시과,2021-07-05
궁뜰어린이공원,서울특별시 서대문구 연희동 123-5,기타(철봉),126.930317,37.569082,서대문구청 푸른도시과,2021-07-06
궁뜰어린이공원,서울특별시 서대문구 연희동 123-5,허리돌리기,126.930323,37.569092,서대문구청 푸른도시과,2021-07-06
궁뜰어린이공원,서울특별시 서대문구 연희동 123-5,상체근육풀기,126.93031,37.569121,서대문구청 푸른도시과,2021-07-06
궁뜰어린이공원,서울특별시 서대문구 연희동 123-5,기타,126.930327,37.569072,서대문구청 푸른도시과,2021-07-06
궁뜰어린이공원,서울특별시 서대문구 연희동 123-5,공중걷기,126.930289,37.569101,서대문구청 푸른도시과,2021-07-06
궁뜰어린이공원,서울특별시 서대문구 연희동 123-5,파도타기,126.930294,37.569098,서대문구청 푸른도시과,2021-07-06
궁말어린이공원,서울특별시 서대문구 연희동 86-3,공중걷기,126.933655,37.571179,서대문구청 푸른도시과,2021-07-06
궁말어린이공원,서울특별시 서대문구 연희동 86-3,상체근육풀기,126.933675,37.571167,서대문구청 푸른도시과,2021-07-06
대궐재어린이공원,서울특별시 서대문구 연희동 73-8,역기올리기,126.937132,37.574129,서대문구청 푸른도시과,2021-07-06
대궐재어린이공원,서울특별시 서대문구 연희동 73-8,기타(레그프레스),126.937062,37.574148,서대문구청 푸른도시과,2021-07-06
대궐재어린이공원,서울특별시 서대문구 연희동 73-8,공중걷기,126.93708,37.574169,서대문구청 푸른도시과,2021-07-06
대궐재어린이공원,서울특별시 서대문구 연희동 73-8,자가발전입식사이클,126.937049,37.574149,서대문구청 푸른도시과,2021-07-06
대궐재어린이공원,서울특별시 서대문구 연희동 73-8,상체근육풀기,126.937038,37.574159,서대문구청 푸른도시과,2021-07-06
대궐재어린이공원,서울특별시 서대문구 연희동 73-8,허리돌리기,126.937013,37.574144,서대문구청 푸른도시과,2021-07-06
연희어린이공원,서울특별시 서대문구 연희동 446-182,상체근육풀기,126.921459,37.567723,서대문구청 푸른도시과,2021-07-06
연희어린이공원,서울특별시 서대문구 연희동 446-182,공중걷기,126.921455,37.567726,서대문구청 푸른도시과,2021-07-06
연희어린이공원,서울특별시 서대문구 연희동 446-182,기타(양팔로프당기기),126.921466,37.567722,서대문구청 푸른도시과,2021-07-06
연희동주민쉼터,서울특별시 서대문구 연희동 104-1,기타(워킹트레이너머신/달리기유형),126.928619,37.573179,서대문구청 푸른도시과,2021-07-06
연희동주민쉼터,서울특별시 서대문구 연희동 104-1,상체근육풀기,126.928629,37.573175,서대문구청 푸른도시과,2021-07-06
불천어린이공원,서울특별시 서대문구 홍제동 287-121,허리돌리기,126.947892,37.597022,서대문구청 푸른도시과,2021-07-06
불천어린이공원,서울특별시 서대문구 홍제동 287-121,상체근육풀기,126.947882,37.596999,서대문구청 푸른도시과,2021-07-06
불천어린이공원,서울특별시 서대문구 홍제동 287-121,공중걷기,126.94787,37.597012,서대문구청 푸른도시과,2021-07-06
불천어린이공원,서울특별시 서대문구 홍제동 287-121,파도타기,126.94784,37.597059,서대문구청 푸른도시과,2021-07-06
홍박소공원,서울특별시 서대문구 홍은동 11-1085,상체근육풀기,126.948822,37.601568,서대문구청 푸른도시과,2021-07-06
홍박소공원,서울특별시 서대문구 홍은동 11-1085,파도타기,126.948792,37.601545,서대문구청 푸른도시과,2021-07-06
홍박소공원,서울특별시 서대문구 홍은동 11-1085,허리돌리기,126.948779,37.601526,서대문구청 푸른도시과,2021-07-06
홍박소공원,서울특별시 서대문구 홍은동 11-1085,공중걷기,126.948955,37.601497,서대문구청 푸른도시과,2021-07-06
홍박소공원,서울특별시 서대문구 홍은동 11-1085,달리기유형,126.94892,37.601498,서대문구청 푸른도시과,2021-07-06
홍박소공원,서울특별시 서대문구 홍은동 11-1085,허리돌리기,126.948915,37.601479,서대문구청 푸른도시과,2021-07-06
문화촌어린이공원,서울특별시 서대문구 홍제동 277-82,파도타기,126.94752,37.595177,서대문구청 푸른도시과,2021-07-06
문화촌어린이공원,서울특별시 서대문구 홍제동 277-82,기타(사이클),126.947533,37.595163,서대문구청 푸른도시과,2021-07-06
고은소공원,서울특별시 서대문구 홍제동 307-32,파도타기,126.943011,37.587957,서대문구청 푸른도시과,2021-07-06
고은소공원,서울특별시 서대문구 홍제동 307-32,기타(양팔줄당기기),126.943027,37.587937,서대문구청 푸른도시과,2021-07-06
고은소공원,서울특별시 서대문구 홍제동 307-32,기타(사이클),126.943032,37.587895,서대문구청 푸른도시과,2021-07-06
고은소공원,서울특별시 서대문구 홍제동 307-32,허리돌리기,126.943019,37.587885,서대문구청 푸른도시과,2021-07-06
무궁화소공원,서울특별시 서대문구 홍제동 469-1,허리돌리기(트윈),126.947663,37.58417,서대문구청 푸른도시과,2021-07-06
무궁화소공원,서울특별시 서대문구 홍제동 469-1,허리돌리기(롤링),126.947722,37.584152,서대문구청 푸른도시과,2021-07-06
무궁화소공원,서울특별시 서대문구 홍제동 469-1,파도타기,126.94775,37.584135,서대문구청 푸른도시과,2021-07-06
행복한소공원,서울특별시 서대문구 홍제동 131-7,허리돌리기,126.948661,37.587165,서대문구청 푸른도시과,2021-07-06
행복한소공원,서울특별시 서대문구 홍제동 131-7,공중걷기,126.94866,37.587148,서대문구청 푸른도시과,2021-07-06
정원소공원,서울특별시 서대문구 홍은동 265-139,허리돌리기(트윈),126.932487,37.586401,서대문구청 푸른도시과,2021-07-07
정원소공원,서울특별시 서대문구 홍은동 265-139,파도타기,126.932514,37.586386,서대문구청 푸른도시과,2021-07-07
정원소공원,서울특별시 서대문구 홍은동 265-139,허리돌리기(롤링),126.932459,37.586437,서대문구청 푸른도시과,2021-07-07
정원소공원,서울특별시 서대문구 홍은동 265-139,기타,126.932519,37.586369,서대문구청 푸른도시과,2021-07-07
정원소공원,서울특별시 서대문구 홍은동 265-139,공중걷기,126.932519,37.586389,서대문구청 푸른도시과,2021-07-07
답동소공원,서울특별시 서대문구 홍은동 190-15,등허리지압기,126.93384,37.593977,서대문구청 푸른도시과,2021-07-07
답동소공원,서울특별시 서대문구 홍은동 190-15,파도타기,126.933818,37.593955,서대문구청 푸른도시과,2021-07-07
답동소공원,서울특별시 서대문구 홍은동 190-15,공중걷기,126.933819,37.593971,서대문구청 푸른도시과,2021-07-07
답동소공원,서울특별시 서대문구 홍은동 190-15,기타(사이클),126.933794,37.593979,서대문구청 푸른도시과,2021-07-07
하늘소공원,서울특별시 서대문구 홍은동 464-3,파도타기,126.941999,37.593868,서대문구청 푸른도시과,2021-07-07
하늘소공원,서울특별시 서대문구 홍은동 464-3,공중걷기,126.942048,37.593862,서대문구청 푸른도시과,2021-07-07
하늘소공원,서울특별시 서대문구 홍은동 464-3,허리돌리기(롤링),126.942091,37.593988,서대문구청 푸른도시과,2021-07-07
하늘소공원,서울특별시 서대문구 홍은동 464-3,상체근육풀기,126.942109,37.593947,서대문구청 푸른도시과,2021-07-07
실락어린이공원,서울특별시 서대문구 홍은동 453,턱걸이,126.943218,37.594583,서대문구청 푸른도시과,2021-07-07
실락어린이공원,서울특별시 서대문구 홍은동 453,등허리지압기,126.943211,37.594575,서대문구청 푸른도시과,2021-07-07
실락어린이공원,서울특별시 서대문구 홍은동 453,다리지압,126.943233,37.594556,서대문구청 푸른도시과,2021-07-07
실락어린이공원,서울특별시 서대문구 홍은동 453,거꾸로매달리기,126.943365,37.594499,서대문구청 푸른도시과,2021-07-07
실락어린이공원,서울특별시 서대문구 홍은동 453,상체근육풀기,126.943391,37.594475,서대문구청 푸른도시과,2021-07-07
실락어린이공원,서울특별시 서대문구 홍은동 453,공중걷기,126.943398,37.594463,서대문구청 푸른도시과,2021-07-07
실락어린이공원,서울특별시 서대문구 홍은동 453,파도타기,126.943414,37.594431,서대문구청 푸른도시과,2021-07-07
실락어린이공원,서울특별시 서대문구 홍은동 453,윗몸일으키기,126.943413,37.59442,서대문구청 푸른도시과,2021-07-07
실락어린이공원,서울특별시 서대문구 홍은동 453,허리돌리기(롤링),126.942747,37.594112,서대문구청 푸른도시과,2021-07-07
실락어린이공원,서울특별시 서대문구 홍은동 453,기타(종합머신),126.942783,37.594051,서대문구청 푸른도시과,2021-07-07
실락어린이공원,서울특별시 서대문구 홍은동 453,파도타기,126.942592,37.59405,서대문구청 푸른도시과,2021-07-07
실락어린이공원,서울특별시 서대문구 홍은동 453,상체근육풀기,126.942557,37.59406,서대문구청 푸른도시과,2021-07-07
실락어린이공원,서울특별시 서대문구 홍은동 453,공중걷기,126.942582,37.594037,서대문구청 푸른도시과,2021-07-07
홍은3소공원,서울특별시 서대문구 홍은동 463-1,기타(하체),126.943984,37.599775,서대문구청 푸른도시과,2021-07-07
홍은3소공원,서울특별시 서대문구 홍은동 463-1,기타,126.943915,37.599715,서대문구청 푸른도시과,2021-07-07
홍은3소공원,서울특별시 서대문구 홍은동 463-1,기타(하체),126.943932,37.599706,서대문구청 푸른도시과,2021-07-07
홍은동어린이공원,서울특별시 서대문구 홍은동 8-153,허리돌리기(롤린),126.950395,37.601725,서대문구청 푸른도시과,2021-07-07
홍은동어린이공원,서울특별시 서대문구 홍은동 8-153,공중걷기,126.95047,37.601681,서대문구청 푸른도시과,2021-07-07
홍은동어린이공원,서울특별시 서대문구 홍은동 8-153,달리기,126.95044,37.601678,서대문구청 푸른도시과,2021-07-07
홍은동어린이공원,서울특별시 서대문구 홍은동 8-153,파도타기,126.950343,37.601706,서대문구청 푸른도시과,2021-07-07
연서어린이공원,서울특별시 서대문구 연희동 519-7,파도타기,126.923434,37.572165,서대문구청 푸른도시과,2021-07-07
연서어린이공원,서울특별시 서대문구 연희동 519-7,역기올리기,126.923446,37.572159,서대문구청 푸른도시과,2021-07-07
연서어린이공원,서울특별시 서대문구 연희동 519-7,상체근육풀기,126.923456,37.572152,서대문구청 푸른도시과,2021-07-07
연서어린이공원,서울특별시 서대문구 연희동 519-7,허리돌리기,126.923463,37.57215,서대문구청 푸른도시과,2021-07-07
연서어린이공원,서울특별시 서대문구 연희동 519-7,기타(자전거타기),126.923473,37.572143,서대문구청 푸른도시과,2021-07-07
한울타리소공원,서울특별시 서대문구 창천동 247-1,파도타기,126.930105,37.559207,서대문구청 푸른도시과,2021-07-07
한울타리소공원,서울특별시 서대문구 창천동 247-1,공중걷기,126.930031,37.559196,서대문구청 푸른도시과,2021-07-07
한울타리소공원,서울특별시 서대문구 창천동 247-1,허리돌리기,126.93003,37.559192,서대문구청 푸른도시과,2021-07-07
한울타리소공원,서울특별시 서대문구 창천동 247-1,상체근육풀기,126.930068,37.559106,서대문구청 푸른도시과,2021-07-07
창용소공원,서울특별시 서대문구 창천동 361,공중걷기,126.928589,37.560255,서대문구청 푸른도시과,2021-07-07
창용소공원,서울특별시 서대문구 창천동 361,파도타기,126.928555,37.560261,서대문구청 푸른도시과,2021-07-07
창용소공원,서울특별시 서대문구 창천동 361,워밍암,126.928542,37.56027,서대문구청 푸른도시과,2021-07-07
창용소공원,서울특별시 서대문구 창천동 361,허리돌리기,126.928571,37.56026,서대문구청 푸른도시과,2021-07-07
창용소공원,서울특별시 서대문구 창천동 361,기타(미니철봉),126.928573,37.560257,서대문구청 푸른도시과,2021-07-07
창용소공원,서울특별시 서대문구 창천동 361,기타(자전거타기),126.92854,37.560275,서대문구청 푸른도시과,2021-07-07
창천동골목공원,서울특별시 서대문구 창천동 97-202,기타(철봉),126.931132,37.561013,서대문구청 푸른도시과,2021-07-07
창천동골목공원,서울특별시 서대문구 창천동 97-202,허리돌리기,126.931091,37.561057,서대문구청 푸른도시과,2021-07-07
창천동골목공원,서울특별시 서대문구 창천동 97-202,기타,126.931092,37.561037,서대문구청 푸른도시과,2021-07-07
창천동골목공원,서울특별시 서대문구 창천동 97-202,기타,126.931088,37.561045,서대문구청 푸른도시과,2021-07-07
창천동골목공원,서울특별시 서대문구 창천동 97-202,공중걷기,126.931275,37.560923,서대문구청 푸른도시과,2021-07-07
창천동골목공원,서울특별시 서대문구 창천동 97-202,상체근육풀기,126.930963,37.561174,서대문구청 푸른도시과,2021-07-07
창천동골목공원,서울특별시 서대문구 창천동 97-202,파도타기,126.930945,37.561178,서대문구청 푸른도시과,2021-07-07
창천동골목공원,서울특별시 서대문구 창천동 97-202,허리돌리기,126.931092,37.561054,서대문구청 푸른도시과,2021-07-07
창천동골목공원,서울특별시 서대문구 창천동 97-202,기타(양팔줄당기기),126.931268,37.560927,서대문구청 푸른도시과,2021-07-07
창천동골목공원,서울특별시 서대문구 창천동 97-202,풀웨이트,126.931263,37.560923,서대문구청 푸른도시과,2021-07-07
창천동골목공원,서울특별시 서대문구 창천동 97-202,기타,126.931088,37.56104,서대문구청 푸른도시과,2021-07-07
둥글레소공원,서울특별시 서대문구 연희동 344-228,허리돌리기,126.930196,37.563092,서대문구청 푸른도시과,2021-07-07
둥글레소공원,서울특별시 서대문구 연희동 344-228,자전거타기,126.93019,37.563095,서대문구청 푸른도시과,2021-07-07
둥글레소공원,서울특별시 서대문구 연희동 344-228,기타(다리뻗치기),126.930144,37.563076,서대문구청 푸른도시과,2021-07-07
둥글레소공원,서울특별시 서대문구 연희동 344-228,역기올리기,126.93014,37.563074,서대문구청 푸른도시과,2021-07-07
둥글레소공원,서울특별시 서대문구 연희동 344-228,파도타기,126.930097,37.56306,서대문구청 푸른도시과,2021-07-07
둥글레소공원,서울특별시 서대문구 연희동 344-228,역기올리기,126.930095,37.563063,서대문구청 푸른도시과,2021-07-07
둥글레소공원,서울특별시 서대문구 연희동 344-228,등허리지압기,126.930058,37.563051,서대문구청 푸른도시과,2021-07-07
둥글레소공원,서울특별시 서대문구 연희동 344-228,공중걷기,126.930053,37.563054,서대문구청 푸른도시과,2021-07-07
둥글레소공원,서울특별시 서대문구 연희동 344-228,기타(자전거타기),126.930028,37.563046,서대문구청 푸른도시과,2021-07-07
둥글레소공원,서울특별시 서대문구 연희동 344-228,기타(달리기),126.930025,37.563046,서대문구청 푸른도시과,2021-07-07
정연소공원,서울특별시 서대문구 홍은동 377-9,허리돌리기(롤링),126.927078,37.582602,서대문구청 푸른도시과,2021-07-08
정연소공원,서울특별시 서대문구 홍은동 377-9,상체근육풀기,126.927076,37.582606,서대문구청 푸른도시과,2021-07-08
정연소공원,서울특별시 서대문구 홍은동 377-9,파도타기,126.927061,37.582616,서대문구청 푸른도시과,2021-07-08
홍연어린이공원,서울특별시 서대문구 홍은동 408-4,공중걷기,126.926773,37.580119,서대문구청 푸른도시과,2021-07-08
홍연어린이공원,서울특별시 서대문구 홍은동 408-4,허리돌리기(롤링),126.926808,37.580125,서대문구청 푸른도시과,2021-07-08
홍연어린이공원,서울특별시 서대문구 홍은동 408-4,상체근육풀기,126.926755,37.580194,서대문구청 푸른도시과,2021-07-08
홍연어린이공원,서울특별시 서대문구 홍은동 408-4,기타(사이클),126.926827,37.580181,서대문구청 푸른도시과,2021-07-08
연남어린이공원,서울특별시 서대문구 남가좌동 326-8,파도타기,126.925358,37.578426,서대문구청 푸른도시과,2021-07-08
연남어린이공원,서울특별시 서대문구 남가좌동 326-8,상체근육풀기,126.925301,37.578392,서대문구청 푸른도시과,2021-07-08
연남어린이공원,서울특별시 서대문구 남가좌동 326-8,달리기,126.925277,37.578367,서대문구청 푸른도시과,2021-07-08
연남어린이공원,서울특별시 서대문구 남가좌동 326-8,허리돌리기(롤링),126.925267,37.57832,서대문구청 푸른도시과,2021-07-08
홍남어린이공원,서울특별시 서대문구 홍은동 405-3,허리돌리기(롤링),126.929325,37.578138,서대문구청 푸른도시과,2021-07-08
홍남어린이공원,서울특별시 서대문구 홍은동 405-3,상체근육풀기,126.92933,37.578068,서대문구청 푸른도시과,2021-07-08
홍남어린이공원,서울특별시 서대문구 홍은동 405-3,파도타기,126.929305,37.578045,서대문구청 푸른도시과,2021-07-08
홍은2동주민쉼터,서울특별시 서대문구 홍은동 424-1,공중걷기,126.936481,37.583414,서대문구청 푸른도시과,2021-07-08
홍은2동주민쉼터,서울특별시 서대문구 홍은동 424-1,거꾸로매달리기,126.936415,37.583441,서대문구청 푸른도시과,2021-07-08
홍은2동주민쉼터,서울특별시 서대문구 홍은동 424-1,기타(다리스트레칭),126.936432,37.583411,서대문구청 푸른도시과,2021-07-08
홍은2동주민쉼터,서울특별시 서대문구 홍은동 424-1,허리돌리기(롤링),126.936472,37.58339,서대문구청 푸른도시과,2021-07-08
푸른소공원,서울특별시 서대문구 홍제동 357-1,허리돌리기(롤링),126.937977,37.584661,서대문구청 푸른도시과,2021-07-08
푸른소공원,서울특별시 서대문구 홍제동 357-1,기타(다리찢기),126.938049,37.584599,서대문구청 푸른도시과,2021-07-08
푸른소공원,서울특별시 서대문구 홍제동 357-1,상체근육풀기,126.938085,37.584568,서대문구청 푸른도시과,2021-07-08
만우소공원,서울특별시 서대문구 북아현동 1-216,허리돌리기,126.957595,37.563357,서대문구청 푸른도시과,2021-07-08
만우소공원,서울특별시 서대문구 북아현동 1-216,파도타기,126.957622,37.563377,서대문구청 푸른도시과,2021-07-08
만우소공원,서울특별시 서대문구 북아현동 1-216,공중걷기,126.957632,37.563379,서대문구청 푸른도시과,2021-07-08
만우소공원,서울특별시 서대문구 북아현동 1-216,상체근육풀기(워밍암),126.957648,37.563364,서대문구청 푸른도시과,2021-07-08
지용소공원,서울특별시 서대문구 북아현동 1-127,기타(하이풀리),126.955206,37.563496,서대문구청 푸른도시과,2021-07-08
지용소공원,서울특별시 서대문구 북아현동 1-127,공중걷기,126.955249,37.563489,서대문구청 푸른도시과,2021-07-08
지용소공원,서울특별시 서대문구 북아현동 1-127,자전거타기(입식헬스싸이클),126.955228,37.563511,서대문구청 푸른도시과,2021-07-08
지용소공원,서울특별시 서대문구 북아현동 1-127,허리돌리기(1),126.955242,37.563523,서대문구청 푸른도시과,2021-07-08
지용소공원,서울특별시 서대문구 북아현동 1-127,허리돌리기(2),126.955303,37.563487,서대문구청 푸른도시과,2021-07-08
지용소공원,서울특별시 서대문구 북아현동 1-127,기타(미니평행봉),126.9553,37.563488,서대문구청 푸른도시과,2021-07-08
굴레방소공원,서울특별시 서대문구 북아현동 136-3,공중걷기(크로스컨트리),126.95801,37.558407,서대문구청 푸른도시과,2021-07-08
굴레방소공원,서울특별시 서대문구 북아현동 136-3,허리돌리기,126.958024,37.558414,서대문구청 푸른도시과,2021-07-08
굴레방소공원,서울특별시 서대문구 북아현동 136-3,상체근육풀기,126.958027,37.558405,서대문구청 푸른도시과,2021-07-08
굴레방소공원,서울특별시 서대문구 북아현동 136-3,기타,126.958002,37.558428,서대문구청 푸른도시과,2021-07-08
북성어린이공원,서울특별시 서대문구 북아현동 1013-4,파도타기(롤링웨이스트),126.95188,37.558546,서대문구청 푸른도시과,2021-07-08
북성어린이공원,서울특별시 서대문구 북아현동 1013-4,기타(레그프레스),126.95184,37.558551,서대문구청 푸른도시과,2021-07-08
너나들이쉼터,서울특별시 서대문구 북아현동 1014-5,풀웨이트,126.955279,37.558351,서대문구청 푸른도시과,2021-07-08
너나들이쉼터,서울특별시 서대문구 북아현동 1014-5,기타(레그프레스),126.955309,37.558387,서대문구청 푸른도시과,2021-07-08
너나들이쉼터,서울특별시 서대문구 북아현동 1014-5,트윈워밍암(상체근육풀기),126.955283,37.558401,서대문구청 푸른도시과,2021-07-08
너나들이쉼터,서울특별시 서대문구 북아현동 1014-5,롤링웨이스트(파도타기),126.955291,37.558367,서대문구청 푸른도시과,2021-07-08
봉원소공원,서울특별시 서대문구 봉원동 51-9,허리돌리기(롤링),126.94551,37.569385,서대문구청 푸른도시과,2021-07-09
봉원소공원,서울특별시 서대문구 봉원동 51-9,공중걷기,126.945514,37.569355,서대문구청 푸른도시과,2021-07-09
봉원소공원,서울특별시 서대문구 봉원동 51-9,상체근육풀기,126.945476,37.569404,서대문구청 푸른도시과,2021-07-09
봉원소공원,서울특별시 서대문구 봉원동 51-9,파도타기,126.945453,37.569424,서대문구청 푸른도시과,2021-07-09
충정로3가쉼터,서울특별시 서대문구 충정로3가 35-35,윗몸일으키기,126.960864,37.560493,서대문구청 푸른도시과,2021-07-09
충정로3가쉼터,서울특별시 서대문구 충정로3가 35-35,공중걷기,126.96086,37.56056,서대문구청 푸른도시과,2021-07-09
충정로3가쉼터,서울특별시 서대문구 충정로3가 35-35,상체근육풀기,126.960878,37.560599,서대문구청 푸른도시과,2021-07-09
충정로3가쉼터,서울특별시 서대문구 충정로3가 35-35,허리돌리기,126.9609,37.560587,서대문구청 푸른도시과,2021-07-09
충정로3가쉼터,서울특별시 서대문구 충정로3가 35-35,거꾸로매달리기,126.960918,37.560621,서대문구청 푸른도시과,2021-07-09
동명여중담장앞,서울특별시 서대문구 천연동 13-37,허리돌리기(롤링),126.962239,37.568271,서대문구청 푸른도시과,2021-07-09
동명여중담장앞,서울특별시 서대문구 천연동 13-37,공중걷기,126.962269,37.568301,서대문구청 푸른도시과,2021-07-09
동명여중담장앞,서울특별시 서대문구 천연동 13-37,기타(사이클),126.962368,37.568259,서대문구청 푸른도시과,2021-07-09
동명여중담장앞,서울특별시 서대문구 천연동 13-37,풀웨이트,126.962334,37.56827,서대문구청 푸른도시과,2021-07-09
동명여중담장앞,서울특별시 서대문구 천연동 13-37,체어웨이트,126.9623,37.568318,서대문구청 푸른도시과,2021-07-09
독립문어린이공원,서울특별시 서대문구 영천동 263,파도타기,126.96031,37.571563,서대문구청 푸른도시과,2021-07-09
독립문어린이공원,서울특별시 서대문구 영천동 263,공중걷기,126.960304,37.571566,서대문구청 푸른도시과,2021-07-09
독립문어린이공원,서울특별시 서대문구 영천동 263,허리돌리기(롤링),126.960327,37.571508,서대문구청 푸른도시과,2021-07-09
독립문어린이공원,서울특별시 서대문구 영천동 263,등허리지압기,126.960324,37.571503,서대문구청 푸른도시과,2021-07-09
독립문어린이공원,서울특별시 서대문구 영천동 263,허리돌리기(롤링),126.960262,37.571509,서대문구청 푸른도시과,2021-07-09
독립문어린이공원,서울특별시 서대문구 영천동 263,상체근육풀기,126.960235,37.57154,서대문구청 푸른도시과,2021-07-09
독립문어린이공원,서울특별시 서대문구 영천동 263,기타(레그프레스),126.960179,37.57157,서대문구청 푸른도시과,2021-07-09
독립문어린이공원,서울특별시 서대문구 영천동 263,공중걷기,126.960143,37.571562,서대문구청 푸른도시과,2021-07-09
독립문어린이공원,서울특별시 서대문구 영천동 263,기타,126.960271,37.571529,서대문구청 푸른도시과,2021-07-09
가재울어린이공원 ,서울특별시 서대문구 남가좌동 385-2,허리돌리기,126.91938,37.572869,서대문구청 푸른도시과,2021-07-09
가재울어린이공원,서울특별시 서대문구 남가좌동 385-2,공중걷기,126.919316,37.572799,서대문구청 푸른도시과,2021-07-09
가재울어린이공원,서울특별시 서대문구 남가좌동 385-2,역기올리기,126.919348,37.572832,서대문구청 푸른도시과,2021-07-09
모래내잔디쉼터,서울특별시 서대문구 남가좌동 382-13,공중걷기,126.916543,37.570105,서대문구청 푸른도시과,2021-07-09
모래내잔디쉼터,서울특별시 서대문구 남가좌동 382-13,상체근육풀기(워밍암),126.916553,37.570092,서대문구청 푸른도시과,2021-07-09
모래내잔디쉼터,서울특별시 서대문구 남가좌동 382-13,허리돌리기,126.916578,37.570105,서대문구청 푸른도시과,2021-07-09
모래내잔디쉼터,서울특별시 서대문구 남가좌동 382-13,파도타기,126.91659,37.570114,서대문구청 푸른도시과,2021-07-09
솟대어린이공원,서울특별시 서대문구 남가좌동 379-3,거꾸로 매달리기,126.912764,37.572906,서대문구청 푸른도시과,2021-07-09
솟대어린이공원,서울특별시 서대문구 남가좌동 379-3,공중걷기,126.91278,37.572906,서대문구청 푸른도시과,2021-07-09
솟대어린이공원,서울특별시 서대문구 남가좌동 379-3,파도타기,126.912796,37.572904,서대문구청 푸른도시과,2021-07-09
솟대어린이공원,서울특별시 서대문구 남가좌동 379-3,자전거달리기,126.912792,37.572892,서대문구청 푸른도시과,2021-07-09
솟대어린이공원,서울특별시 서대문구 남가좌동 379-3,허리돌리기,126.912818,37.572907,서대문구청 푸른도시과,2021-07-09
솟대어린이공원,서울특별시 서대문구 남가좌동 379-3,상체근육풀기(워밍암),126.912838,37.572904,서대문구청 푸른도시과,2021-07-09
나비울어린이공원,서울특별시 서대문구 북가좌동 475,다리뻗치기,126.909731,37.57472,서대문구청 푸른도시과,2021-07-09
나비울어린이공원,서울특별시 서대문구 북가좌동 475,공중걷기,126.909763,37.574715,서대문구청 푸른도시과,2021-07-09
나비울어린이공원,서울특별시 서대문구 북가좌동 475,자전거타기,126.909774,37.574712,서대문구청 푸른도시과,2021-07-09
나비울어린이공원,서울특별시 서대문구 북가좌동 475,허리돌리기,126.909823,37.574718,서대문구청 푸른도시과,2021-07-09
나비울어린이공원,서울특별시 서대문구 북가좌동 475,상체근육풀기(워밍암),126.90986,37.574719,서대문구청 푸른도시과,2021-07-09
너른바위어린이공원,서울특별시 서대문구 북아현동 216-37,허리돌리기(롤링웨이스트),126.952776,37.557933,서대문구청 푸른도시과,2021-07-09
너른바위어린이공원,서울특별시 서대문구 북아현동 216-37,상체근육풀기(트윈워밍암),126.952793,37.557951,서대문구청 푸른도시과,2021-07-09
너른바위어린이공원,서울특별시 서대문구 북아현동 216-37,풀웨이트,126.952735,37.557903,서대문구청 푸른도시과,2021-07-09
너른바위어린이공원,서울특별시 서대문구 북아현동 216-37,크로스컨트리(공중걷기),126.952726,37.557871,서대문구청 푸른도시과,2021-07-09
송죽소공원,서울특별시 서대문구 홍제동 339-9,허리돌리기(롤링),126.937355,37.585809,서대문구청 푸른도시과,2021-07-13
송죽소공원,서울특별시 서대문구 홍제동 339-9,기타(다리찢기),126.937367,37.585791,서대문구청 푸른도시과,2021-07-13
송죽소공원,서울특별시 서대문구 홍제동 339-9,기타(윗몸일으키기),126.937391,37.585778,서대문구청 푸른도시과,2021-07-13
조리소공원,서울특별시 서대문구 홍제동 5-71,파도타기,126.951177,37.594206,서대문구청 푸른도시과,2021-07-13
조리소공원,서울특별시 서대문구 홍제동 5-71,상체근육풀기,126.951109,37.594206,서대문구청 푸른도시과,2021-07-13
조리소공원,서울특별시 서대문구 홍제동 5-71,공중걷기,126.9511,37.594224,서대문구청 푸른도시과,2021-07-13
조리소공원,서울특별시 서대문구 홍제동 5-71,어깨근육풀기,126.951057,37.594245,서대문구청 푸른도시과,2021-07-13
인화소공원,서울특별시 서대문구 홍제동 8-5,허리돌리기(롤링),126.950151,37.593269,서대문구청 푸른도시과,2021-07-13
한마루소공원,서울특별시 서대문구 홍제동 6-70,어깨근육풀기,126.949697,37.594122,서대문구청 푸른도시과,2021-07-13
한마루소공원,서울특별시 서대문구 홍제동 6-70,상체근육풀기,126.949733,37.594096,서대문구청 푸른도시과,2021-07-13
한마루소공원,서울특별시 서대문구 홍제동 6-70,허리돌리기(롤링),126.949755,37.594082,서대문구청 푸른도시과,2021-07-13
한마루소공원,서울특별시 서대문구 홍제동 6-70,풀웨이트,126.949778,37.594058,서대문구청 푸른도시과,2021-07-13
한마루소공원,서울특별시 서대문구 홍제동 6-70,공중걷기,126.949781,37.594048,서대문구청 푸른도시과,2021-07-13
한마루소공원,서울특별시 서대문구 홍제동 6-70,파도타기,126.949776,37.594,서대문구청 푸른도시과,2021-07-13
한마루소공원,서울특별시 서대문구 홍제동 6-70,거꾸로매달리기,126.949786,37.593983,서대문구청 푸른도시과,2021-07-13
문화소공원,서울특별시 서대문구 홍제동 280-2,기타(사이클),126.948811,37.59438,서대문구청 푸른도시과,2021-07-13
문화소공원,서울특별시 서대문구 홍제동 280-2,파도타기,126.9488,37.59437,서대문구청 푸른도시과,2021-07-13
문화소공원,서울특별시 서대문구 홍제동 280-2,허리돌리기(롤링),126.94879,37.594383,서대문구청 푸른도시과,2021-07-13
문화소공원,서울특별시 서대문구 홍제동 280-2,공중걷기,126.948759,37.594405,서대문구청 푸른도시과,2021-07-13
가좌어린이공원,서울특별시 서대문구 남가좌동 376-4,자전거달리기,126.920301,37.575836,서대문구청 푸른도시과,2021-07-13
가좌어린이공원,서울특별시 서대문구 남가좌동 376-4,파도타기,126.92032,37.575831,서대문구청 푸른도시과,2021-07-13
가좌어린이공원,서울특별시 서대문구 남가좌동 376-4,역기올리기,126.920311,37.575823,서대문구청 푸른도시과,2021-07-13
가좌어린이공원,서울특별시 서대문구 남가좌동 376-4,워밍암/상체근육풀기,126.920342,37.575852,서대문구청 푸른도시과,2021-07-13
가좌어린이공원,서울특별시 서대문구 남가좌동 376-4,허리돌리기,126.920352,37.575861,서대문구청 푸른도시과,2021-07-13
삼각소공원,서울특별시 서대문구 남가좌동 210-66,기타(허리돌리기),126.9208,37.576457,서대문구청 푸른도시과,2021-07-13
삼각소공원,서울특별시 서대문구 남가좌동 210-66,기타(워밍암),126.920796,37.57645,서대문구청 푸른도시과,2021-07-13
삼각소공원,서울특별시 서대문구 남가좌동 210-66,기타(공중걷기),126.920794,37.576455,서대문구청 푸른도시과,2021-07-13
삼각소공원,서울특별시 서대문구 남가좌동 210-66,기타(다리뻗치기),126.920793,37.576453,서대문구청 푸른도시과,2021-07-13
삼각소공원,서울특별시 서대문구 남가좌동 210-66,거꾸로 매달리기,126.920785,37.576453,서대문구청 푸른도시과,2021-07-13
북가좌정원지구,서울특별시 서대문구 북가좌동 459-1,체어웨이트,126.916936,37.579798,서대문구청 푸른도시과,2021-07-13
북가좌정원지구,서울특별시 서대문구 북가좌동 459-1,공중걷기,126.916931,37.579819,서대문구청 푸른도시과,2021-07-13
북가좌정원지구,서울특별시 서대문구 북가좌동 459-1,기타(레그스트레치),126.916907,37.57982,서대문구청 푸른도시과,2021-07-13
북가좌정원지구,서울특별시 서대문구 북가좌동 459-1,허리돌리기,126.916899,37.579819,서대문구청 푸른도시과,2021-07-13
북가좌정원지구,서울특별시 서대문구 북가좌동 459-1,워밍암/상체근육풀기,126.916916,37.579824,서대문구청 푸른도시과,2021-07-13
남가좌동어린이공원,서울특별시 서대문구 남가좌동 388-6,상체근육풀기,126.919667,37.579552,서대문구청 푸른도시과,2021-07-13
남가좌동어린이공원,서울특별시 서대문구 남가좌동 388-6,역기내리기,126.919687,37.579529,서대문구청 푸른도시과,2021-07-13
남가좌동어린이공원,서울특별시 서대문구 남가좌동 388-6,파도타기,126.919675,37.57955,서대문구청 푸른도시과,2021-07-13
남가좌동어린이공원,서울특별시 서대문구 남가좌동 388-6,파도타기,126.919731,37.579542,서대문구청 푸른도시과,2021-07-13
남가좌동어린이공원,서울특별시 서대문구 남가좌동 388-6,역기내리기,126.919757,37.57955,서대문구청 푸른도시과,2021-07-13
남가좌동어린이공원,서울특별시 서대문구 남가좌동 388-6,역기 올리기,126.919767,37.579554,서대문구청 푸른도시과,2021-07-13
남가좌동어린이공원,서울특별시 서대문구 남가좌동 388-6,허리돌리기,126.919784,37.579561,서대문구청 푸른도시과,2021-07-13
개나리어린이공원,서울특별시 서대문구 남가좌동 377-3,달리기 유형,126.916977,37.577237,서대문구청 푸른도시과,2021-07-13
개나리어린이공원,서울특별시 서대문구 남가좌동 377-3,공중걷기,126.916981,37.577245,서대문구청 푸른도시과,2021-07-13
개나리어린이공원,서울특별시 서대문구 남가좌동 377-3,거꾸로 매달리기,126.916971,37.577247,서대문구청 푸른도시과,2021-07-13
개나리어린이공원,서울특별시 서대문구 남가좌동 377-3,풀웨이트,126.918114,37.578614,서대문구청 푸른도시과,2021-07-13
개나리어린이공원,서울특별시 서대문구 남가좌동 377-3,파도타기,126.918096,37.578664,서대문구청 푸른도시과,2021-07-13
개나리어린이공원,서울특별시 서대문구 남가좌동 377-3,상체근육풀기,126.918074,37.578646,서대문구청 푸른도시과,2021-07-13
개나리어린이공원,서울특별시 서대문구 남가좌동 377-3,자전거달리기,126.918055,37.578626,서대문구청 푸른도시과,2021-07-13
개나리어린이공원,서울특별시 서대문구 남가좌동 377-3,허리돌리기,126.918064,37.578595,서대문구청 푸른도시과,2021-07-13
개나리어린이공원,서울특별시 서대문구 남가좌동 377-3,기타(옆허리돌리기),126.918063,37.578589,서대문구청 푸른도시과,2021-07-13
개나리어린이공원,서울특별시 서대문구 남가좌동 377-3,기타(스트레칭 로라),126.918071,37.578641,서대문구청 푸른도시과,2021-07-13
은가어린이공원,서울특별시 서대문구 북가좌동 3-39,워밍암,126.919482,37.5826,서대문구청 푸른도시과,2021-07-14
은가어린이공원,서울특별시 서대문구 북가좌동 3-39,공중걷기,126.919451,37.582602,서대문구청 푸른도시과,2021-07-14
은가어린이공원,서울특별시 서대문구 북가좌동 3-39,파도타기,126.919419,37.582608,서대문구청 푸른도시과,2021-07-14
은가어린이공원,서울특별시 서대문구 북가좌동 3-39,허리돌리기,126.919382,37.582613,서대문구청 푸른도시과,2021-07-14
거꾸로어린이공원,서울특별시 서대문구 북가좌동 338-20,파도타기,126.913362,37.585366,서대문구청 푸른도시과,2021-07-14
거꾸로어린이공원,서울특별시 서대문구 북가좌동 338-20,체스트풀머신,126.913373,37.585361,서대문구청 푸른도시과,2021-07-14
거꾸로어린이공원,서울특별시 서대문구 북가좌동 338-20,워밍암/상체근육풀기,126.913353,37.585376,서대문구청 푸른도시과,2021-07-14
거꾸로어린이공원,서울특별시 서대문구 북가좌동 338-20,허리돌리기,126.913351,37.58537,서대문구청 푸른도시과,2021-07-14
거꾸로어린이공원,서울특별시 서대문구 북가좌동 338-20,공중걷기,126.913355,37.58537,서대문구청 푸른도시과,2021-07-14
동그라미쉼터,서울특별시 서대문구 북아현동 1013-1,공중걷기,126.948048,37.558639,서대문구청 푸른도시과,2021-07-14
동그라미쉼터,서울특별시 서대문구 북아현동 1013-1,허리돌리기,126.948054,37.558642,서대문구청 푸른도시과,2021-07-14
동그라미쉼터,서울특별시 서대문구 북아현동 1013-1,기타(사이클),126.948061,37.558641,서대문구청 푸른도시과,2021-07-14
동그라미쉼터,서울특별시 서대문구 북아현동 1013-1,워밍암/상체근육풀기,126.94807,37.55864,서대문구청 푸른도시과,2021-07-14
신가어린이공원,서울특별시 서대문구 북가좌동 318-1,워밍암/상체근육풀기,126.908288,37.580202,서대문구청 푸른도시과,2021-07-14
신가어린이공원,서울특별시 서대문구 북가좌동 318-1,허리돌리기,126.908284,37.580194,서대문구청 푸른도시과,2021-07-14
신가어린이공원,서울특별시 서대문구 북가좌동 318-1,공중걷기,126.908279,37.580176,서대문구청 푸른도시과,2021-07-14
신가어린이공원,서울특별시 서대문구 북가좌동 318-1,기타(역기내리기),126.908302,37.580217,서대문구청 푸른도시과,2021-07-14
신가어린이공원,서울특별시 서대문구 북가좌동 318-1,파도타기,126.908311,37.580225,서대문구청 푸른도시과,2021-07-14
신가어린이공원,서울특별시 서대문구 북가좌동 318-1,기타(로프 줄당기기),126.908332,37.580245,서대문구청 푸른도시과,2021-07-14
신가어린이공원,서울특별시 서대문구 북가좌동 318-1,기타(헬스입식싸이클),126.90834,37.580261,서대문구청 푸른도시과,2021-07-14
까치소공원,서울특별시 서대문구 북가좌동 366-4,워밍암/상체근육풀기,126.907017,37.579101,서대문구청 푸른도시과,2021-07-14
까치소공원,서울특별시 서대문구 북가좌동 366-4,허리돌리기,126.907011,37.57914,서대문구청 푸른도시과,2021-07-14
옥천소공원,서울특별시 서대문구 홍은동 5-96,허리돌리기(롤링),126.955635,37.596209,서대문구청 푸른도시과,2021-07-14
옥천소공원,서울특별시 서대문구 홍은동 5-96,공중걷기,126.955688,37.596249,서대문구청 푸른도시과,2021-07-14
옥천소공원,서울특별시 서대문구 홍은동 5-96,옥천소공원 상체근육풀기,126.955666,37.596236,서대문구청 푸른도시과,2021-07-14
옥천소공원,서울특별시 서대문구 홍은동 5-96,거꾸로매달리기,126.955654,37.59624,서대문구청 푸른도시과,2021-07-14
옥천소공원,서울특별시 서대문구 홍은동 5-96,파도타기,126.955614,37.596241,서대문구청 푸른도시과,2021-07-14
옥천소공원,서울특별시 서대문구 홍은동 5-96,풀웨이트,126.955578,37.596236,서대문구청 푸른도시과,2021-07-14
옥천소공원,서울특별시 서대문구 홍은동 5-96,턱걸이,126.955523,37.59625,서대문구청 푸른도시과,2021-07-14
자하문폐가압장휴식공간,서울특별시 서대문구 홍은동 9-237,기타(체어풀),126.950853,37.596671,서대문구청 푸른도시과,2021-07-14
자하문폐가압장휴식공간,서울특별시 서대문구 홍은동 9-237,등허리지압기,126.950933,37.596662,서대문구청 푸른도시과,2021-07-14
자하문폐가압장휴식공간,서울특별시 서대문구 홍은동 9-237,기타(레그프레스),126.950957,37.596642,서대문구청 푸른도시과,2021-07-14
자하문폐가압장휴식공간,서울특별시 서대문구 홍은동 9-237,상체근육풀기,126.950943,37.59657,서대문구청 푸른도시과,2021-07-14
자하문폐가압장휴식공간,서울특별시 서대문구 홍은동 9-237,허리돌리기(롤링),126.95092,37.596512,서대문구청 푸른도시과,2021-07-14
자하문폐가압장휴식공간,서울특별시 서대문구 홍은동 9-237,파도타기,126.950928,37.596462,서대문구청 푸른도시과,2021-07-14
홍이소공원,서울특별시 서대문구 홍은동 9-215,파도타기,126.950419,37.598036,서대문구청 푸른도시과,2021-07-14
홍이소공원,서울특별시 서대문구 홍은동 9-215,허리돌리기(롤링),126.950457,37.598025,서대문구청 푸른도시과,2021-07-14
홍이소공원,서울특별시 서대문구 홍은동 9-215,공중걷기,126.950463,37.597981,서대문구청 푸른도시과,2021-07-14
홍이소공원,서울특별시 서대문구 홍은동 9-215,달리기유형,126.950487,37.597968,서대문구청 푸른도시과,2021-07-14
포방골소공원,서울특별시 서대문구 홍은동 8-368,상체근육풀기,126.950625,37.599812,서대문구청 푸른도시과,2021-07-14
포방골소공원,서울특별시 서대문구 홍은동 8-368,공중걷기,126.950635,37.599807,서대문구청 푸른도시과,2021-07-14
포방골소공원,서울특별시 서대문구 홍은동 8-368,파도타기,126.950646,37.599809,서대문구청 푸른도시과,2021-07-14
포방골소공원,서울특별시 서대문구 홍은동 8-368,허리돌리기(롤링),126.950681,37.599795,서대문구청 푸른도시과,2021-07-14
포방골소공원,서울특별시 서대문구 홍은동 8-368,다리찢기,126.950671,37.599801,서대문구청 푸른도시과,2021-07-14
명수어린이공원,서울특별시 서대문구 북아현동 210-24,하늘걷기,126.950751,37.559866,서대문구청 푸른도시과,2021-07-15
명수어린이공원,서울특별시 서대문구 북아현동 210-24,온몸근육풀기,126.950772,37.559886,서대문구청 푸른도시과,2021-07-15
명수어린이공원,서울특별시 서대문구 북아현동 210-24,온몸지압기,126.950769,37.559932,서대문구청 푸른도시과,2021-07-15
명수어린이공원,서울특별시 서대문구 북아현동 210-24,입식사이클,126.950739,37.559998,서대문구청 푸른도시과,2021-07-15
홍제근린공원,서울특별시 서대문구 홍제동 454-2,풀웨이트,126.951887,37.594072,서대문구청 푸른도시과,2021-07-15
홍제근린공원,서울특별시 서대문구 홍제동 454-2,파도타기,126.951875,37.594098,서대문구청 푸른도시과,2021-07-15
홍제근린공원,서울특별시 서대문구 홍제동 454-2,기타(온몸역기올리기),126.951888,37.594075,서대문구청 푸른도시과,2021-07-15
홍제근린공원,서울특별시 서대문구 홍제동 454-2,허리돌리기(롤링),126.95192,37.594098,서대문구청 푸른도시과,2021-07-15
홍제근린공원,서울특별시 서대문구 홍제동 454-2,레그프레스,126.952206,37.593643,서대문구청 푸른도시과,2021-07-15
홍제근린공원,서울특별시 서대문구 홍제동 454-2,상체근육풀기,126.952256,37.593571,서대문구청 푸른도시과,2021-07-15
홍제근린공원,서울특별시 서대문구 홍제동 454-2,달리기유형,126.952241,37.593563,서대문구청 푸른도시과,2021-07-15
홍제근린공원,서울특별시 서대문구 홍제동 454-2,기타(하체),126.952203,37.593531,서대문구청 푸른도시과,2021-07-15
홍제근린공원,서울특별시 서대문구 홍제동 454-2,공중걷기,126.952179,37.593546,서대문구청 푸른도시과,2021-07-15
홍제근린공원,서울특별시 서대문구 홍제동 454-2,거꾸로매달리기,126.953162,37.594172,서대문구청 푸른도시과,2021-07-15
홍제근린공원,서울특별시 서대문구 홍제동 454-2,기타(온몸역기내리기),126.95312,37.594181,서대문구청 푸른도시과,2021-07-15
홍제근린공원,서울특별시 서대문구 홍제동 454-2,등허리지압기,126.953103,37.594209,서대문구청 푸른도시과,2021-07-15
홍제근린공원,서울특별시 서대문구 홍제동 454-2,파도타기,126.953113,37.59424,서대문구청 푸른도시과,2021-07-15
복주산근린공원,서울특별시 서대문구 북아현동 1012-1,역기내리기,126.954028,37.561475,서대문구청 푸른도시과,2021-07-16
복주산근린공원,서울특별시 서대문구 북아현동 1012-1,달리기유형,126.954044,37.561495,서대문구청 푸른도시과,2021-07-16
복주산근린공원,서울특별시 서대문구 북아현동 1012-1,역기내리기,126.95402,37.56151,서대문구청 푸른도시과,2021-07-16
복주산근린공원,서울특별시 서대문구 북아현동 1012-1,공중걷기,126.954115,37.561476,서대문구청 푸른도시과,2021-07-16
복주산근린공원,서울특별시 서대문구 북아현동 1012-1,자유평행봉,126.95411,37.5615,서대문구청 푸른도시과,2021-07-16
복주산근린공원,서울특별시 서대문구 북아현동 1012-1,윗몸일으키기,126.954104,37.561523,서대문구청 푸른도시과,2021-07-16
서대문독립공원,서울특별시 서대문구 현저동 101,허리돌리기(롤링),126.954613,37.575489,서대문구청 푸른도시과,2021-07-16
서대문독립공원,서울특별시 서대문구 현저동 101,허리돌리기(롤링),126.954621,37.575487,서대문구청 푸른도시과,2021-07-16
서대문독립공원,서울특별시 서대문구 현저동 101,등허리지압기,126.95467,37.575526,서대문구청 푸른도시과,2021-07-16
서대문독립공원,서울특별시 서대문구 현저동 101,상체근육풀기,126.954697,37.575549,서대문구청 푸른도시과,2021-07-16
서대문독립공원,서울특별시 서대문구 현저동 101,풀웨이트,126.954684,37.575563,서대문구청 푸른도시과,2021-07-16
서대문독립공원,서울특별시 서대문구 현저동 101,공중걷기,126.954745,37.575609,서대문구청 푸른도시과,2021-07-16
서대문독립공원,서울특별시 서대문구 현저동 101,거꾸로매달리기,126.954758,37.575633,서대문구청 푸른도시과,2021-07-16
서대문독립공원,서울특별시 서대문구 현저동 101,허리돌리기(롤링),126.954508,37.575011,서대문구청 푸른도시과,2021-07-16
서대문독립공원,서울특별시 서대문구 현저동 101,허리돌리기(롤링),126.954664,37.575042,서대문구청 푸른도시과,2021-07-16
서대문독립공원,서울특별시 서대문구 현저동 101,풀웨이트,126.954702,37.574946,서대문구청 푸른도시과,2021-07-16
서대문독립공원,서울특별시 서대문구 현저동 101,윗몸일으키기,126.95471,37.574922,서대문구청 푸른도시과,2021-07-16
서대문독립공원,서울특별시 서대문구 현저동 101,허리돌리기(롤링),126.954786,37.574896,서대문구청 푸른도시과,2021-07-16
서대문독립공원,서울특별시 서대문구 현저동 101,파도타기,126.954789,37.574873,서대문구청 푸른도시과,2021-07-16
서대문독립공원,서울특별시 서대문구 현저동 101,공중걷기,126.954473,37.574944,서대문구청 푸른도시과,2021-07-16
서대문독립공원,서울특별시 서대문구 현저동 101,철봉,126.954458,37.574975,서대문구청 푸른도시과,2021-07-16
서대문독립공원,서울특별시 서대문구 현저동 101,평행봉,126.954512,37.575021,서대문구청 푸른도시과,2021-07-16
서대문독립공원,서울특별시 서대문구 현저동 101,등허리지압기,126.95473,37.575842,서대문구청 푸른도시과,2021-07-16
서대문독립공원,서울특별시 서대문구 현저동 101,기타(레그프레스),126.954746,37.575932,서대문구청 푸른도시과,2021-07-16
서대문독립공원,서울특별시 서대문구 현저동 101,허리돌리기(롤링),126.954777,37.575904,서대문구청 푸른도시과,2021-07-16
서대문독립공원,서울특별시 서대문구 현저동 101,철봉,126.95489,37.573245,서대문구청 푸른도시과,2021-07-16
서대문독립공원,서울특별시 서대문구 현저동 101,허리돌리기(롤링),126.954955,37.573171,서대문구청 푸른도시과,2021-07-16
안산공원,서울특별시 서대문구 연희동 산2-75,기타,126.940595,37.580702,서대문구청 푸른도시과,2021-07-26
안산공원,서울특별시 서대문구 연희동 산2-75,허리돌리기 ,126.940595,37.580702,서대문구청 푸른도시과,2021-07-26
안산공원,서울특별시 서대문구 연희동 산2-75,허리돌리기 ,126.940595,37.580702,서대문구청 푸른도시과,2021-07-26
안산공원,서울특별시 서대문구 연희동 산2-75,기타 ,126.940595,37.580702,서대문구청 푸른도시과,2021-07-26
안산공원,서울특별시 서대문구 연희동 산2-75,상체근육풀기,126.940595,37.580702,서대문구청 푸른도시과,2021-07-26
안산공원,서울특별시 서대문구 연희동 산2-75,공중걷기,126.940595,37.580702,서대문구청 푸른도시과,2021-07-26
안산공원,서울특별시 서대문구 연희동 산2-75,파도타기,126.940595,37.580702,서대문구청 푸른도시과,2021-07-26
안산공원,서울특별시 서대문구 연희동 산2-75,허리돌리기 ,126.940595,37.580702,서대문구청 푸른도시과,2021-07-26
안산공원,서울특별시 서대문구 연희동 산2-75,허리돌리기 ,126.940885,37.580151,서대문구청 푸른도시과,2021-07-26
안산공원,서울특별시 서대문구 연희동 산2-75,윗몸일으키기,126.940885,37.580151,서대문구청 푸른도시과,2021-07-26
안산공원,서울특별시 서대문구 연희동 산2-75,기타,126.940885,37.580151,서대문구청 푸른도시과,2021-07-26
안산공원,서울특별시 서대문구 연희동 산2-75,허리돌리기 ,126.9404354,37.57785814,서대문구청 푸른도시과,2021-07-26
안산공원,서울특별시 서대문구 연희동 산2-75,턱걸이 ,126.9403077,37.57769069,서대문구청 푸른도시과,2021-07-26
안산공원,서울특별시 서대문구 연희동 산2-75,평행봉,126.9402976,37.57782283,서대문구청 푸른도시과,2021-07-26
안산공원,서울특별시 서대문구 연희동 산2-75,기타,126.9402976,37.57782283,서대문구청 푸른도시과,2021-07-26
안산공원,서울특별시 서대문구 연희동 산2-75,턱걸이 ,126.9427534,37.5797982,서대문구청 푸른도시과,2021-07-26
안산공원,서울특별시 서대문구 연희동 산2-75,허리돌리기 ,126.942989,37.5796926,서대문구청 푸른도시과,2021-07-26
안산공원,서울특별시 서대문구 연희동 산2-75,허리돌리기 ,126.9430494,37.5796686,서대문구청 푸른도시과,2021-07-26
안산공원,서울특별시 서대문구 연희동 산2-75,기타,126.9430494,37.5796686,서대문구청 푸른도시과,2021-07-26
안산공원,서울특별시 서대문구 연희동 산2-75,평행봉,126.9433452,37.5796431,서대문구청 푸른도시과,2021-07-26
안산공원,서울특별시 서대문구 연희동 산2-75,턱걸이 ,126.9403528,37.5741764,서대문구청 푸른도시과,2021-07-26
안산공원,서울특별시 서대문구 연희동 산2-75,허리돌리기 ,126.9403528,37.5741764,서대문구청 푸른도시과,2021-07-26
안산공원,서울특별시 서대문구 연희동 산2-75,평행봉,126.941844,37.5729646,서대문구청 푸른도시과,2021-07-26
안산공원,서울특별시 서대문구 연희동 산2-75,허리돌리기 ,126.9418923,37.5729839,서대문구청 푸른도시과,2021-07-26
안산공원,서울특별시 서대문구 연희동 산2-75,턱걸이 ,126.9418263,37.5724024,서대문구청 푸른도시과,2021-07-26
안산공원,서울특별시 서대문구 연희동 산2-75,허리돌리기 ,126.9418263,37.5724024,서대문구청 푸른도시과,2021-07-26
안산공원,서울특별시 서대문구 연희동 산2-75,공중걷기,126.9465,37.579353,서대문구청 푸른도시과,2021-07-26
안산공원,서울특별시 서대문구 연희동 산2-75,턱걸이 ,126.9465,37.579353,서대문구청 푸른도시과,2021-07-26
안산공원,서울특별시 서대문구 연희동 산2-75,허리돌리기 ,126.9465,37.579353,서대문구청 푸른도시과,2021-07-26
안산공원,서울특별시 서대문구 연희동 산2-75,윗몸일으키기,126.9465,37.579353,서대문구청 푸른도시과,2021-07-26
안산공원,서울특별시 서대문구 연희동 산2-75,기타,126.9465,37.579353,서대문구청 푸른도시과,2021-07-26
안산공원,서울특별시 서대문구 연희동 산2-75,기타,126.9465,37.579353,서대문구청 푸른도시과,2021-07-26
안산공원,서울특별시 서대문구 연희동 산2-75,기타,126.9465,37.579353,서대문구청 푸른도시과,2021-07-26
안산공원,서울특별시 서대문구 연희동 산2-75,등허리지압기,126.9458233,37.5802562,서대문구청 푸른도시과,2021-07-26
안산공원,서울특별시 서대문구 연희동 산2-75,윗몸일으키기,126.9458233,37.5802562,서대문구청 푸른도시과,2021-07-26
안산공원,서울특별시 서대문구 연희동 산2-75,파도타기,126.9454895,37.5799677,서대문구청 푸른도시과,2021-07-26
안산공원,서울특별시 서대문구 연희동 산2-75,윗몸일으키기,126.9454895,37.5799677,서대문구청 푸른도시과,2021-07-26
안산공원,서울특별시 서대문구 연희동 산2-75,공중걷기,126.944942,37.5800411,서대문구청 푸른도시과,2021-07-26
안산공원,서울특별시 서대문구 연희동 산2-75,허리돌리기 ,126.944942,37.5800411,서대문구청 푸른도시과,2021-07-26
안산공원,서울특별시 서대문구 연희동 산2-75,공중걷기,126.9448091,37.5800891,서대문구청 푸른도시과,2021-07-26
안산공원,서울특별시 서대문구 연희동 산2-75,턱걸이,126.9448091,37.5800891,서대문구청 푸른도시과,2021-07-26
안산공원,서울특별시 서대문구 연희동 산2-75,거꾸로매달리기,126.9448373,37.5800042,서대문구청 푸른도시과,2021-07-26
안산공원,서울특별시 서대문구 연희동 산2-75,평행봉,126.9448373,37.5800042,서대문구청 푸른도시과,2021-07-26
안산공원,서울특별시 서대문구 연희동 산2-75,파도타기,126.9449187,37.58023013,서대문구청 푸른도시과,2021-07-26
안산공원,서울특별시 서대문구 연희동 산2-75,윗몸일으키기,126.9449187,37.58023013,서대문구청 푸른도시과,2021-07-26
안산공원,서울특별시 서대문구 연희동 산2-75,상체근육풀기,126.9449207,37.58025176,서대문구청 푸른도시과,2021-07-26
안산공원,서울특별시 서대문구 연희동 산2-75,공중걷기,126.9449207,37.58025176,서대문구청 푸른도시과,2021-07-26
안산공원,서울특별시 서대문구 연희동 산2-75,파도타기,126.9449207,37.58025176,서대문구청 푸른도시과,2021-07-26
안산공원,서울특별시 서대문구 연희동 산2-75,상체근육풀기,126.952535,37.574995,서대문구청 푸른도시과,2021-07-26
안산공원,서울특별시 서대문구 연희동 산2-75,상체근육풀기,126.957343,37.570512,서대문구청 푸른도시과,2021-07-26
안산공원,서울특별시 서대문구 연희동 산2-75,거꾸로매달리기,126.957343,37.570512,서대문구청 푸른도시과,2021-07-26
안산공원,서울특별시 서대문구 연희동 산2-75,등허리지압기,126.957343,37.570512,서대문구청 푸른도시과,2021-07-26
안산공원,서울특별시 서대문구 연희동 산2-75,허리돌리기 ,126.957343,37.570512,서대문구청 푸른도시과,2021-07-26
안산공원,서울특별시 서대문구 연희동 산2-75,윗몸일으키기,126.95705,37.570154,서대문구청 푸른도시과,2021-07-26
안산공원,서울특별시 서대문구 연희동 산2-75,기타,126.95705,37.570154,서대문구청 푸른도시과,2021-07-26
안산공원,서울특별시 서대문구 연희동 산2-75,기타,126.95705,37.570154,서대문구청 푸른도시과,2021-07-26
안산공원,서울특별시 서대문구 연희동 산2-75,기타,126.95705,37.570154,서대문구청 푸른도시과,2021-07-26
안산공원,서울특별시 서대문구 연희동 산2-75,기타,126.95705,37.570154,서대문구청 푸른도시과,2021-07-26
안산공원,서울특별시 서대문구 연희동 산2-75,달리기유형,126.9555199,37.5701864,서대문구청 푸른도시과,2021-07-26
안산공원,서울특별시 서대문구 연희동 산2-75,윗몸일으키기,126.9555199,37.5701864,서대문구청 푸른도시과,2021-07-26
안산공원,서울특별시 서대문구 연희동 산2-75,달리기유형,126.9555868,37.5701487,서대문구청 푸른도시과,2021-07-26
안산공원,서울특별시 서대문구 연희동 산2-75,허리돌리기 ,126.9555868,37.5701487,서대문구청 푸른도시과,2021-07-26
안산공원,서울특별시 서대문구 연희동 산2-75,윗몸일으키기,126.9555868,37.5701487,서대문구청 푸른도시과,2021-07-26
안산공원,서울특별시 서대문구 연희동 산2-75,상체근육풀기,126.9576168,37.5673875,서대문구청 푸른도시과,2021-07-26
안산공원,서울특별시 서대문구 연희동 산2-75,거꾸로매달리기,126.9576168,37.5673875,서대문구청 푸른도시과,2021-07-26
안산공원,서울특별시 서대문구 연희동 산2-75,공중걷기,126.9576168,37.5673875,서대문구청 푸른도시과,2021-07-26
안산공원,서울특별시 서대문구 연희동 산2-75,파도타기,126.9576168,37.5673875,서대문구청 푸른도시과,2021-07-26
안산공원,서울특별시 서대문구 연희동 산2-75,평행봉,126.9576168,37.5673875,서대문구청 푸른도시과,2021-07-26
안산공원,서울특별시 서대문구 연희동 산2-75,턱걸이,126.9576168,37.5673875,서대문구청 푸른도시과,2021-07-26
안산공원,서울특별시 서대문구 연희동 산2-75,허리돌리기 ,126.9576168,37.5673875,서대문구청 푸른도시과,2021-07-26
안산공원,서울특별시 서대문구 연희동 산2-75,윗몸일으키기,126.9576168,37.5673875,서대문구청 푸른도시과,2021-07-26
안산공원,서울특별시 서대문구 연희동 산2-75,허리돌리기 ,126.9576168,37.5673875,서대문구청 푸른도시과,2021-07-26
안산공원,서울특별시 서대문구 연희동 산2-75,허리돌리기 ,126.9534721,37.57182943,서대문구청 푸른도시과,2021-07-26
안산공원,서울특별시 서대문구 연희동 산2-75,윗몸일으키기,126.9534721,37.57182944,서대문구청 푸른도시과,2021-07-26
안산공원,서울특별시 서대문구 연희동 산2-75,윗몸일으키기,126.9534721,37.57182945,서대문구청 푸른도시과,2021-07-26
안산공원,서울특별시 서대문구 연희동 산2-75,거꾸로매달리기,126.9534721,37.57182946,서대문구청 푸른도시과,2021-07-26
안산공원,서울특별시 서대문구 연희동 산2-75,역기올리기,126.9535584,37.57181658,서대문구청 푸른도시과,2021-07-26
안산공원,서울특별시 서대문구 연희동 산2-75,달리기유형,126.9535584,37.57181658,서대문구청 푸른도시과,2021-07-26
안산공원,서울특별시 서대문구 연희동 산2-75,거꾸로매달리기,126.9535584,37.57181658,서대문구청 푸른도시과,2021-07-26
안산공원,서울특별시 서대문구 연희동 산2-75,허리돌리기 ,126.9535584,37.57181658,서대문구청 푸른도시과,2021-07-26
안산공원,서울특별시 서대문구 연희동 산2-75,윗몸일으키기,126.9535584,37.57181658,서대문구청 푸른도시과,2021-07-26
안산공원,서울특별시 서대문구 연희동 산2-75,역기올리기,126.9527781,37.56699743,서대문구청 푸른도시과,2021-07-26
안산공원,서울특별시 서대문구 연희동 산2-75,윗몸일으키기,126.9527781,37.56699743,서대문구청 푸른도시과,2021-07-26
안산공원,서울특별시 서대문구 연희동 산2-75,달리기유형,126.9525116,37.56701965,서대문구청 푸른도시과,2021-07-26
안산공원,서울특별시 서대문구 연희동 산2-75,기타,126.9525116,37.56701965,서대문구청 푸른도시과,2021-07-26
안산공원,서울특별시 서대문구 연희동 산2-75,파도타기,126.9525105,37.56695781,서대문구청 푸른도시과,2021-07-26
안산공원,서울특별시 서대문구 연희동 산2-75,공중걷기,126.9524069,37.56698354,서대문구청 푸른도시과,2021-07-26
안산공원,서울특별시 서대문구 연희동 산2-75,기타,126.9524069,37.56698354,서대문구청 푸른도시과,2021-07-26
안산공원,서울특별시 서대문구 연희동 산2-75,거꾸로매달리기,126.9524091,37.56691827,서대문구청 푸른도시과,2021-07-26
안산공원,서울특별시 서대문구 연희동 산2-75,기타,126.9524091,37.56691827,서대문구청 푸른도시과,2021-07-26
안산공원,서울특별시 서대문구 연희동 산2-75,허리돌리기 ,126.9523476,37.56697836,서대문구청 푸른도시과,2021-07-26
안산공원,서울특별시 서대문구 연희동 산2-75,평행봉,126.9523476,37.56697836,서대문구청 푸른도시과,2021-07-26
안산공원,서울특별시 서대문구 연희동 산2-75,허리돌리기 ,126.9523142,37.56690191,서대문구청 푸른도시과,2021-07-26
안산공원,서울특별시 서대문구 연희동 산2-75,턱걸이,126.9523142,37.56690191,서대문구청 푸른도시과,2021-07-26
안산공원,서울특별시 서대문구 연희동 산2-75,허리돌리기 ,126.952277,37.56694312,서대문구청 푸른도시과,2021-07-26
안산공원,서울특별시 서대문구 연희동 산2-75,허리돌리기 ,126.9558788,37.5680387,서대문구청 푸른도시과,2021-07-26
안산공원,서울특별시 서대문구 연희동 산2-75,허리돌리기 ,126.9558788,37.5680902,서대문구청 푸른도시과,2021-07-26
안산공원,서울특별시 서대문구 연희동 산2-75,등허리지압기,126.9557838,37.5681795,서대문구청 푸른도시과,2021-07-26
안산공원,서울특별시 서대문구 연희동 산2-75,윗몸일으키기,126.9556155,37.5681382,서대문구청 푸른도시과,2021-07-26
안산공원,서울특별시 서대문구 연희동 산2-75,평행봉,126.9555257,37.56863025,서대문구청 푸른도시과,2021-07-26
안산공원,서울특별시 서대문구 연희동 산2-75,평행봉,126.9554572,37.56856753,서대문구청 푸른도시과,2021-07-26
안산공원,서울특별시 서대문구 연희동 산2-75,허리돌리기 ,126.9555187,37.5684748,서대문구청 푸른도시과,2021-07-26
안산공원,서울특별시 서대문구 연희동 산2-75,턱걸이,126.9554432,37.5684524,서대문구청 푸른도시과,2021-07-26
안산공원,서울특별시 서대문구 연희동 산2-75,기타,126.9555426,37.568267,서대문구청 푸른도시과,2021-07-26
안산공원,서울특별시 서대문구 연희동 산2-75,기타,126.9555275,37.56824379,서대문구청 푸른도시과,2021-07-26
안산공원,서울특별시 서대문구 연희동 산2-75,역기올리기,126.9553782,37.5689772,서대문구청 푸른도시과,2021-07-26
안산공원,서울특별시 서대문구 연희동 산2-75,허리돌리기 ,126.941837,37.57074387,서대문구청 푸른도시과,2021-07-26
안산공원,서울특별시 서대문구 연희동 산2-75,허리돌리기 ,126.9421629,37.57067533,서대문구청 푸른도시과,2021-07-26
안산공원,서울특별시 서대문구 연희동 산2-75,상체근육풀기,126.9418393,37.57064683,서대문구청 푸른도시과,2021-07-26
안산공원,서울특별시 서대문구 연희동 산2-75,기타,126.9419106,37.57045105,서대문구청 푸른도시과,2021-07-26
안산공원,서울특별시 서대문구 연희동 산2-75,허리돌리기 ,126.9470599,37.56990039,서대문구청 푸른도시과,2021-07-26
안산공원,서울특별시 서대문구 연희동 산2-75,윗몸일으키기,126.9470599,37.56990039,서대문구청 푸른도시과,2021-07-26
안산공원,서울특별시 서대문구 연희동 산2-75,허리돌리기 ,126.9470599,37.56990039,서대문구청 푸른도시과,2021-07-26
안산공원,서울특별시 서대문구 연희동 산2-75,윗몸일으키기,126.9470599,37.56990039,서대문구청 푸른도시과,2021-07-26
안산공원,서울특별시 서대문구 연희동 산2-75,역기올리기,126.9471505,37.56991246,서대문구청 푸른도시과,2021-07-26
안산공원,서울특별시 서대문구 연희동 산2-75,상체근육풀기,126.9471505,37.56991246,서대문구청 푸른도시과,2021-07-26
안산공원,서울특별시 서대문구 연희동 산2-75,허리돌리기 ,126.9471505,37.56991246,서대문구청 푸른도시과,2021-07-26
안산공원,서울특별시 서대문구 연희동 산2-75,턱걸이,126.9537167,37.5705791,서대문구청 푸른도시과,2021-07-26
안산공원,서울특별시 서대문구 연희동 산2-75,허리,126.9537167,37.5705791,서대문구청 푸른도시과,2021-07-26
안산공원,서울특별시 서대문구 연희동 산2-75,윗몸일으키기,126.9537167,37.5705791,서대문구청 푸른도시과,2021-07-26
안산공원,서울특별시 서대문구 연희동 산2-75,등허리지압기,126.9517294,37.5703619,서대문구청 푸른도시과,2021-07-26
안산공원,서울특별시 서대문구 연희동 산2-75,평행봉,126.9517294,37.5703619,서대문구청 푸른도시과,2021-07-26
안산공원,서울특별시 서대문구 연희동 산2-75,턱걸이,126.9517294,37.5703619,서대문구청 푸른도시과,2021-07-26
안산공원,서울특별시 서대문구 연희동 산2-75,허리돌리기 ,126.9517294,37.5703619,서대문구청 푸른도시과,2021-07-26
안산공원,서울특별시 서대문구 연희동 산2-75,허리돌리기 ,126.9517294,37.5703619,서대문구청 푸른도시과,2021-07-26
안산공원,서울특별시 서대문구 연희동 산2-75,허리돌리기 ,126.9517294,37.5703619,서대문구청 푸른도시과,2021-07-26
안산공원,서울특별시 서대문구 연희동 산2-75,달리기유형,126.9510079,37.57094771,서대문구청 푸른도시과,2021-07-26
안산공원,서울특별시 서대문구 연희동 산2-75,상체근육풀기,126.9510079,37.57094771,서대문구청 푸른도시과,2021-07-26
안산공원,서울특별시 서대문구 연희동 산2-75,거꾸로매달리기,126.9510079,37.57094771,서대문구청 푸른도시과,2021-07-26
안산공원,서울특별시 서대문구 연희동 산2-75,공중걷기,126.9510079,37.57094771,서대문구청 푸른도시과,2021-07-26
안산공원,서울특별시 서대문구 연희동 산2-75,파도타기,126.9510079,37.57094771,서대문구청 푸른도시과,2021-07-26
안산공원,서울특별시 서대문구 연희동 산2-75,윗몸일으키기,126.9509885,37.57094642,서대문구청 푸른도시과,2021-07-26
안산공원,서울특별시 서대문구 연희동 산2-75,기타,126.9509885,37.57094642,서대문구청 푸른도시과,2021-07-26
안산공원,서울특별시 서대문구 연희동 산2-75,기타,126.9509885,37.57094642,서대문구청 푸른도시과,2021-07-26
안산공원,서울특별시 서대문구 연희동 산2-75,기타,126.9509885,37.57094642,서대문구청 푸른도시과,2021-07-26
안산공원,서울특별시 서대문구 연희동 산2-75,기타,126.9509885,37.57094642,서대문구청 푸른도시과,2021-07-26
안산공원,서울특별시 서대문구 연희동 산2-75,기타,126.9509885,37.57094642,서대문구청 푸른도시과,2021-07-26
안산공원,서울특별시 서대문구 연희동 산2-75,허리돌리기 ,126.9431157,37.5753685,서대문구청 푸른도시과,2021-07-26
안산공원,서울특별시 서대문구 연희동 산2-75,윗몸일으키기,126.9431157,37.5753685,서대문구청 푸른도시과,2021-07-26
안산공원,서울특별시 서대문구 연희동 산2-75,기타,126.9431157,37.5753685,서대문구청 푸른도시과,2021-07-26
안산공원,서울특별시 서대문구 연희동 산2-75,기타,126.9431157,37.5753685,서대문구청 푸른도시과,2021-07-26
안산공원,서울특별시 서대문구 연희동 산2-75,기타,126.9431157,37.5753685,서대문구청 푸른도시과,2021-07-26
안산공원,서울특별시 서대문구 연희동 산2-75,기타,126.9431157,37.5753685,서대문구청 푸른도시과,2021-07-26
안산공원,서울특별시 서대문구 연희동 산2-75,거꾸로매달리기,126.9429799,37.5751211,서대문구청 푸른도시과,2021-07-26
안산공원,서울특별시 서대문구 연희동 산2-75,공중걷기,126.9429799,37.5751211,서대문구청 푸른도시과,2021-07-26
안산공원,서울특별시 서대문구 연희동 산2-75,평행봉,126.9429799,37.5751211,서대문구청 푸른도시과,2021-07-26
안산공원,서울특별시 서대문구 연희동 산2-75,턱걸이,126.9429799,37.5751211,서대문구청 푸른도시과,2021-07-26
안산공원,서울특별시 서대문구 연희동 산2-75,상체근육풀기,126.9432716,37.5746111,서대문구청 푸른도시과,2021-07-26
안산공원,서울특별시 서대문구 연희동 산2-75,거꾸로매달리기,126.9432716,37.5746111,서대문구청 푸른도시과,2021-07-26
안산공원,서울특별시 서대문구 연희동 산2-75,공중걷기,126.9432716,37.5746111,서대문구청 푸른도시과,2021-07-26
안산공원,서울특별시 서대문구 연희동 산2-75,공중걷기,126.9432716,37.5746111,서대문구청 푸른도시과,2021-07-26
안산공원,서울특별시 서대문구 연희동 산2-75,파도타기,126.9432716,37.5746111,서대문구청 푸른도시과,2021-07-26
안산공원,서울특별시 서대문구 연희동 산2-75,평행봉,126.9432716,37.5746111,서대문구청 푸른도시과,2021-07-26
안산공원,서울특별시 서대문구 연희동 산2-75,허리돌리기 ,126.9432716,37.5746111,서대문구청 푸른도시과,2021-07-26
안산공원,서울특별시 서대문구 연희동 산2-75,허리돌리기 ,126.9432716,37.5746111,서대문구청 푸른도시과,2021-07-26
안산공원,서울특별시 서대문구 연희동 산2-75,윗몸일으키기,126.9432716,37.5746111,서대문구청 푸른도시과,2021-07-26
안산공원,서울특별시 서대문구 연희동 산2-75,기타,126.9432716,37.5746111,서대문구청 푸른도시과,2021-07-26
안산공원,서울특별시 서대문구 연희동 산2-75,기타,126.9432716,37.5746111,서대문구청 푸른도시과,2021-07-26
안산공원,서울특별시 서대문구 연희동 산2-75,기타,126.9432716,37.5746111,서대문구청 푸른도시과,2021-07-26
안산공원,서울특별시 서대문구 연희동 산2-75,기타,126.9432716,37.5746111,서대문구청 푸른도시과,2021-07-26
안산공원,서울특별시 서대문구 연희동 산2-75,윗몸일으키기,126.9434726,37.5737039,서대문구청 푸른도시과,2021-07-26
안산공원,서울특별시 서대문구 연희동 산2-75,기타,126.9434726,37.5737039,서대문구청 푸른도시과,2021-07-26
안산공원,서울특별시 서대문구 연희동 산2-75,허리돌리기 ,126.9434326,37.5736141,서대문구청 푸른도시과,2021-07-26
안산공원,서울특별시 서대문구 연희동 산2-75,달리기유형,126.9442444,37.5740173,서대문구청 푸른도시과,2021-07-26
안산공원,서울특별시 서대문구 연희동 산2-75,상체근육풀기,126.9442444,37.5740173,서대문구청 푸른도시과,2021-07-26
안산공원,서울특별시 서대문구 연희동 산2-75,공중걷기,126.9442444,37.5740173,서대문구청 푸른도시과,2021-07-26
안산공원,서울특별시 서대문구 연희동 산2-75,거꾸로매달리기,126.9442444,37.5740173,서대문구청 푸른도시과,2021-07-26
안산공원,서울특별시 서대문구 연희동 산2-75,허리돌리기 ,126.9442955,37.5738551,서대문구청 푸른도시과,2021-07-26
안산공원,서울특별시 서대문구 연희동 산2-75,윗몸일으키기,126.9442955,37.5738551,서대문구청 푸른도시과,2021-07-26
안산공원,서울특별시 서대문구 연희동 산2-75,기타,126.9442955,37.5738551,서대문구청 푸른도시과,2021-07-26
안산공원,서울특별시 서대문구 연희동 산2-75,기타,126.9442955,37.5738551,서대문구청 푸른도시과,2021-07-26
안산공원,서울특별시 서대문구 연희동 산2-75,기타,126.9423739,37.5723469,서대문구청 푸른도시과,2021-07-26
안산공원,서울특별시 서대문구 연희동 산2-75,허리돌리기 ,126.942494,37.5723846,서대문구청 푸른도시과,2021-07-26
안산공원,서울특별시 서대문구 연희동 산2-75,허리돌리기 ,126.9428619,37.5722747,서대문구청 푸른도시과,2021-07-26
안산공원,서울특별시 서대문구 연희동 산2-75,윗몸일으키기,126.9428619,37.5722747,서대문구청 푸른도시과,2021-07-26
안산공원,서울특별시 서대문구 연희동 산2-75,평행봉,126.9433827,37.5721416,서대문구청 푸른도시과,2021-07-26
안산공원,서울특별시 서대문구 연희동 산2-75,턱걸이,126.9433827,37.5721416,서대문구청 푸른도시과,2021-07-26
안산공원,서울특별시 서대문구 연희동 산2-75,허리돌리기 ,126.9433827,37.5721416,서대문구청 푸른도시과,2021-07-26
안산공원,서울특별시 서대문구 연희동 산2-75,평행봉,126.9432405,37.5723821,서대문구청 푸른도시과,2021-07-26
안산공원,서울특별시 서대문구 연희동 산2-75,턱걸이 ,126.9432405,37.5723821,서대문구청 푸른도시과,2021-07-26
안산공원,서울특별시 서대문구 연희동 산2-75,허리돌리기 ,126.9432405,37.5723821,서대문구청 푸른도시과,2021-07-26
안산공원,서울특별시 서대문구 연희동 산2-75,윗몸일으키기,126.9433535,37.5722793,서대문구청 푸른도시과,2021-07-26
안산공원,서울특별시 서대문구 연희동 산2-75,기타,126.9433535,37.5722793,서대문구청 푸른도시과,2021-07-26
안산공원,서울특별시 서대문구 연희동 산2-75,허리돌리기 ,126.9433826,37.5722778,서대문구청 푸른도시과,2021-07-26
안산공원,서울특별시 서대문구 연희동 산2-75,윗몸일으키기,126.9433826,37.5722778,서대문구청 푸른도시과,2021-07-26
안산공원,서울특별시 서대문구 연희동 산2-75,달리기유형,126.9474814,37.5746623,서대문구청 푸른도시과,2021-07-26
안산공원,서울특별시 서대문구 연희동 산2-75,상체근육풀기,126.9474814,37.5746623,서대문구청 푸른도시과,2021-07-26
안산공원,서울특별시 서대문구 연희동 산2-75,공중걷기,126.9474814,37.5746623,서대문구청 푸른도시과,2021-07-26
안산공원,서울특별시 서대문구 연희동 산2-75,파도타기,126.9474814,37.5746623,서대문구청 푸른도시과,2021-07-26
안산공원,서울특별시 서대문구 연희동 산2-75,등허리지압기,126.9474814,37.5746623,서대문구청 푸른도시과,2021-07-26
안산공원,서울특별시 서대문구 연희동 산2-75,평행봉,126.9473931,37.57468762,서대문구청 푸른도시과,2021-07-26
안산공원,서울특별시 서대문구 연희동 산2-75,턱걸이,126.9473931,37.57468762,서대문구청 푸른도시과,2021-07-26
안산공원,서울특별시 서대문구 연희동 산2-75,허리돌리기 ,126.9473931,37.57468762,서대문구청 푸른도시과,2021-07-26
안산공원,서울특별시 서대문구 연희동 산2-75,윗몸일으키기,126.9473931,37.57468762,서대문구청 푸른도시과,2021-07-26
안산공원,서울특별시 서대문구 연희동 산2-75,기타,126.9473931,37.57468762,서대문구청 푸른도시과,2021-07-26
안산공원,서울특별시 서대문구 연희동 산2-75,허리돌리기 ,126.9470317,37.5745896,서대문구청 푸른도시과,2021-07-26
안산공원,서울특별시 서대문구 연희동 산2-75,허리돌리기 ,126.9470317,37.5745896,서대문구청 푸른도시과,2021-07-26
안산공원,서울특별시 서대문구 연희동 산2-75,윗몸일으키기,126.9470317,37.5745896,서대문구청 푸른도시과,2021-07-26
안산공원,서울특별시 서대문구 연희동 산2-75,기타,126.9470317,37.5745896,서대문구청 푸른도시과,2021-07-26
안산공원,서울특별시 서대문구 연희동 산2-75,기타,126.9470317,37.5745896,서대문구청 푸른도시과,2021-07-26
안산공원,서울특별시 서대문구 연희동 산2-75,허리돌리기 ,126.9466312,37.574517,서대문구청 푸른도시과,2021-07-26
안산공원,서울특별시 서대문구 연희동 산2-75,윗몸일으키기,126.9466312,37.574517,서대문구청 푸른도시과,2021-07-26
안산공원,서울특별시 서대문구 연희동 산2-75,윗몸일으키기,126.9466312,37.574517,서대문구청 푸른도시과,2021-07-26
안산공원,서울특별시 서대문구 연희동 산2-75,기타,126.9466312,37.574517,서대문구청 푸른도시과,2021-07-26
안산공원,서울특별시 서대문구 연희동 산2-75,기타,126.9466312,37.574517,서대문구청 푸른도시과,2021-07-26
안산공원,서울특별시 서대문구 연희동 산2-75,파도타기,126.9466533,37.5740938,서대문구청 푸른도시과,2021-07-26
안산공원,서울특별시 서대문구 연희동 산2-75,상체근육풀기,126.9463912,37.5740589,서대문구청 푸른도시과,2021-07-26
안산공원,서울특별시 서대문구 연희동 산2-75,거꾸로매달리기,126.9463912,37.5740589,서대문구청 푸른도시과,2021-07-26
안산공원,서울특별시 서대문구 연희동 산2-75,공중걷기,126.9463475,37.5739488,서대문구청 푸른도시과,2021-07-26
안산공원,서울특별시 서대문구 연희동 산2-75,윗몸일으키기,126.9463475,37.5739488,서대문구청 푸른도시과,2021-07-26
안산공원,서울특별시 서대문구 연희동 산2-75,역기올리기,126.946355,37.5736415,서대문구청 푸른도시과,2021-07-26
안산공원,서울특별시 서대문구 연희동 산2-75,상체근육풀기,126.946355,37.5736415,서대문구청 푸른도시과,2021-07-26
안산공원,서울특별시 서대문구 연희동 산2-75,거꾸로매달리기,126.946355,37.5736415,서대문구청 푸른도시과,2021-07-26
안산공원,서울특별시 서대문구 연희동 산2-75,공중걷기,126.946355,37.5736415,서대문구청 푸른도시과,2021-07-26
안산공원,서울특별시 서대문구 연희동 산2-75,역기올리기,126.94653,37.5734793,서대문구청 푸른도시과,2021-07-26
안산공원,서울특별시 서대문구 연희동 산2-75,턱걸이,126.94653,37.5734793,서대문구청 푸른도시과,2021-07-26
안산공원,서울특별시 서대문구 연희동 산2-75,허리돌리기 ,126.94653,37.5734793,서대문구청 푸른도시과,2021-07-26
안산공원,서울특별시 서대문구 연희동 산2-75,윗몸일으키기,126.94653,37.5734793,서대문구청 푸른도시과,2021-07-26
안산공원,서울특별시 서대문구 연희동 산2-75,역기올리기,126.9463988,37.5735952,서대문구청 푸른도시과,2021-07-26
안산공원,서울특별시 서대문구 연희동 산2-75,상체근육풀기,126.9463988,37.5735952,서대문구청 푸른도시과,2021-07-26
안산공원,서울특별시 서대문구 연희동 산2-75,공중걷기,126.9463988,37.5735952,서대문구청 푸른도시과,2021-07-26
안산공원,서울특별시 서대문구 연희동 산2-75,파도타기,126.9463988,37.5735952,서대문구청 푸른도시과,2021-07-26
안산공원,서울특별시 서대문구 연희동 산2-75,위시몸일으키기,126.9463187,37.5735082,서대문구청 푸른도시과,2021-07-26
안산공원,서울특별시 서대문구 연희동 산2-75,파도타기 ,126.9463187,37.5735082,서대문구청 푸른도시과,2021-07-26
안산공원,서울특별시 서대문구 연희동 산2-75,평행봉,126.9463187,37.5735082,서대문구청 푸른도시과,2021-07-26
안산공원,서울특별시 서대문구 연희동 산2-75,상체근육풀기,126.9450158,37.572409,서대문구청 푸른도시과,2021-07-26
안산공원,서울특별시 서대문구 연희동 산2-75,턱걸이,126.9449576,37.5723568,서대문구청 푸른도시과,2021-07-26
안산공원,서울특별시 서대문구 연희동 산2-75,기타,126.9449576,37.5723568,서대문구청 푸른도시과,2021-07-26
안산공원,서울특별시 서대문구 연희동 산2-75,달리기유형,126.9449577,37.5722032,서대문구청 푸른도시과,2021-07-26
안산공원,서울특별시 서대문구 연희동 산2-75,파도타기,126.944925,37.5721597,서대문구청 푸른도시과,2021-07-26
안산공원,서울특별시 서대문구 연희동 산2-75,상체근육풀기,126.9449099,37.5728148,서대문구청 푸른도시과,2021-07-26
안산공원,서울특별시 서대문구 연희동 산2-75,평행봉,126.9449099,37.5728148,서대문구청 푸른도시과,2021-07-26
안산공원,서울특별시 서대문구 연희동 산2-75,윗몸일으키기,126.9449099,37.5728148,서대문구청 푸른도시과,2021-07-26
안산공원,서울특별시 서대문구 연희동 산2-75,파도타기,126.9445893,37.5729943,서대문구청 푸른도시과,2021-07-26
안산공원,서울특별시 서대문구 연희동 산2-75,허리돌리기 ,126.9445893,37.5729943,서대문구청 푸른도시과,2021-07-26
안산공원,서울특별시 서대문구 연희동 산2-75,거꾸로매달리기,126.9448295,37.5732379,서대문구청 푸른도시과,2021-07-26
안산공원,서울특별시 서대문구 연희동 산2-75,턱걸이,126.9448295,37.5732379,서대문구청 푸른도시과,2021-07-26
안산공원,서울특별시 서대문구 연희동 산2-75,기타,126.9448295,37.5732379,서대문구청 푸른도시과,2021-07-26
안산공원,서울특별시 서대문구 연희동 산2-75,공중걷기,126.9446183,37.5732436,서대문구청 푸른도시과,2021-07-26
안산공원,서울특별시 서대문구 연희동 산2-75,허리돌리기 ,126.9446183,37.5732436,서대문구청 푸른도시과,2021-07-26
안산공원,서울특별시 서대문구 연희동 산2-75,윗몸일으키기,126.945104,37.5737859,서대문구청 푸른도시과,2021-07-26
안산공원,서울특별시 서대문구 연희동 산2-75,턱걸이,126.9453516,37.5737961,서대문구청 푸른도시과,2021-07-26
안산공원,서울특별시 서대문구 연희동 산2-75,허리돌리기 ,126.9453717,37.5738251,서대문구청 푸른도시과,2021-07-26
안산공원,서울특별시 서대문구 연희동 산2-75,기타,126.9454919,37.5737368,서대문구청 푸른도시과,2021-07-26
안산공원,서울특별시 서대문구 연희동 산2-75,기타,126.9456322,37.5736441,서대문구청 푸른도시과,2021-07-26
백련산근린공원,서울특별시 서대문구 홍은동 산11-279,테니스장,126.92996,37.582612,서대문구청 푸른도시과,2021-07-19
백련산근린공원,서울특별시 서대문구 홍은동 산11-279,테니스장,126.929801,37.582369,서대문구청 푸른도시과,2021-07-19
백련산근린공원,서울특별시 서대문구 홍은동 산11-279,공중걷기,126.929523,37.58165,서대문구청 푸른도시과,2021-07-19
백련산근린공원,서울특별시 서대문구 홍은동 산11-279,파도타기,126.929523,37.58165,서대문구청 푸른도시과,2021-07-19
백련산근린공원,서울특별시 서대문구 홍은동 산11-279,상체근육풀기,126.930451,37.583373,서대문구청 푸른도시과,2021-07-19
백련산근린공원,서울특별시 서대문구 홍은동 산11-279,공중걷기,126.930451,37.583373,서대문구청 푸른도시과,2021-07-19
백련산근린공원,서울특별시 서대문구 홍은동 산11-279,파도타기,126.930451,37.583373,서대문구청 푸른도시과,2021-07-19
백련산근린공원,서울특별시 서대문구 홍은동 산11-279,파도타기2,126.930451,37.583373,서대문구청 푸른도시과,2021-07-19
백련산근린공원,서울특별시 서대문구 홍은동 산11-279,평행봉,126.930451,37.583373,서대문구청 푸른도시과,2021-07-19
백련산근린공원,서울특별시 서대문구 홍은동 산11-279,허리돌리기,126.930451,37.583373,서대문구청 푸른도시과,2021-07-19
백련산근린공원,서울특별시 서대문구 홍은동 산11-279,허리돌리기2,126.930451,37.583373,서대문구청 푸른도시과,2021-07-19
백련산근린공원,서울특별시 서대문구 홍은동 산11-279,풀웨이트,126.930451,37.583373,서대문구청 푸른도시과,2021-07-19
백련산근린공원,서울특별시 서대문구 홍은동 산11-279,허리돌리기,126.931312,37.584874,서대문구청 푸른도시과,2021-07-19
백련산근린공원,서울특별시 서대문구 홍은동 산11-279,등허리지압기,126.929984,37.585623,서대문구청 푸른도시과,2021-07-19
백련산근린공원,서울특별시 서대문구 홍은동 산11-279,공중걷기,126.929984,37.585866,서대문구청 푸른도시과,2021-07-19
백련산근린공원,서울특별시 서대문구 홍은동 산11-279,기타,126.928076,37.588332,서대문구청 푸른도시과,2021-07-19
백련산근린공원,서울특별시 서대문구 홍은동 산11-279,기타,126.927637,37.589378,서대문구청 푸른도시과,2021-07-19
백련산근린공원,서울특별시 서대문구 홍은동 산11-279,역기들기,126.928035,37.589949,서대문구청 푸른도시과,2021-07-19
백련산근린공원,서울특별시 서대문구 홍은동 산11-279,역기내리기,126.928035,37.589949,서대문구청 푸른도시과,2021-07-19
백련산근린공원,서울특별시 서대문구 홍은동 산11-279,역기들기,126.927835,37.590456,서대문구청 푸른도시과,2021-07-19
백련산근린공원,서울특별시 서대문구 홍은동 산11-279,역기내리기,126.927835,37.590456,서대문구청 푸른도시과,2021-07-19
백련산근린공원,서울특별시 서대문구 홍은동 산11-279,등허리지압기,126.927914,37.591122,서대문구청 푸른도시과,2021-07-19
백련산근린공원,서울특별시 서대문구 홍은동 산11-279,자전거타기,126.928418,37.591745,서대문구청 푸른도시과,2021-07-19
백련산근린공원,서울특별시 서대문구 홍은동 산11-279,허리돌리기,126.9284693,37.5919157,서대문구청 푸른도시과,2021-07-19
백련산근린공원,서울특별시 서대문구 홍은동 산11-279,풀웨이트,126.9285291,37.5918946,서대문구청 푸른도시과,2021-07-19
백련산근린공원,서울특별시 서대문구 홍은동 산11-279,허리돌리기,126.9285869,37.5921654,서대문구청 푸른도시과,2021-07-19
백련산근린공원,서울특별시 서대문구 홍은동 산11-279,기타,126.9286931,37.5921866,서대문구청 푸른도시과,2021-07-19
백련산근린공원,서울특별시 서대문구 홍은동 산11-279,등허리지압기,126.9286565,37.5923477,서대문구청 푸른도시과,2021-07-19
백련산근린공원,서울특별시 서대문구 홍은동 산11-279,거꾸로 매달리기,126.928915,37.5927441,서대문구청 푸른도시과,2021-07-19
백련산근린공원,서울특별시 서대문구 홍은동 산11-279,달리기유형,126.934299,37.5965443,서대문구청 푸른도시과,2021-07-19
백련산근린공원,서울특별시 서대문구 홍은동 산11-279,상체근육풀기,126.9309572,37.5833888,서대문구청 푸른도시과,2021-07-19
백련산근린공원,서울특별시 서대문구 홍은동 산11-279,허리돌리기,126.9315634,37.5848901,서대문구청 푸른도시과,2021-07-20
백련산근린공원,서울특별시 서대문구 홍은동 산11-279,기타,126.9284892,37.5852191,서대문구청 푸른도시과,2021-07-20
백련산근린공원,서울특별시 서대문구 홍은동 산11-279,상체근육풀기,126.9292457,37.5952947,서대문구청 푸른도시과,2021-07-20
백련산근린공원,서울특별시 서대문구 홍은동 산11-279,공중걷기,126.9292457,37.5952947,서대문구청 푸른도시과,2021-07-20
백련산근린공원,서울특별시 서대문구 홍은동 산11-279,파도타기,126.9292457,37.5952947,서대문구청 푸른도시과,2021-07-20
백련산근린공원,서울특별시 서대문구 홍은동 산11-279,파도타기2,126.9292457,37.5952947,서대문구청 푸른도시과,2021-07-20
백련산근린공원,서울특별시 서대문구 홍은동 산11-279,평행봉,126.9292457,37.5952947,서대문구청 푸른도시과,2021-07-20
백련산근린공원,서울특별시 서대문구 홍은동 산11-279,허리돌리기,126.9292457,37.5952947,서대문구청 푸른도시과,2021-07-20
백련산근린공원,서울특별시 서대문구 홍은동 산11-279,허리돌리기2,126.9292457,37.5952947,서대문구청 푸른도시과,2021-07-20
백련산근린공원,서울특별시 서대문구 홍은동 산11-279,풀웨이트,126.9292457,37.5952947,서대문구청 푸른도시과,2021-07-20
백련산근린공원,서울특별시 서대문구 홍은동 산11-279,다리뻗치기,126.930799,37.5867337,서대문구청 푸른도시과,2021-07-20
백련산근린공원,서울특별시 서대문구 홍은동 산11-279,허리돌리기,126.930799,37.5867337,서대문구청 푸른도시과,2021-07-20
백련산근린공원,서울특별시 서대문구 홍은동 산11-279,거꾸로 매달리기,126.930799,37.5867337,서대문구청 푸른도시과,2021-07-20
백련산근린공원,서울특별시 서대문구 홍은동 산11-279,허리돌리기,126.9297545,37.5888305,서대문구청 푸른도시과,2021-07-20
백련산근린공원,서울특별시 서대문구 홍은동 산11-279,윗몸일으키기,126.9297545,37.5888305,서대문구청 푸른도시과,2021-07-20
백련산근린공원,서울특별시 서대문구 홍은동 산11-279,허리돌리기,126.9313408,37.5880906,서대문구청 푸른도시과,2021-07-20
백련산근린공원,서울특별시 서대문구 홍은동 산11-279,기타,126.9313408,37.5880906,서대문구청 푸른도시과,2021-07-20
백련산근린공원,서울특별시 서대문구 홍은동 산11-279,상체근육풀기,126.9283557,37.5842425,서대문구청 푸른도시과,2021-07-20
백련산근린공원,서울특별시 서대문구 홍은동 산11-279,공중걷기,126.9283557,37.5842425,서대문구청 푸른도시과,2021-07-20
백련산근린공원,서울특별시 서대문구 홍은동 산11-279,다리뻗치기,126.9283557,37.5842425,서대문구청 푸른도시과,2021-07-20
백련산근린공원,서울특별시 서대문구 홍은동 산11-279,달리기유형,126.9283557,37.5842425,서대문구청 푸른도시과,2021-07-20
백련산근린공원,서울특별시 서대문구 홍은동 산11-279,배드민턴장,126.9338561,37.5961199,서대문구청 푸른도시과,2021-07-20
백련산근린공원,서울특별시 서대문구 홍은동 산11-279,등허리지압기,126.9358422,37.5951164,서대문구청 푸른도시과,2021-07-20
백련산근린공원,서울특별시 서대문구 홍은동 산11-279,기타,126.9358422,37.5951164,서대문구청 푸른도시과,2021-07-20
백련산근린공원,서울특별시 서대문구 홍은동 산11-279,달리기유형,126.9378231,37.5928218,서대문구청 푸른도시과,2021-07-20
백련산근린공원,서울특별시 서대문구 홍은동 산11-279,상체근육풀기,126.9378231,37.5928218,서대문구청 푸른도시과,2021-07-20
백련산근린공원,서울특별시 서대문구 홍은동 산11-279,윗몸일으키기,126.9378231,37.5928218,서대문구청 푸른도시과,2021-07-20
백련산근린공원,서울특별시 서대문구 홍은동 산11-279,파도타기,126.9379093,37.5928694,서대문구청 푸른도시과,2021-07-20
백련산근린공원,서울특별시 서대문구 홍은동 산11-279,허리돌리기,126.9379093,37.5928694,서대문구청 푸른도시과,2021-07-20
백련산근린공원,서울특별시 서대문구 홍은동 산11-279,거꾸로 매달리기,126.929913,37.5858261,서대문구청 푸른도시과,2021-07-20
백련산근린공원,서울특별시 서대문구 홍은동 산11-279,파도타기,126.9279722,37.5885463,서대문구청 푸른도시과,2021-07-20
백련산근린공원,서울특별시 서대문구 홍은동 산11-279,공중걷기,126.9279703,37.5913182,서대문구청 푸른도시과,2021-07-20
백련산근린공원,서울특별시 서대문구 홍은동 산11-279,공중걷기,126.9315206,37.5848101,서대문구청 푸른도시과,2021-07-20
백련산근린공원,서울특별시 서대문구 홍은동 산11-279,상체근육풀기,126.929808,37.5886024,서대문구청 푸른도시과,2021-07-20
백련산근린공원,서울특별시 서대문구 홍은동 산11-279,공중걷기,126.929808,37.5886024,서대문구청 푸른도시과,2021-07-20
백련산근린공원,서울특별시 서대문구 홍은동 산11-279,달리기유형,126.9313841,37.5879651,서대문구청 푸른도시과,2021-07-20
백련산근린공원,서울특별시 서대문구 홍은동 산11-279,공중걷기,126.9313841,37.5879651,서대문구청 푸른도시과,2021-07-20
궁동근린공원,서울특별시 서대문구 연희동 188-22,허리돌리기,126.9289567,37.5736028,서대문구청 푸른도시과,2021-07-21
궁동근린공원,서울특별시 서대문구 연희동 188-22,허리운동,126.9289567,37.5736028,서대문구청 푸른도시과,2021-07-21
궁동근린공원,서울특별시 서대문구 연희동 188-22,허리운동 2,126.9289567,37.5736028,서대문구청 푸른도시과,2021-07-21
궁동근린공원,서울특별시 서대문구 연희동 188-22,벤치프레스,126.9289567,37.5736028,서대문구청 푸른도시과,2021-07-21
궁동근린공원,서울특별시 서대문구 연희동 188-22,윗몸일으키기,126.9289567,37.5736028,서대문구청 푸른도시과,2021-07-21
궁동근린공원,서울특별시 서대문구 연희동 188-22,윗몸일으키기 2,126.9289567,37.5736028,서대문구청 푸른도시과,2021-07-21
궁동근린공원,서울특별시 서대문구 연희동 188-22,평행봉,126.9310522,37.573917,서대문구청 푸른도시과,2021-07-21
궁동근린공원,서울특별시 서대문구 연희동 188-22,신기종 기구,126.9309626,37.5739289,서대문구청 푸른도시과,2021-07-21
궁동근린공원,서울특별시 서대문구 연희동 188-22,신기종 기구 2,126.9309626,37.5739289,서대문구청 푸른도시과,2021-07-21
궁동근린공원,서울특별시 서대문구 연희동 188-22,신기종 기구 3,126.9309626,37.5739289,서대문구청 푸른도시과,2021-07-21
궁동근린공원,서울특별시 서대문구 연희동 188-22,벤치프레스,126.9309626,37.5739289,서대문구청 푸른도시과,2021-07-21
궁동근린공원,서울특별시 서대문구 연희동 188-22,허리돌리기,126.9309626,37.5739289,서대문구청 푸른도시과,2021-07-21
궁동근린공원,서울특별시 서대문구 연희동 188-22,허리돌리기 2,126.9309626,37.5739289,서대문구청 푸른도시과,2021-07-21
궁동근린공원,서울특별시 서대문구 연희동 188-22,신기종 기구,126.9309026,37.5742181,서대문구청 푸른도시과,2021-07-21
궁동근린공원,서울특별시 서대문구 연희동 188-22,허리운동,126.9309026,37.5742181,서대문구청 푸른도시과,2021-07-21
궁동근린공원,서울특별시 서대문구 연희동 188-22,허리운동 2,126.9309026,37.5742181,서대문구청 푸른도시과,2021-07-21
궁동근린공원,서울특별시 서대문구 연희동 188-22,윗몸일으키기,126.9309026,37.5742181,서대문구청 푸른도시과,2021-07-21
궁동근린공원,서울특별시 서대문구 연희동 188-22,윗몸일으키기 2,126.9309026,37.5742181,서대문구청 푸른도시과,2021-07-21
궁동근린공원,서울특별시 서대문구 연희동 188-22,배드민턴장,126.93093,37.5740972,서대문구청 푸른도시과,2021-07-21
궁동근린공원,서울특별시 서대문구 연희동 188-22,배드민턴장 2,126.93093,37.5740972,서대문구청 푸른도시과,2021-07-21
궁동근린공원,서울특별시 서대문구 연희동 188-22,배드민턴장 3,126.93093,37.5740972,서대문구청 푸른도시과,2021-07-21
궁동근린공원,서울특별시 서대문구 연희동 188-22,배드민턴장 4,126.93093,37.5740972,서대문구청 푸른도시과,2021-07-21
궁동근린공원,서울특별시 서대문구 연희동 188-22,허리운동,126.929957,37.5735413,서대문구청 푸른도시과,2021-07-21
궁동근린공원,서울특별시 서대문구 연희동 188-22,허리돌리기,126.929957,37.5735413,서대문구청 푸른도시과,2021-07-21
궁동근린공원,서울특별시 서대문구 연희동 188-22,허리돌리기 2,126.929957,37.5735413,서대문구청 푸른도시과,2021-07-21
궁동근린공원,서울특별시 서대문구 연희동 188-22,윗몸일으키기,126.9302157,37.5737276,서대문구청 푸른도시과,2021-07-21
궁동근린공원,서울특별시 서대문구 연희동 188-22,벤치프레스,126.9302157,37.5737276,서대문구청 푸른도시과,2021-07-21
궁동근린공원,서울특별시 서대문구 연희동 188-22,허리운동,126.9302157,37.5737276,서대문구청 푸른도시과,2021-07-21
궁동근린공원,서울특별시 서대문구 연희동 188-22,평행봉,126.9302157,37.5737276,서대문구청 푸른도시과,2021-07-21
궁동근린공원,서울특별시 서대문구 연희동 188-22,신기종 기구,126.9248091,37.5685536,서대문구청 푸른도시과,2021-07-21
궁동근린공원,서울특별시 서대문구 연희동 188-22,신기종 기구 2,126.9248091,37.5685536,서대문구청 푸른도시과,2021-07-21
궁동근린공원,서울특별시 서대문구 연희동 188-22,신기종 기구 3,126.9248091,37.5685536,서대문구청 푸른도시과,2021-07-21
궁동근린공원,서울특별시 서대문구 연희동 188-22,신기종 기구 4,126.9248091,37.5685536,서대문구청 푸른도시과,2021-07-21
궁동근린공원,서울특별시 서대문구 연희동 188-22,신기종 기구 5,126.9248091,37.5685536,서대문구청 푸른도시과,2021-07-21
궁동근린공원,서울특별시 서대문구 연희동 188-22,신기종 기구 6,126.9248091,37.5685536,서대문구청 푸른도시과,2021-07-21
궁동근린공원,서울특별시 서대문구 연희동 188-22,신기종 기구 7,126.9248091,37.5685536,서대문구청 푸른도시과,2021-07-21
궁동근린공원,서울특별시 서대문구 연희동 188-22,허리돌리기,126.9248091,37.5685536,서대문구청 푸른도시과,2021-07-21
궁동근린공원,서울특별시 서대문구 연희동 188-22,기타,126.9248091,37.5685536,서대문구청 푸른도시과,2021-07-21
궁동근린공원,서울특별시 서대문구 연희동 188-22,팔굽혀펴기,126.9236444,37.5685331,서대문구청 푸른도시과,2021-07-21
궁동근린공원,서울특별시 서대문구 연희동 188-22,철봉 ,126.9236444,37.5685331,서대문구청 푸른도시과,2021-07-21
궁동근린공원,서울특별시 서대문구 연희동 188-22,철봉 2,126.9236444,37.5685331,서대문구청 푸른도시과,2021-07-21
궁동근린공원,서울특별시 서대문구 연희동 188-22,철봉 3,126.9236444,37.5685331,서대문구청 푸른도시과,2021-07-21
궁동근린공원,서울특별시 서대문구 연희동 188-22,허리운동,126.9236444,37.5685331,서대문구청 푸른도시과,2021-07-21
궁동근린공원,서울특별시 서대문구 연희동 188-22,평행봉,126.9235049,37.568632,서대문구청 푸른도시과,2021-07-21
궁동근린공원,서울특별시 서대문구 연희동 188-22,철봉,126.9235049,37.568632,서대문구청 푸른도시과,2021-07-21
궁동근린공원,서울특별시 서대문구 연희동 188-22,철봉 2,126.9235049,37.568632,서대문구청 푸른도시과,2021-07-21
궁동근린공원,서울특별시 서대문구 연희동 188-22,팔굽혀펴기,126.9235049,37.568632,서대문구청 푸른도시과,2021-07-21
궁동근린공원,서울특별시 서대문구 연희동 188-22,기타,126.9235049,37.568632,서대문구청 푸른도시과,2021-07-21
궁동근린공원,서울특별시 서대문구 연희동 188-22,배드민턴장,126.9233753,37.5687587,서대문구청 푸른도시과,2021-07-21
궁동근린공원,서울특별시 서대문구 연희동 188-22,배드민턴장 2,126.9233753,37.5687587,서대문구청 푸른도시과,2021-07-21
궁동근린공원,서울특별시 서대문구 연희동 188-22,허리돌리기,126.9228677,37.568699,서대문구청 푸른도시과,2021-07-22
궁동근린공원,서울특별시 서대문구 연희동 188-22,철봉,126.9228677,37.568699,서대문구청 푸른도시과,2021-07-22
궁동근린공원,서울특별시 서대문구 연희동 188-22,기타,126.9228677,37.568699,서대문구청 푸른도시과,2021-07-22
궁동근린공원,서울특별시 서대문구 연희동 188-22,윗몸일으키기,126.9229413,37.5696737,서대문구청 푸른도시과,2021-07-22
궁동근린공원,서울특별시 서대문구 연희동 188-22,철봉,126.9229413,37.5696737,서대문구청 푸른도시과,2021-07-22
궁동근린공원,서울특별시 서대문구 연희동 188-22,철봉 2,126.9229413,37.5696737,서대문구청 푸른도시과,2021-07-22
궁동근린공원,서울특별시 서대문구 연희동 188-22,허리돌리기,126.9229413,37.5696737,서대문구청 푸른도시과,2021-07-22
궁동근린공원,서울특별시 서대문구 연희동 188-22,평행봉,126.9226775,37.5696973,서대문구청 푸른도시과,2021-07-22
궁동근린공원,서울특별시 서대문구 연희동 188-22,매달리기,126.9226775,37.5696973,서대문구청 푸른도시과,2021-07-22
궁동근린공원,서울특별시 서대문구 연희동 188-22,매달리기 2,126.9226775,37.5696973,서대문구청 푸른도시과,2021-07-22
궁동근린공원,서울특별시 서대문구 연희동 188-22,농구대,126.9228491,37.5697866,서대문구청 푸른도시과,2021-07-22
궁동근린공원,서울특별시 서대문구 연희동 188-22,신기종 기구,126.9228491,37.5697866,서대문구청 푸른도시과,2021-07-22
궁동근린공원,서울특별시 서대문구 연희동 188-22,신기종 기구 2,126.9228491,37.5697866,서대문구청 푸른도시과,2021-07-22
궁동근린공원,서울특별시 서대문구 연희동 188-22,신기종 기구 3,126.9228491,37.5697866,서대문구청 푸른도시과,2021-07-22
궁동근린공원,서울특별시 서대문구 연희동 188-22,신기종 기구 4,126.9228491,37.5697866,서대문구청 푸른도시과,2021-07-22
궁동근린공원,서울특별시 서대문구 연희동 188-22,신기종 기구 5,126.9228491,37.5697866,서대문구청 푸른도시과,2021-07-22
궁동근린공원,서울특별시 서대문구 연희동 188-22,허리돌리기,126.9228491,37.5697866,서대문구청 푸른도시과,2021-07-22
궁동근린공원,서울특별시 서대문구 연희동 188-22,허리돌리기 2,126.9228491,37.5697866,서대문구청 푸른도시과,2021-07-22
궁동근린공원,서울특별시 서대문구 연희동 188-22,윗몸일으키기,126.9228491,37.5697866,서대문구청 푸른도시과,2021-07-22
궁동근린공원,서울특별시 서대문구 연희동 188-22,평행봉,126.9228491,37.5697866,서대문구청 푸른도시과,2021-07-22
궁동근린공원,서울특별시 서대문구 연희동 188-22,평행봉 2,126.9228491,37.5697866,서대문구청 푸른도시과,2021-07-22
궁동근린공원,서울특별시 서대문구 연희동 188-22,균형잡기,126.9228491,37.5697866,서대문구청 푸른도시과,2021-07-22
궁동근린공원,서울특별시 서대문구 연희동 188-22,균형잡기 2,126.9228491,37.5697866,서대문구청 푸른도시과,2021-07-22
궁동근린공원,서울특별시 서대문구 연희동 188-22,균형잡기 3,126.9228491,37.5697866,서대문구청 푸른도시과,2021-07-22
궁동근린공원,서울특별시 서대문구 연희동 188-22,배드민턴장,126.9231378,37.5698343,서대문구청 푸른도시과,2021-07-22
궁동근린공원,서울특별시 서대문구 연희동 188-22,배드민턴장 2,126.9231378,37.5698343,서대문구청 푸른도시과,2021-07-22
궁동근린공원,서울특별시 서대문구 연희동 188-22,허리돌리기,126.9233666,37.5700246,서대문구청 푸른도시과,2021-07-22
궁동근린공원,서울특별시 서대문구 연희동 188-22,평균대,126.9233863,37.5702267,서대문구청 푸른도시과,2021-07-22
궁동근린공원,서울특별시 서대문구 연희동 188-22,윗몸일으키기,126.9233863,37.5702267,서대문구청 푸른도시과,2021-07-22
궁동근린공원,서울특별시 서대문구 연희동 188-22,허리운동,126.9233863,37.5702267,서대문구청 푸른도시과,2021-07-22
궁동근린공원,서울특별시 서대문구 연희동 188-22,윗몸일으키기,126.9237364,37.5685747,서대문구청 푸른도시과,2021-07-22
궁동근린공원,서울특별시 서대문구 연희동 188-22,윗몸일으키기,126.926951,37.573288,서대문구청 푸른도시과,2021-07-22
궁동근린공원,서울특별시 서대문구 연희동 188-22,매달리기,126.926951,37.573288,서대문구청 푸른도시과,2021-07-22
궁동근린공원,서울특별시 서대문구 연희동 188-22,평행봉,126.926951,37.573288,서대문구청 푸른도시과,2021-07-22
궁동근린공원,서울특별시 서대문구 연희동 188-22,기타,126.926951,37.573288,서대문구청 푸른도시과,2021-07-22
궁동근린공원,서울특별시 서대문구 연희동 188-22,윗몸일으키기,126.9276527,37.5728582,서대문구청 푸른도시과,2021-07-22
궁동근린공원,서울특별시 서대문구 연희동 188-22,윗몸일으키기 2,126.9276527,37.5728582,서대문구청 푸른도시과,2021-07-22
궁동근린공원,서울특별시 서대문구 연희동 188-22,벤치프레스,126.9276527,37.5728582,서대문구청 푸른도시과,2021-07-22
궁동근린공원,서울특별시 서대문구 연희동 188-22,허리돌리기,126.9276527,37.5728582,서대문구청 푸른도시과,2021-07-22
궁동근린공원,서울특별시 서대문구 연희동 188-22,허리돌리기 2,126.9276527,37.5728582,서대문구청 푸른도시과,2021-07-22
인왕산공원,서울특별시 서대문구 홍제동 산1-1,턱걸이,126.96093,37.584278,서대문구청 푸른도시과,2021-07-23
인왕산공원,서울특별시 서대문구 홍제동 산1-1,허리돌리기,126.96093,37.584278,서대문구청 푸른도시과,2021-07-23
인왕산공원,서울특별시 서대문구 홍제동 산1-1,풀웨이트,126.96093,37.584278,서대문구청 푸른도시과,2021-07-23
인왕산공원,서울특별시 서대문구 홍제동 산1-1,공중걷기,126.96093,37.584278,서대문구청 푸른도시과,2021-07-23
인왕산공원,서울특별시 서대문구 홍제동 산1-1,파도타기,126.96093,37.584278,서대문구청 푸른도시과,2021-07-23
인왕산공원,서울특별시 서대문구 홍제동 산1-1,상체근육풀기,126.961806,37.585103,서대문구청 푸른도시과,2021-07-23
인왕산공원,서울특별시 서대문구 홍제동 산1-1,허리돌리기,126.961806,37.585103,서대문구청 푸른도시과,2021-07-23
인왕산공원,서울특별시 서대문구 홍제동 산1-1,상체근육풀기,126.958387,37.579771,서대문구청 푸른도시과,2021-07-23
인왕산공원,서울특별시 서대문구 홍제동 산1-1,허리돌리기,126.958387,37.579771,서대문구청 푸른도시과,2021-07-23
인왕산공원,서울특별시 서대문구 홍제동 산1-1,윗몸일으키기,126.958387,37.579771,서대문구청 푸른도시과,2021-07-23
인왕산공원,서울특별시 서대문구 홍제동 산1-1,공중걷기,126.958387,37.579771,서대문구청 푸른도시과,2021-07-23
인왕산공원,서울특별시 서대문구 홍제동 산1-1,기타,126.958387,37.579771,서대문구청 푸른도시과,2021-07-23
인왕산공원,서울특별시 서대문구 홍제동 산1-1,기타2,126.958387,37.579771,서대문구청 푸른도시과,2021-07-23
인왕산공원,서울특별시 서대문구 홍제동 산1-1,역기올리기,126.960029,37.590153,서대문구청 푸른도시과,2021-07-23
인왕산공원,서울특별시 서대문구 홍제동 산1-1,거꾸로 매달리기,126.960029,37.590153,서대문구청 푸른도시과,2021-07-23
인왕산공원,서울특별시 서대문구 홍제동 산1-1,공중걷기,126.960029,37.590153,서대문구청 푸른도시과,2021-07-23
인왕산공원,서울특별시 서대문구 홍제동 산1-1,파도타기,126.960029,37.590153,서대문구청 푸른도시과,2021-07-23
인왕산공원,서울특별시 서대문구 홍제동 산1-1,평행봉,126.960029,37.590153,서대문구청 푸른도시과,2021-07-23
인왕산공원,서울특별시 서대문구 홍제동 산1-1,허리돌리기,126.958853,37.592229,서대문구청 푸른도시과,2021-07-23
인왕산공원,서울특별시 서대문구 홍제동 산1-1,풀웨이트,126.958853,37.592229,서대문구청 푸른도시과,2021-07-23
인왕산공원,서울특별시 서대문구 홍제동 산1-1,상체근육풀기,126.958853,37.592229,서대문구청 푸른도시과,2021-07-23
인왕산공원,서울특별시 서대문구 홍제동 산1-1,기타,126.955073,37.584525,서대문구청 푸른도시과,2021-07-23
인왕산공원,서울특별시 서대문구 홍제동 산1-1,공중걷기,126.955724,37.594092,서대문구청 푸른도시과,2021-07-26
인왕산공원,서울특별시 서대문구 홍제동 산1-1,파도타기,126.955724,37.594092,서대문구청 푸른도시과,2021-07-26
인왕산공원,서울특별시 서대문구 홍제동 산1-1,달리기유형,126.956768,37.587564,서대문구청 푸른도시과,2021-07-26
인왕산공원,서울특별시 서대문구 홍제동 산1-1,상체근육풀기,126.956768,37.587564,서대문구청 푸른도시과,2021-07-26
인왕산공원,서울특별시 서대문구 홍제동 산1-1,공중걷기,126.956768,37.587564,서대문구청 푸른도시과,2021-07-26
인왕산공원,서울특별시 서대문구 홍제동 산1-1,파도타기,126.956768,37.587564,서대문구청 푸른도시과,2021-07-26
인왕산공원,서울특별시 서대문구 홍제동 산1-1,파도타기2,126.956768,37.587564,서대문구청 푸른도시과,2021-07-26
인왕산공원,서울특별시 서대문구 홍제동 산1-1,풀웨이트,126.956768,37.587564,서대문구청 푸른도시과,2021-07-26
인왕산공원,서울특별시 서대문구 홍제동 산1-1,기타,126.956768,37.587564,서대문구청 푸른도시과,2021-07-26
인왕산공원,서울특별시 서대문구 홍제동 산1-1,허리돌리기,126.959499,37.582715,서대문구청 푸른도시과,2021-07-26
인왕산공원,서울특별시 서대문구 홍제동 산1-1,상체근육풀기,126.959499,37.582715,서대문구청 푸른도시과,2021-07-26
인왕산공원,서울특별시 서대문구 홍제동 산1-1,파도타기,126.959499,37.582715,서대문구청 푸른도시과,2021-07-26
인왕산공원,서울특별시 서대문구 홍제동 산1-1,윗몸일으키기,126.959499,37.582715,서대문구청 푸른도시과,2021-07-26
인왕산공원,서울특별시 서대문구 홍제동 산1-1,자전거달리기,126.959499,37.582715,서대문구청 푸른도시과,2021-07-26
인왕산공원,서울특별시 서대문구 홍제동 산1-1,상체근육풀기,126.960061,37.593767,서대문구청 푸른도시과,2021-07-26
인왕산공원,서울특별시 서대문구 홍제동 산1-1,허리돌리기,126.960061,37.593767,서대문구청 푸른도시과,2021-07-26
인왕산공원,서울특별시 서대문구 홍제동 산1-1,기타,126.960061,37.593767,서대문구청 푸른도시과,2021-07-26
인왕산공원,서울특별시 서대문구 홍제동 산1-1,기타2,126.960061,37.593767,서대문구청 푸른도시과,2021-07-26
인왕산공원,서울특별시 서대문구 홍제동 산1-1,기타3,126.960061,37.593767,서대문구청 푸른도시과,2021-07-26
인왕산공원,서울특별시 서대문구 홍제동 산1-1,거꾸로 매달리기,126.960358,37.58535,서대문구청 푸른도시과,2021-07-26
인왕산공원,서울특별시 서대문구 홍제동 산1-1,상체근육풀기,126.960358,37.58535,서대문구청 푸른도시과,2021-07-26
인왕산공원,서울특별시 서대문구 홍제동 산1-1,파도타기,126.960358,37.58535,서대문구청 푸른도시과,2021-07-26
인왕산공원,서울특별시 서대문구 홍제동 산1-1,공중걷기,126.960358,37.58535,서대문구청 푸른도시과,2021-07-26
북한산공원,서울특별시 서대문구 홍은동 산1-279,거꾸로 매달리기,126.9434529,37.5944755,서대문구청 푸른도시과,2021-07-26
북한산공원,서울특별시 서대문구 홍은동 산1-279,기타,126.9434529,37.5944755,서대문구청 푸른도시과,2021-07-26
북한산공원,서울특별시 서대문구 홍은동 산1-279,파도타기,126.9432558,37.5945561,서대문구청 푸른도시과,2021-07-26
북한산공원,서울특별시 서대문구 홍은동 산1-279,기타,126.9432558,37.5945561,서대문구청 푸른도시과,2021-07-26
북한산공원,서울특별시 서대문구 홍은동 산1-279,등허리지압기,126.9431125,37.594651,서대문구청 푸른도시과,2021-07-26
북한산공원,서울특별시 서대문구 홍은동 산1-279,기타,126.9431125,37.594651,서대문구청 푸른도시과,2021-07-26
북한산공원,서울특별시 서대문구 홍은동 산1-279,턱걸이,126.9427124,37.5948551,서대문구청 푸른도시과,2021-07-26
북한산공원,서울특별시 서대문구 홍은동 산1-279,거꾸로 매달리기,126.9427124,37.5948551,서대문구청 푸른도시과,2021-07-26
북한산공원,서울특별시 서대문구 홍은동 산1-279,풀웨이트,126.9431422,37.594803,서대문구청 푸른도시과,2021-07-26
북한산공원,서울특별시 서대문구 홍은동 산1-279,파도타기,126.9431422,37.594803,서대문구청 푸른도시과,2021-07-26
북한산공원,서울특별시 서대문구 홍은동 산1-279,기타,126.9428265,37.5939717,서대문구청 푸른도시과,2021-07-26
북한산공원,서울특별시 서대문구 홍은동 산1-279,등허리지압기,126.9428265,37.5939717,서대문구청 푸른도시과,2021-07-26
북한산공원,서울특별시 서대문구 홍은동 산1-279,턱걸이,126.9425339,37.5940618,서대문구청 푸른도시과,2021-07-26
북한산공원,서울특별시 서대문구 홍은동 산1-279,허리돌리기,126.9425339,37.5940618,서대문구청 푸른도시과,2021-07-26
북한산공원,서울특별시 서대문구 홍은동 산1-279,기타,126.9432441,37.5942901,서대문구청 푸른도시과,2021-07-27
북한산공원,서울특별시 서대문구 홍은동 산1-279,윗몸일으키기,126.9432441,37.5942901,서대문구청 푸른도시과,2021-07-27
북한산공원,서울특별시 서대문구 홍은동 산1-279,턱걸이,126.9416812,37.5980108,서대문구청 푸른도시과,2021-07-27
북한산공원,서울특별시 서대문구 홍은동 산1-279,허리돌리기,126.9416812,37.5980108,서대문구청 푸른도시과,2021-07-27
북한산공원,서울특별시 서대문구 홍은동 산1-279,기타,126.9416812,37.5980108,서대문구청 푸른도시과,2021-07-27
북한산공원,서울특별시 서대문구 홍은동 산1-279,기타2,126.9416812,37.5980108,서대문구청 푸른도시과,2021-07-27
북한산공원,서울특별시 서대문구 홍은동 산1-279,기타3,126.9416812,37.5980108,서대문구청 푸른도시과,2021-07-27
북한산공원,서울특별시 서대문구 홍은동 산1-279,기타4,126.9416812,37.5980108,서대문구청 푸른도시과,2021-07-27
북한산공원,서울특별시 서대문구 홍은동 산1-279,기타5,126.9416812,37.5980108,서대문구청 푸른도시과,2021-07-27
북한산공원,서울특별시 서대문구 홍은동 산1-279,거꾸로 매달리기,126.9410131,37.6014847,서대문구청 푸른도시과,2021-07-27
북한산공원,서울특별시 서대문구 홍은동 산1-279,거꾸로 매달리기2,126.9410131,37.6014847,서대문구청 푸른도시과,2021-07-27
북한산공원,서울특별시 서대문구 홍은동 산1-279,공중걷기,126.9410131,37.6014847,서대문구청 푸른도시과,2021-07-27
북한산공원,서울특별시 서대문구 홍은동 산1-279,파도타기,126.9410131,37.6014847,서대문구청 푸른도시과,2021-07-27
북한산공원,서울특별시 서대문구 홍은동 산1-279,파도타기2,126.9410131,37.6014847,서대문구청 푸른도시과,2021-07-27
북한산공원,서울특별시 서대문구 홍은동 산1-279,턱걸이,126.9408217,37.6018979,서대문구청 푸른도시과,2021-07-27
북한산공원,서울특별시 서대문구 홍은동 산1-279,허리돌리기,126.9408217,37.6018979,서대문구청 푸른도시과,2021-07-27
북한산공원,서울특별시 서대문구 홍은동 산1-279,윗몸일으키기,126.9408217,37.6018979,서대문구청 푸른도시과,2021-07-27
북한산공원,서울특별시 서대문구 홍은동 산1-279,등허리지압기,126.9411801,37.6016748,서대문구청 푸른도시과,2021-07-27
북한산공원,서울특별시 서대문구 홍은동 산1-279,등허리지압기2,126.9411801,37.6016748,서대문구청 푸른도시과,2021-07-27
북한산공원,서울특별시 서대문구 홍은동 산1-279,턱걸이,126.9411801,37.6016748,서대문구청 푸른도시과,2021-07-27
북한산공원,서울특별시 서대문구 홍은동 산1-279,기타,126.9411801,37.6016748,서대문구청 푸른도시과,2021-07-27
북한산공원,서울특별시 서대문구 홍은동 산1-279,상체근육풀기,126.9460038,37.6026688,서대문구청 푸른도시과,2021-07-27
북한산공원,서울특별시 서대문구 홍은동 산1-279,거꾸로매달리기,126.9460038,37.6026688,서대문구청 푸른도시과,2021-07-27
북한산공원,서울특별시 서대문구 홍은동 산1-279,공중걷기,126.9460038,37.6026688,서대문구청 푸른도시과,2021-07-27
북한산공원,서울특별시 서대문구 홍은동 산1-279,파도타기,126.9460038,37.6026688,서대문구청 푸른도시과,2021-07-27
북한산공원,서울특별시 서대문구 홍은동 산1-279,기타,126.9460038,37.6026688,서대문구청 푸른도시과,2021-07-27
북한산공원,서울특별시 서대문구 홍은동 산1-279,상체근육풀기,126.9441244,37.6010957,서대문구청 푸른도시과,2021-07-27
북한산공원,서울특별시 서대문구 홍은동 산1-279,거꾸로매달리기,126.944208,37.6010909,서대문구청 푸른도시과,2021-07-27
북한산공원,서울특별시 서대문구 홍은동 산1-279,공중걷기,126.9441422,37.6012524,서대문구청 푸른도시과,2021-07-27
북한산공원,서울특별시 서대문구 홍은동 산1-279,파도타기,126.9441121,37.6014709,서대문구청 푸른도시과,2021-07-27
북한산공원,서울특별시 서대문구 홍은동 산1-279,달리기유형,126.9516261,37.6038249,서대문구청 푸른도시과,2021-07-27
북한산공원,서울특별시 서대문구 홍은동 산1-279,상체근육풀기,126.9516261,37.6038249,서대문구청 푸른도시과,2021-07-27
북한산공원,서울특별시 서대문구 홍은동 산1-279,거꾸로매달리기,126.9516261,37.6038249,서대문구청 푸른도시과,2021-07-27
북한산공원,서울특별시 서대문구 홍은동 산1-279,공중걷기,126.9516261,37.6038249,서대문구청 푸른도시과,2021-07-27
북한산공원,서울특별시 서대문구 홍은동 산1-279,파도타기,126.9516261,37.6038249,서대문구청 푸른도시과,2021-07-27
북한산공원,서울특별시 서대문구 홍은동 산1-279,평행봉,126.9516261,37.6038249,서대문구청 푸른도시과,2021-07-27
북한산공원,서울특별시 서대문구 홍은동 산1-279,턱걸이,126.9516261,37.6038249,서대문구청 푸른도시과,2021-07-27
북한산공원,서울특별시 서대문구 홍은동 산1-279,허리돌리기,126.9516261,37.6038249,서대문구청 푸른도시과,2021-07-27
북한산공원,서울특별시 서대문구 홍은동 산1-279,허리돌리기2,126.9516261,37.6038249,서대문구청 푸른도시과,2021-07-27
북한산공원,서울특별시 서대문구 홍은동 산1-279,윗몸일으키기,126.9516261,37.6038249,서대문구청 푸른도시과,2021-07-27
북한산공원,서울특별시 서대문구 홍은동 산1-279,기타,126.9516261,37.6038249,서대문구청 푸른도시과,2021-07-27
북한산공원,서울특별시 서대문구 홍은동 산1-279,기타2,126.9516261,37.6038249,서대문구청 푸른도시과,2021-07-27
북한산공원,서울특별시 서대문구 홍은동 산1-279,기타3,126.9516261,37.6038249,서대문구청 푸른도시과,2021-07-27
북한산공원,서울특별시 서대문구 홍은동 산1-279,허리돌리기,126.9523843,37.6037255,서대문구청 푸른도시과,2021-07-27
북한산공원,서울특별시 서대문구 홍은동 산1-279,윗몸일으키기,126.9523843,37.6037255,서대문구청 푸른도시과,2021-07-27
북한산공원,서울특별시 서대문구 홍은동 산1-279,허리돌리기,126.9522111,37.6038679,서대문구청 푸른도시과,2021-07-27
북한산공원,서울특별시 서대문구 홍은동 산1-279,역기올리기,126.9433173,37.5993161,서대문구청 푸른도시과,2021-07-27
북한산공원,서울특별시 서대문구 홍은동 산1-279,달리기유형,126.9433173,37.5993161,서대문구청 푸른도시과,2021-07-27
북한산공원,서울특별시 서대문구 홍은동 산1-279,허리돌리기,126.9432844,37.5994324,서대문구청 푸른도시과,2021-07-27
북한산공원,서울특별시 서대문구 홍은동 산1-279,상체근육풀기,126.9467864,37.6038692,서대문구청 푸른도시과,2021-07-27
북한산공원,서울특별시 서대문구 홍은동 산1-279,파도타기,126.9471061,37.6034537,서대문구청 푸른도시과,2021-07-27
북한산공원,서울특별시 서대문구 홍은동 산1-279,윗몸일으키기,126.9471061,37.6034537,서대문구청 푸른도시과,2021-07-27
북한산공원,서울특별시 서대문구 홍은동 산1-279,거꾸로매달리기,126.9467213,37.603083,서대문구청 푸른도시과,2021-07-27
북한산공원,서울특별시 서대문구 홍은동 산1-279,거꾸로매달리기2,126.9467213,37.603083,서대문구청 푸른도시과,2021-07-27
북한산공원,서울특별시 서대문구 홍은동 산1-279,윗몸일으키기,126.9467213,37.603083,서대문구청 푸른도시과,2021-07-27
북한산공원,서울특별시 서대문구 홍은동 산1-279,파도타기,126.9467453,37.6028764,서대문구청 푸른도시과,2021-07-27
북한산공원,서울특별시 서대문구 홍은동 산1-279,파도타기2,126.9467453,37.6028764,서대문구청 푸른도시과,2021-07-27
북한산공원,서울특별시 서대문구 홍은동 산1-279,기타,126.9411774,37.6015713,서대문구청 푸른도시과,2021-07-27
북한산공원,서울특별시 서대문구 홍은동 산1-279,기타2,126.9411774,37.6015713,서대문구청 푸른도시과,2021-07-27
북한산공원,서울특별시 서대문구 홍은동 산1-279,기타3,126.9411774,37.6015713,서대문구청 푸른도시과,2021-07-27
북한산공원,서울특별시 서대문구 홍은동 산1-279,기타4,126.9411774,37.6015713,서대문구청 푸른도시과,2021-07-27
북한산공원,서울특별시 서대문구 홍은동 산1-279,파도타기,126.9442606,37.6015515,서대문구청 푸른도시과,2021-07-27
북한산공원,서울특별시 서대문구 홍은동 산1-279,역기올리기,126.9430363,37.5982676,서대문구청 푸른도시과,2021-07-27
북한산공원,서울특별시 서대문구 홍은동 산1-279,달리기유형,126.9430363,37.5982676,서대문구청 푸른도시과,2021-07-27
북한산공원,서울특별시 서대문구 홍은동 산1-279,상체근육풀기,126.9430363,37.5982676,서대문구청 푸른도시과,2021-07-27
북한산공원,서울특별시 서대문구 홍은동 산1-279,등허리지압기,126.9430363,37.5982676,서대문구청 푸른도시과,2021-07-27
북한산공원,서울특별시 서대문구 홍은동 산1-279,평행봉,126.9430363,37.5982676,서대문구청 푸른도시과,2021-07-27
북한산공원,서울특별시 서대문구 홍은동 산1-279,턱걸이,126.9430363,37.5982676,서대문구청 푸른도시과,2021-07-27
북한산공원,서울특별시 서대문구 홍은동 산1-279,윗몸일으키기,126.9430363,37.5982676,서대문구청 푸른도시과,2021-07-27
북한산공원,서울특별시 서대문구 홍은동 산1-279,풀웨이트,126.9430363,37.5982676,서대문구청 푸른도시과,2021-07-27
중앙근린공원,서울특별시 서대문구 북가좌동 480,공중걷기,126.9122873,37.5747776,서대문구청 푸른도시과,2021-07-28
중앙근린공원,서울특별시 서대문구 북가좌동 480,허리돌리기,126.9123158,37.5747705,서대문구청 푸른도시과,2021-07-28
중앙근린공원,서울특별시 서대문구 북가좌동 480,기타,126.9122516,37.5748187,서대문구청 푸른도시과,2021-07-28
중앙근린공원,서울특별시 서대문구 북가좌동 480,기타2,126.9122623,37.5748003,서대문구청 푸른도시과,2021-07-28
중앙근린공원,서울특별시 서대문구 북가좌동 480,공중걷기,126.9140869,37.5748768,서대문구청 푸른도시과,2021-07-28
중앙근린공원,서울특별시 서대문구 북가좌동 480,허리돌리기,126.9140797,37.574925,서대문구청 푸른도시과,2021-07-28
중앙근린공원,서울특별시 서대문구 북가좌동 480,기타,126.9141011,37.5749505,서대문구청 푸른도시과,2021-07-28
중앙근린공원,서울특별시 서대문구 북가좌동 480,다리뻗치기,126.9140833,37.5749278,서대문구청 푸른도시과,2021-07-28
중앙근린공원,서울특별시 서대문구 북가좌동 480,기타,126.9132277,37.5751343,서대문구청 푸른도시과,2021-07-28
중앙근린공원,서울특별시 서대문구 북가좌동 480,기타2,126.9132277,37.5751343,서대문구청 푸른도시과,2021-07-28
창천근린공원,서울특별시 서대문구 창천동 4-55,달리기유형,126.9402263,37.5577427,서대문구청 푸른도시과,2021-07-28
창천근린공원,서울특별시 서대문구 창천동 4-55,상체근육풀기,126.9402461,37.5577297,서대문구청 푸른도시과,2021-07-28
창천근린공원,서울특별시 서대문구 창천동 4-55,거꾸로매달리기,126.9402387,37.5577439,서대문구청 푸른도시과,2021-07-28
창천근린공원,서울특별시 서대문구 창천동 4-55,파도타기,126.940273,37.5576968,서대문구청 푸른도시과,2021-07-28
창천근린공원,서울특별시 서대문구 창천동 4-55,파도타기2,126.940273,37.5576745,서대문구청 푸른도시과,2021-07-28
창천근린공원,서울특별시 서대문구 창천동 4-55,등허리지압기,126.9402606,37.5576634,서대문구청 푸른도시과,2021-07-28
창천근린공원,서울특별시 서대문구 창천동 4-55,풀웨이트,126.9403042,37.5576609,서대문구청 푸른도시과,2021-07-28
창천근린공원,서울특별시 서대문구 창천동 4-55,기타,126.9402793,37.5576572,서대문구청 푸른도시과,2021-07-28
창천근린공원,서울특별시 서대문구 창천동 4-55,기타2,126.9402793,37.5576572,서대문구청 푸른도시과,2021-07-28
창천근린공원,서울특별시 서대문구 창천동 4-55,평행봉,126.9408375,37.5578636,서대문구청 푸른도시과,2021-07-28
창천근린공원,서울특별시 서대문구 창천동 4-55,윗몸일으키기,126.9408249,37.5579012,서대문구청 푸른도시과,2021-07-28
창천근린공원,서울특별시 서대문구 창천동 4-55,기타,126.9408438,37.5578636,서대문구청 푸른도시과,2021-07-28
