시도명,시군구명,공원명,주소,운동기구명,수량,관리번호,데이터기준
서울특별시,서초구,뒷벌어린이공원,방배동 821-1,자유철봉,1,02-2155-6864,2022-08-04
서울특별시,서초구,뒷벌어린이공원,방배동 821-1,철봉(3단),1,02-2155-6864,2022-08-04
서울특별시,서초구,뒷벌어린이공원,방배동 821-1,평행봉,1,02-2155-6864,2022-08-04
서울특별시,서초구,뒷벌어린이공원,방배동 821-1,싸이드파도타기,1,02-2155-6864,2022-08-04
서울특별시,서초구,뒷벌어린이공원,방배동 821-1,터닝암,1,02-2155-6864,2022-08-04
서울특별시,서초구,뒷벌어린이공원,방배동 821-1,하늘걷기,1,02-2155-6864,2022-08-04
서울특별시,서초구,뒷벌어린이공원,방배동 821-1,윗몸일으키기,1,02-2155-6864,2022-08-04
서울특별시,서초구,뒷벌어린이공원,방배동 821-1,허리돌리기,2,02-2155-6864,2022-08-04
서울특별시,서초구,뒷벌어린이공원,방배동 821-1,온몸역기올리기,1,02-2155-6864,2022-08-04
서울특별시,서초구,뒷벌어린이공원,방배동 821-1,거꾸로매달리기,1,02-2155-6864,2022-08-04
서울특별시,서초구,뒷벌어린이공원,방배동 821-1,다리들어올리기,1,02-2155-6864,2022-08-04
서울특별시,서초구,뒷벌어린이공원,방배동 821-1,역기올리기,1,02-2155-6864,2022-08-04
서울특별시,서초구,뒷벌어린이공원,방배동 821-1,누워역기,1,02-2155-6864,2022-08-04
서울특별시,서초구,뒷벌어린이공원,방배동 821-1,하체근육풀기,1,02-2155-6864,2022-08-04
서울특별시,서초구,뒷벌어린이공원,방배동 821-1,상체근육풀기,1,02-2155-6864,2022-08-04
서울특별시,서초구,뒷벌어린이공원,방배동 821-1,어깨근육풀기,1,02-2155-6864,2022-08-04
서울특별시,서초구,뒷벌어린이공원,방배동 821-1,다리근육운동,1,02-2155-6864,2022-08-04
서울특별시,서초구,뒷벌어린이공원,방배동 821-1,등허리지압기,1,02-2155-6864,2022-08-04
서울특별시,서초구,뒷벌어린이공원,방배동 821-1,복부강화운동,1,02-2155-6864,2022-08-04
서울특별시,서초구,뒷벌어린이공원,방배동 821-1,제자리걷기,1,02-2155-6864,2022-08-04
서울특별시,서초구,뒷벌어린이공원,방배동 821-1,상체원그리기,1,02-2155-6864,2022-08-04
서울특별시,서초구,뒷벌어린이공원,방배동 821-1,가슴운동,1,02-2155-6864,2022-08-04
서울특별시,서초구,뒷벌어린이공원,방배동 821-1,역기올리기,1,02-2155-6864,2022-08-04
서울특별시,서초구,뒷벌어린이공원,방배동 821-1,온몸역기내리기,1,02-2155-6864,2022-08-04
서울특별시,서초구,뒷벌어린이공원,방배동 821-1,허리돌리기,1,02-2155-6864,2022-08-04
서울특별시,서초구,뒷벌어린이공원,방배동 821-1,다리쭉뻗치기,1,02-2155-6864,2022-08-04
서울특별시,서초구,방현어린이공원,방배동 537-50,싸이드파도타기,1,02-2155-6864,2022-08-04
서울특별시,서초구,방현어린이공원,방배동 537-50,온몸근육풀기,1,02-2155-6864,2022-08-04
서울특별시,서초구,방현어린이공원,방배동 537-50,온몸허리돌리기,1,02-2155-6864,2022-08-04
서울특별시,서초구,방현어린이공원,방배동 537-50,온몸역기올리기,1,02-2155-6864,2022-08-04
서울특별시,서초구,방현어린이공원,방배동 537-50,하늘걷기,1,02-2155-6864,2022-08-04
서울특별시,서초구,방현어린이공원,방배동 537-50,양팔줄당기기,1,02-2155-6864,2022-08-04
서울특별시,서초구,동덕어린이공원,방배동 593-43,제자리걷기,1,02-2155-6864,2022-08-04
서울특별시,서초구,동덕어린이공원,방배동 593-43,허리돌리기,1,02-2155-6864,2022-08-04
서울특별시,서초구,동덕어린이공원,방배동 593-43,상체원그리기,1,02-2155-6864,2022-08-04
서울특별시,서초구,청두어린이공원,방배동 463-14,온몸허리돌리기,2,02-2155-6864,2022-08-04
서울특별시,서초구,청두어린이공원,방배동 463-14,마라톤,2,02-2155-6864,2022-08-04
서울특별시,서초구,청두어린이공원,방배동 463-14,싸이드파도타기,1,02-2155-6864,2022-08-04
서울특별시,서초구,청두어린이공원,방배동 463-14,양팔줄당기기,1,02-2155-6864,2022-08-04
서울특별시,서초구,청두어린이공원,방배동 463-14,등허리지압기,1,02-2155-6864,2022-08-04
서울특별시,서초구,청두어린이공원,방배동 463-14,자유철봉,1,02-2155-6864,2022-08-04
서울특별시,서초구,청두어린이공원,방배동 463-14,하늘걷기,1,02-2155-6864,2022-08-04
서울특별시,서초구,청두어린이공원,방배동 463-14,어깨근육풀기,1,02-2155-6864,2022-08-04
서울특별시,서초구,새말어린이공원,방배동 794-16,철봉,1,02-2155-6864,2022-08-04
서울특별시,서초구,새말어린이공원,방배동 794-16,마라톤+온몸허리돌리기,1,02-2155-6864,2022-08-04
서울특별시,서초구,새말어린이공원,방배동 794-16,온몸근육풀기,1,02-2155-6864,2022-08-04
서울특별시,서초구,새말어린이공원,방배동 794-16,하늘걷기,1,02-2155-6864,2022-08-04
서울특별시,서초구,새말어린이공원,방배동 794-16,윗몸일으키기,1,02-2155-6864,2022-08-04
서울특별시,서초구,새말어린이공원,방배동 794-16,올리는역기,1,02-2155-6864,2022-08-04
서울특별시,서초구,너른골어린이공원,방배동 144-18,철봉 (2단),1,02-2155-6864,2022-08-04
서울특별시,서초구,너른골어린이공원,방배동 144-18,누워역기,1,02-2155-6864,2022-08-04
서울특별시,서초구,너른골어린이공원,방배동 144-18,윗몸일으키기+다리뻗치기,1,02-2155-6864,2022-08-04
서울특별시,서초구,너른골어린이공원,방배동 144-18,온몸허리돌리기+싸이드파도타기,1,02-2155-6864,2022-08-04
서울특별시,서초구,햇님어린이공원,방배동 424-29,스텝싸이클,1,02-2155-6864,2022-08-04
서울특별시,서초구,햇님어린이공원,방배동 424-29,거꾸로매달리기,1,02-2155-6864,2022-08-04
서울특별시,서초구,햇님어린이공원,방배동 424-29,크로스컨트리,1,02-2155-6864,2022-08-04
서울특별시,서초구,햇님어린이공원,방배동 424-29,워밍업,1,02-2155-6864,2022-08-04
서울특별시,서초구,안산어린이공원,방배동 979-44,허리돌리기,1,02-2155-6864,2022-08-04
서울특별시,서초구,안산어린이공원,방배동 979-44,계단밟기,1,02-2155-6864,2022-08-04
서울특별시,서초구,안산어린이공원,방배동 979-44,상체원그리기,1,02-2155-6864,2022-08-04
서울특별시,서초구,안산어린이공원,방배동 979-44,마라톤,1,02-2155-6864,2022-08-04
서울특별시,서초구,안산어린이공원,방배동 979-44,양팔줄당기기,1,02-2155-6864,2022-08-04
서울특별시,서초구,남태령어린이공원,방배동 2956-4,윗몸일으키기,1,02-2155-6864,2022-08-04
서울특별시,서초구,남태령어린이공원,방배동 2956-4,크로스컨트리,1,02-2155-6864,2022-08-04
서울특별시,서초구,남태령어린이공원,방배동 2956-4,평행봉,1,02-2155-6864,2022-08-04
서울특별시,서초구,남태령어린이공원,방배동 2956-4,오버턴스트레칭,1,02-2155-6864,2022-08-04
서울특별시,서초구,남태령어린이공원,방배동 2956-4,온몸허리돌리기,1,02-2155-6864,2022-08-04
서울특별시,서초구,남태령어린이공원,방배동 2956-4,큰활차+작은활차,1,02-2155-6864,2022-08-04
서울특별시,서초구,정문어린이공원,방배동 985-3,허리돌리기,2,02-2155-6864,2022-08-04
서울특별시,서초구,정문어린이공원,방배동 985-3,전신하늘걷기,1,02-2155-6864,2022-08-04
서울특별시,서초구,정문어린이공원,방배동 985-3,어깨근육풀기,1,02-2155-6864,2022-08-04
서울특별시,서초구,정문어린이공원,방배동 985-3,다리뻗치기,1,02-2155-6864,2022-08-04
서울특별시,서초구,정문어린이공원,방배동 985-3,싸이드파도타기,1,02-2155-6864,2022-08-04
서울특별시,서초구,정문어린이공원,방배동 985-3,윗몸일으키기,1,02-2155-6864,2022-08-04
서울특별시,서초구,정문어린이공원,방배동 985-3,온몸허리돌리기,1,02-2155-6864,2022-08-04
서울특별시,서초구,가꿀어린이공원,방배동 859-1,허리돌리기,1,02-2155-6864,2022-08-04
서울특별시,서초구,가꿀어린이공원,방배동 859-1,전신하늘걷기,1,02-2155-6864,2022-08-04
서울특별시,서초구,가꿀어린이공원,방배동 859-1,올리는역기,1,02-2155-6864,2022-08-04
서울특별시,서초구,가꿀어린이공원,방배동 859-1,싸이드파도타기,1,02-2155-6864,2022-08-04
서울특별시,서초구,가꿀어린이공원,방배동 859-1,자유평행봉,1,02-2155-6864,2022-08-04
서울특별시,서초구,누리숲어린이공원,서초동 1301-25,레그프레스,1,02-2155-6864,2022-08-04
서울특별시,서초구,누리숲어린이공원,서초동 1301-25,트윈바디싯업,1,02-2155-6864,2022-08-04
서울특별시,서초구,누리숲어린이공원,서초동 1301-25,워밍암,1,02-2155-6864,2022-08-04
서울특별시,서초구,누리숲어린이공원,서초동 1301-25,스트레칭로라,1,02-2155-6864,2022-08-04
서울특별시,서초구,누리숲어린이공원,서초동 1301-25,거꾸로매달리기,1,02-2155-6864,2022-08-04
서울특별시,서초구,누리숲어린이공원,서초동 1301-25,롤링웨이스트,1,02-2155-6864,2022-08-04
서울특별시,서초구,누리숲어린이공원,서초동 1301-25,트윈트위스트,1,02-2155-6864,2022-08-04
서울특별시,서초구,누리숲어린이공원,서초동 1301-25,스텝싸이클,1,02-2155-6864,2022-08-04
서울특별시,서초구,교대어린이공원,서초동 1712-1,온몸근육풀기,1,02-2155-6864,2022-08-04
서울특별시,서초구,교대어린이공원,서초동 1712-1,하늘걷기,1,02-2155-6864,2022-08-04
서울특별시,서초구,교대어린이공원,서초동 1712-1,싸이드파도타기,1,02-2155-6864,2022-08-04
서울특별시,서초구,교대어린이공원,서초동 1712-1,온몸허리돌리기,1,02-2155-6864,2022-08-04
서울특별시,서초구,교대어린이공원,서초동 1712-1,평행봉,1,02-2155-6864,2022-08-04
서울특별시,서초구,교대어린이공원,서초동 1712-1,철봉,1,02-2155-6864,2022-08-04
서울특별시,서초구,꽃마을1소공원,서초동 1500-6,스텝싸이클,1,02-2155-6864,2022-08-04
서울특별시,서초구,꽃마을1소공원,서초동 1500-6,크로스컨트리,1,02-2155-6864,2022-08-04
서울특별시,서초구,꽃마을1소공원,서초동 1500-6,레그프레스,1,02-2155-6864,2022-08-04
서울특별시,서초구,꽃마을1소공원,서초동 1500-6,역기올리기(벤치프레스),1,02-2155-6864,2022-08-04
서울특별시,서초구,꽃마을1소공원,서초동 1500-6,평균대,1,02-2155-6864,2022-08-04
서울특별시,서초구,궁현어린이공원,서초동 1547-2,트위스트,1,02-2155-6864,2022-08-04
서울특별시,서초구,궁현어린이공원,서초동 1547-2,하늘걷기,1,02-2155-6864,2022-08-04
서울특별시,서초구,궁현어린이공원,서초동 1547-2,터닝암,1,02-2155-6864,2022-08-04
서울특별시,서초구,궁현어린이공원,서초동 1547-2,거꾸로매달리기,1,02-2155-6864,2022-08-04
서울특별시,서초구,장안어린이공원,서초동 1556-5,러닝싸이클,1,02-2155-6864,2022-08-04
서울특별시,서초구,장안어린이공원,서초동 1556-5,트위스트,1,02-2155-6864,2022-08-04
서울특별시,서초구,장안어린이공원,서초동 1556-5,하늘걷기,1,02-2155-6864,2022-08-04
서울특별시,서초구,장안어린이공원,서초동 1556-5,터닝암,1,02-2155-6864,2022-08-04
서울특별시,서초구,용허리근린공원,서초동 1324-1,허리돌리기,1,02-2155-6864,2022-08-04
서울특별시,서초구,용허리근린공원,서초동 1324-1,역기내리기,1,02-2155-6864,2022-08-04
서울특별시,서초구,용허리근린공원,서초동 1324-1,큰활자머신,1,02-2155-6864,2022-08-04
서울특별시,서초구,용허리근린공원,서초동 1324-1,좌우파도타기,1,02-2155-6864,2022-08-04
서울특별시,서초구,용허리근린공원,서초동 1324-1,마라톤,1,02-2155-6864,2022-08-04
서울특별시,서초구,분토골어린이공원,서초동 1627-4,걷기,1,02-2155-6864,2022-08-04
서울특별시,서초구,분토골어린이공원,서초동 1627-4,어깨근육풀기,1,02-2155-6864,2022-08-04
서울특별시,서초구,당골어린이공원,서초동 1436-6,윗몸일으키기,1,02-2155-6864,2022-08-04
서울특별시,서초구,당골어린이공원,서초동 1436-6,하늘걷기,1,02-2155-6864,2022-08-04
서울특별시,서초구,당골어린이공원,서초동 1436-6,온몸역기올리기,1,02-2155-6864,2022-08-04
서울특별시,서초구,당골어린이공원,서초동 1436-6,싸이드파도타기,1,02-2155-6864,2022-08-04
서울특별시,서초구,당골어린이공원,서초동 1436-6,온몸허리돌리기,1,02-2155-6864,2022-08-04
서울특별시,서초구,당골어린이공원,서초동 1436-6,등펴기,1,02-2155-6864,2022-08-04
서울특별시,서초구,마산말어린이공원,서초동 1343-8,체어웨스트,2,02-2155-6864,2022-08-04
서울특별시,서초구,마산말어린이공원,서초동 1343-8,롤링웨이스트,1,02-2155-6864,2022-08-04
서울특별시,서초구,마산말어린이공원,서초동 1343-8,체어풀웨이스트,1,02-2155-6864,2022-08-04
서울특별시,서초구,마산말어린이공원,서초동 1343-8,트윈바디싯업,1,02-2155-6864,2022-08-04
서울특별시,서초구,마산말어린이공원,서초동 1343-8,스트레칭로라,1,02-2155-6864,2022-08-04
서울특별시,서초구,마산말어린이공원,서초동 1343-8,체어풀웨이스트,1,02-2155-6864,2022-08-04
서울특별시,서초구,마산말어린이공원,서초동 1343-8,크로스컨트리,1,02-2155-6864,2022-08-04
서울특별시,서초구,마산말어린이공원,서초동 1343-8,트윈트위스트,1,02-2155-6864,2022-08-04
서울특별시,서초구,사도감어린이공원,서초동 1359-12,러닝싸이클,1,02-2155-6864,2022-08-04
서울특별시,서초구,사도감어린이공원,서초동 1359-12,몸통돌리기,1,02-2155-6864,2022-08-04
서울특별시,서초구,사도감어린이공원,서초동 1359-12,윗몸일으키기,1,02-2155-6864,2022-08-04
서울특별시,서초구,사도감어린이공원,서초동 1359-12,지압롤러,1,02-2155-6864,2022-08-04
서울특별시,서초구,예술어린이공원,서초동 1455-4,허리돌리기,2,02-2155-6864,2022-08-04
서울특별시,서초구,예술어린이공원,서초동 1455-4,스트레칭로라,1,02-2155-6864,2022-08-04
서울특별시,서초구,예술어린이공원,서초동 1455-4,크로스컨트리,1,02-2155-6864,2022-08-04
서울특별시,서초구,예술어린이공원,서초동 1455-4,철봉,1,02-2155-6864,2022-08-04
서울특별시,서초구,상명달어린이공원,서초동 1488-4,허리돌리기,1,02-2155-6864,2022-08-04
서울특별시,서초구,상명달어린이공원,서초동 1488-4,전신싸이클,1,02-2155-6864,2022-08-04
서울특별시,서초구,상명달어린이공원,서초동 1488-4,어깨근육풀기,1,02-2155-6864,2022-08-04
서울특별시,서초구,상명달어린이공원,서초동 1488-4,등허리지압기,1,02-2155-6864,2022-08-04
서울특별시,서초구,상명달어린이공원,서초동 1488-4,온몸들어올리기,1,02-2155-6864,2022-08-04
서울특별시,서초구,하명달어린이공원,서초동 1518-1,싸이드파도타기,1,02-2155-6864,2022-08-04
서울특별시,서초구,하명달어린이공원,서초동 1518-1,하늘걷기,1,02-2155-6864,2022-08-04
서울특별시,서초구,하명달어린이공원,서초동 1518-1,트윈바디싯업,1,02-2155-6864,2022-08-04
서울특별시,서초구,하명달어린이공원,서초동 1518-1,체어웨이트,1,02-2155-6864,2022-08-04
서울특별시,서초구,하명달어린이공원,서초동 1518-1,트윈트위스트,1,02-2155-6864,2022-08-04
서울특별시,서초구,하명달어린이공원,서초동 1518-1,크로스핏운동시설,1,02-2155-6864,2022-08-04
서울특별시,서초구,신중어린이공원,서초동 1484-14,트위스트+파워싸이클,1,02-2155-6864,2022-08-04
서울특별시,서초구,신중어린이공원,서초동 1484-14,크로스워킹,1,02-2155-6864,2022-08-04
서울특별시,서초구,몽마르뜨공원,서초동 산180-1 일대,온몸허리돌리기,1,02-2155-6864,2022-08-04
서울특별시,서초구,몽마르뜨공원,서초동 산180-1 일대,양팔줄당기기,1,02-2155-6864,2022-08-04
서울특별시,서초구,몽마르뜨공원,서초동 산180-1 일대,크로스컨트리,1,02-2155-6864,2022-08-04
서울특별시,서초구,몽마르뜨공원,서초동 산180-1 일대,허벅지근육풀기,1,02-2155-6864,2022-08-04
서울특별시,서초구,몽마르뜨공원,서초동 산180-1 일대,온몸허리돌리기,1,02-2155-6864,2022-08-04
서울특별시,서초구,몽마르뜨공원,서초동 산180-1 일대,싸이드파도타기,1,02-2155-6864,2022-08-04
서울특별시,서초구,몽마르뜨공원,서초동 산180-1 일대,온몸노젓기,1,02-2155-6864,2022-08-04
서울특별시,서초구,몽마르뜨공원,서초동 산180-1 일대,팔올리기,1,02-2155-6864,2022-08-04
서울특별시,서초구,몽마르뜨공원,서초동 산180-1 일대,온몸근육풀기,1,02-2155-6864,2022-08-04
서울특별시,서초구,몽마르뜨공원,서초동 산180-1 일대,다리뻗치기,1,02-2155-6864,2022-08-04
서울특별시,서초구,몽마르뜨공원,서초동 산180-1 일대,윗몸일으키기,1,02-2155-6864,2022-08-04
서울특별시,서초구,몽마르뜨공원,서초동 산180-1 일대,거꾸로매달리기,1,02-2155-6864,2022-08-04
서울특별시,서초구,몽마르뜨공원,서초동 산180-1 일대,누워역기,1,02-2155-6864,2022-08-04
서울특별시,서초구,몽마르뜨공원,서초동 산180-1 일대,철봉,1,02-2155-6864,2022-08-04
서울특별시,서초구,몽마르뜨공원,서초동 산180-1 일대,평행봉,1,02-2155-6864,2022-08-04
서울특별시,서초구,몽마르뜨공원,서초동 산180-1 일대,팔굽혀펴기,1,02-2155-6864,2022-08-04
서울특별시,서초구,몽마르뜨공원,서초동 산180-1 일대,타이어등펴기,1,02-2155-6864,2022-08-04
서울특별시,서초구,몽마르뜨공원,서초동 산180-1 일대,등허리운동,1,02-2155-6864,2022-08-04
서울특별시,서초구,몽마르뜨공원,서초동 산180-1 일대,허리돌리기,1,02-2155-6864,2022-08-04
서울특별시,서초구,몽마르뜨공원,서초동 산180-1 일대,어깨근육풀기,1,02-2155-6864,2022-08-04
서울특별시,서초구,명달근린공원,서초동 1313-17,하늘걷기,2,02-2155-6864,2022-08-04
서울특별시,서초구,명달근린공원,서초동 1313-17,옆파도타기,2,02-2155-6864,2022-08-04
서울특별시,서초구,명달근린공원,서초동 1313-17,온몸역기올리기,2,02-2155-6864,2022-08-04
서울특별시,서초구,명달근린공원,서초동 1313-17,허리돌리기,2,02-2155-6864,2022-08-04
서울특별시,서초구,명달근린공원,서초동 1313-17,철봉,2,02-2155-6864,2022-08-04
서울특별시,서초구,명달근린공원,서초동 1313-17,입식바이크,2,02-2155-6864,2022-08-04
서울특별시,서초구,명달근린공원,서초동 1313-17,거꾸로매달리기,1,02-2155-6864,2022-08-04
서울특별시,서초구,명달근린공원,서초동 1313-17,온몸운동기구,2,02-2155-6864,2022-08-04
서울특별시,서초구,명달근린공원,서초동 1313-17,상체근육풀기,2,02-2155-6864,2022-08-04
서울특별시,서초구,서초무지개어린이공원,서초동 1335,양팔줄당기기,1,02-2155-6864,2022-08-04
서울특별시,서초구,서초무지개어린이공원,서초동 1335,허리돌리기,1,02-2155-6864,2022-08-04
서울특별시,서초구,서초무지개어린이공원,서초동 1335,등지압기,1,02-2155-6864,2022-08-04
서울특별시,서초구,서초무지개어린이공원,서초동 1335,작은활차,1,02-2155-6864,2022-08-04
서울특별시,서초구,서초무지개어린이공원,서초동 1335,스탠딩레그컬,1,02-2155-6864,2022-08-04
서울특별시,서초구,서초무지개어린이공원,서초동 1335,레그컬,1,02-2155-6864,2022-08-04
서울특별시,서초구,서초무지개어린이공원,서초동 1335,레그프레스,1,02-2155-6864,2022-08-04
서울특별시,서초구,서초무지개어린이공원,서초동 1335,숄더프레스,1,02-2155-6864,2022-08-04
서울특별시,서초구,서초무지개어린이공원,서초동 1335,레그익스텐션,1,02-2155-6864,2022-08-04
서울특별시,서초구,서초무지개어린이공원,서초동 1335,랫풀다운,1,02-2155-6864,2022-08-04
서울특별시,서초구,서초무지개어린이공원,서초동 1335,암컬,1,02-2155-6864,2022-08-04
서울특별시,서초구,서초무지개어린이공원,서초동 1335,체스트프레스,1,02-2155-6864,2022-08-04
서울특별시,서초구,서초무지개어린이공원,서초동 1335,큰활차,1,02-2155-6864,2022-08-04
서울특별시,서초구,서초무지개어린이공원,서초동 1335,허리지압기,1,02-2155-6864,2022-08-04
서울특별시,서초구,서초무지개어린이공원,서초동 1335,치닝디핑,1,02-2155-6864,2022-08-04
서울특별시,서초구,고무래어린이공원,반포동  30-5,스텝싸이클,1,02-2155-6865,2022-08-04
서울특별시,서초구,고무래어린이공원,반포동  30-5,워밍암,1,02-2155-6865,2022-08-04
서울특별시,서초구,고무래어린이공원,반포동  30-5,트윈트위스트,1,02-2155-6865,2022-08-04
서울특별시,서초구,고무래어린이공원,반포동  30-5,롤링웨이스트,1,02-2155-6865,2022-08-04
서울특별시,서초구,고무래어린이공원,반포동  30-5,체어웨이트,1,02-2155-6865,2022-08-04
서울특별시,서초구,고무래어린이공원,반포동  30-5,크로스컨트리,1,02-2155-6865,2022-08-04
서울특별시,서초구,고무래어린이공원,반포동  30-5,트윈 워밍암,1,02-2155-6865,2022-08-04
서울특별시,서초구,고무래어린이공원,반포동  30-5,트윈바디싯업,1,02-2155-6865,2022-08-04
서울특별시,서초구,고무래어린이공원,반포동  30-5,거꾸로매달리기,1,02-2155-6865,2022-08-04
서울특별시,서초구,미도어린이공원,반포동 53-1,온몸역기올리기,1,02-2155-6865,2022-08-04
서울특별시,서초구,미도어린이공원,반포동 53-1,전신하늘걷기,1,02-2155-6865,2022-08-04
서울특별시,서초구,미도어린이공원,반포동 53-1,허리돌리기,1,02-2155-6865,2022-08-04
서울특별시,서초구,언구비어린이공원,반포동 720,철봉,1,02-2155-6865,2022-08-04
서울특별시,서초구,언구비어린이공원,반포동 720,하늘걷기,1,02-2155-6865,2022-08-04
서울특별시,서초구,언구비어린이공원,반포동 720,온몸역기올리기,1,02-2155-6865,2022-08-04
서울특별시,서초구,언구비어린이공원,반포동 720,어깨근육풀기,1,02-2155-6865,2022-08-04
서울특별시,서초구,언구비어린이공원,반포동 720,온몸근육풀기,1,02-2155-6865,2022-08-04
서울특별시,서초구,조달청 뒤(반포2주택조합) 공원,반포동 70-2,스텝싸이클+트윈트위스트,1,02-2155-6865,2022-08-04
서울특별시,서초구,조달청 뒤(반포3주택조합) 공원,반포동 70-2,워밍암+윗몸일으키기,1,02-2155-6865,2022-08-04
서울특별시,서초구,서래골근린공원,반포동 63-6,터닝트위스트,1,02-2155-6865,2022-08-04
서울특별시,서초구,서래골근린공원,반포동 63-6,스텝싸이클,1,02-2155-6865,2022-08-04
서울특별시,서초구,서래골근린공원,반포동 63-6,워밍업,1,02-2155-6865,2022-08-04
서울특별시,서초구,서래골근린공원,반포동 63-6,크로스컨트리,1,02-2155-6865,2022-08-04
서울특별시,서초구,서래골근린공원,반포동 63-6,롤링웨이스트,1,02-2155-6865,2022-08-04
서울특별시,서초구,청룡어린이공원,반포동 86-1,윗몸일으키기+허리돌리기,1,02-2155-6865,2022-08-04
서울특별시,서초구,청룡어린이공원,반포동 86-1,온몸근육풀기+양팔줄당기기,1,02-2155-6865,2022-08-04
서울특별시,서초구,청룡어린이공원,반포동 86-1,공중걷기+입식헬스싸이클,1,02-2155-6865,2022-08-04
서울특별시,서초구,서래어린이공원,반포동 71-6,윗몸일으키기+허리돌리기,1,02-2155-6865,2022-08-04
서울특별시,서초구,서래어린이공원,반포동 71-6,공중걷기+입식헬스싸이클,1,02-2155-6865,2022-08-04
서울특별시,서초구,신반포근린공원,반포동 18-5 일대,체어웨이트,2,02-2155-6865,2022-08-04
서울특별시,서초구,신반포근린공원,반포동 18-5 일대,풀웨이트,1,02-2155-6865,2022-08-04
서울특별시,서초구,신반포근린공원,반포동 18-5 일대,트위스트,1,02-2155-6865,2022-08-04
서울특별시,서초구,신반포근린공원,반포동 18-5 일대,크로스워밍,1,02-2155-6865,2022-08-04
서울특별시,서초구,신반포근린공원,반포동 18-5 일대,버디칼벤치,2,02-2155-6865,2022-08-04
서울특별시,서초구,신반포근린공원,반포동 18-5 일대,바웨이트,2,02-2155-6865,2022-08-04
서울특별시,서초구,신반포근린공원,반포동 18-5 일대,체어풀웨이스트,2,02-2155-6865,2022-08-04
서울특별시,서초구,파랑새어린이공원,반포동 4-2,허리돌리기,1,02-2155-6865,2022-08-04
서울특별시,서초구,파랑새어린이공원,반포동 4-2,하늘걷기,1,02-2155-6865,2022-08-04
서울특별시,서초구,파랑새어린이공원,반포동 4-2,어깨근육풀기,1,02-2155-6865,2022-08-04
서울특별시,서초구,파랑새어린이공원,반포동 4-2,싸이드파도타기,1,02-2155-6865,2022-08-04
서울특별시,서초구,파랑새어린이공원,반포동 4-2,마라톤,2,02-2155-6865,2022-08-04
서울특별시,서초구,파랑새어린이공원,반포동 4-2,온몸근육풀기,2,02-2155-6865,2022-08-04
서울특별시,서초구,파랑새어린이공원,반포동 4-2,온몸역기올리기,1,02-2155-6865,2022-08-04
서울특별시,서초구,파랑새어린이공원,반포동 4-2,등허리지압기,1,02-2155-6865,2022-08-04
서울특별시,서초구,아름어린이공원,잠원동 70-8,마라톤,1,02-2155-6865,2022-08-04
서울특별시,서초구,아름어린이공원,잠원동 70-8,싸이드파도타기,1,02-2155-6865,2022-08-04
서울특별시,서초구,아름어린이공원,잠원동 70-8,거꾸로매달리기,1,02-2155-6865,2022-08-04
서울특별시,서초구,아름어린이공원,잠원동 70-8,공중걷기,1,02-2155-6865,2022-08-04
서울특별시,서초구,아름어린이공원,잠원동 70-8,하체근육풀기,1,02-2155-6865,2022-08-04
서울특별시,서초구,늘푸른어린이공원,잠원동 70-7,윗몸일으키기,1,02-2155-6865,2022-08-04
서울특별시,서초구,늘푸른어린이공원,잠원동 70-7,허리돌리기,1,02-2155-6865,2022-08-04
서울특별시,서초구,늘푸른어린이공원,잠원동 70-7,어깨 유연성 공중걷기,1,02-2155-6865,2022-08-04
서울특별시,서초구,늘푸른어린이공원,잠원동 70-7,역기올리기,1,02-2155-6865,2022-08-04
서울특별시,서초구,늘푸른어린이공원,잠원동 70-7,공중걷기,1,02-2155-6865,2022-08-04
서울특별시,서초구,새터어린이공원,잠원동 70-6,노젓기운동,1,02-2155-6865,2022-08-04
서울특별시,서초구,새터어린이공원,잠원동 70-6,싸이드파도타기,1,02-2155-6865,2022-08-04
서울특별시,서초구,새터어린이공원,잠원동 70-6,철봉,1,02-2155-6865,2022-08-04
서울특별시,서초구,새터어린이공원,잠원동 70-6,허리돌리기,1,02-2155-6865,2022-08-04
서울특별시,서초구,반원어린이공원,잠원동 72-1,철봉,1,02-2155-6865,2022-08-04
서울특별시,서초구,반원어린이공원,잠원동 72-1,평행봉,1,02-2155-6865,2022-08-04
서울특별시,서초구,반원어린이공원,잠원동 72-1,허리돌리기,2,02-2155-6865,2022-08-04
서울특별시,서초구,반원어린이공원,잠원동 72-1,등허리지압기,1,02-2155-6865,2022-08-04
서울특별시,서초구,반원어린이공원,잠원동 72-1,다리뻗치기,1,02-2155-6865,2022-08-04
서울특별시,서초구,반원어린이공원,잠원동 72-1,윗몸일으키기,1,02-2155-6865,2022-08-04
서울특별시,서초구,반원어린이공원,잠원동 72-1,하늘걷기,2,02-2155-6865,2022-08-04
서울특별시,서초구,반원어린이공원,잠원동 72-1,마라톤,1,02-2155-6865,2022-08-04
서울특별시,서초구,반원어린이공원,잠원동 72-1,옆파도타기,1,02-2155-6865,2022-08-04
서울특별시,서초구,사평리근린공원,잠원동 51-3 일대,파도타기,1,02-2155-6865,2022-08-04
서울특별시,서초구,사평리근린공원,잠원동 51-3 일대,역기올리기,1,02-2155-6865,2022-08-04
서울특별시,서초구,사평리근린공원,잠원동 51-3 일대,윗몸일으키기,1,02-2155-6865,2022-08-04
서울특별시,서초구,사평리근린공원,잠원동 51-3 일대,공중걷기,1,02-2155-6865,2022-08-04
서울특별시,서초구,사평리근린공원,잠원동 51-3 일대,어깨유연성운동,1,02-2155-6865,2022-08-04
서울특별시,서초구,사평리근린공원,잠원동 51-3 일대,허리돌리기,1,02-2155-6865,2022-08-04
서울특별시,서초구,잠원근린공원,잠원동 62-5,다리뻗치기,1,02-2155-6865,2022-08-04
서울특별시,서초구,잠원근린공원,잠원동 62-5,싸이드파도타기,1,02-2155-6865,2022-08-04
서울특별시,서초구,잠원근린공원,잠원동 62-5,하늘걷기,1,02-2155-6865,2022-08-04
서울특별시,서초구,잠원근린공원,잠원동 62-5,허리돌리기,2,02-2155-6865,2022-08-04
서울특별시,서초구,잠원근린공원,잠원동 62-5,마라톤,1,02-2155-6865,2022-08-04
서울특별시,서초구,잠원근린공원,잠원동 62-5,온몸역기올리기,1,02-2155-6865,2022-08-04
서울특별시,서초구,잠원근린공원,잠원동 62-5,어깨근육풀기,1,02-2155-6865,2022-08-04
서울특별시,서초구,누에소공원,잠원동 160-3,어깨근육풀기,1,02-2155-6865,2022-08-04
서울특별시,서초구,누에소공원,잠원동 160-3,상체근육풀기,1,02-2155-6865,2022-08-04
서울특별시,서초구,누에소공원,잠원동 160-3,크로스컨트리,1,02-2155-6865,2022-08-04
서울특별시,서초구,누에소공원,잠원동 160-3,전신하늘걷기,1,02-2155-6865,2022-08-04
서울특별시,서초구,누에소공원,잠원동 160-3,싸이드파도타기,1,02-2155-6865,2022-08-04
서울특별시,서초구,누에소공원,잠원동 160-3,전신싸이클,1,02-2155-6865,2022-08-04
서울특별시,서초구,누에소공원,잠원동 160-3,허리돌리기,1,02-2155-6865,2022-08-04
서울특별시,서초구,누에소공원,잠원동 160-3,다리뻗치기,1,02-2155-6865,2022-08-04
서울특별시,서초구,신동근린공원,잠원동 58-14 일대,허리돌리기,1,02-2155-6865,2022-08-04
서울특별시,서초구,신동근린공원,잠원동 58-14 일대,윗몸일으키기,1,02-2155-6865,2022-08-04
서울특별시,서초구,신동근린공원,잠원동 58-14 일대,하늘걷기,1,02-2155-6865,2022-08-04
서울특별시,서초구,명주근린공원,잠원동 50-4,거꾸로매달리기,2,02-2155-6865,2022-08-04
서울특별시,서초구,명주근린공원,잠원동 50-4,몸통돌리기,1,02-2155-6865,2022-08-04
서울특별시,서초구,명주근린공원,잠원동 50-4,하늘걷기,1,02-2155-6865,2022-08-04
서울특별시,서초구,명주근린공원,잠원동 50-4,워밍암,1,02-2155-6865,2022-08-04
서울특별시,서초구,명주근린공원,잠원동 50-4,레그프레스,1,02-2155-6865,2022-08-04
서울특별시,서초구,명주근린공원,잠원동 50-4,버터플라이,1,02-2155-6865,2022-08-04
서울특별시,서초구,명주근린공원,잠원동 50-4,양팔줄당기기,1,02-2155-6865,2022-08-04
서울특별시,서초구,명주근린공원,잠원동 50-4,공중걷기,1,02-2155-6865,2022-08-04
서울특별시,서초구,명주근린공원,잠원동 50-4,허리돌리기,1,02-2155-6865,2022-08-04
서울특별시,서초구,명주근린공원,잠원동 50-4,온몸근육풀기,1,02-2155-6865,2022-08-04
서울특별시,서초구,명주근린공원,잠원동 50-4,윗몸일으키기,1,02-2155-6865,2022-08-04
서울특별시,서초구,명주근린공원,잠원동 50-4,하체흔들기,1,02-2155-6865,2022-08-04
서울특별시,서초구,명주근린공원,잠원동 50-4,다리근육풀기,1,02-2155-6865,2022-08-04
서울특별시,서초구,명주근린공원,잠원동 50-4,철봉,1,02-2155-6865,2022-08-04
서울특별시,서초구,명주근린공원,잠원동 50-4,다리들어올리기,2,02-2155-6865,2022-08-04
서울특별시,서초구,명주근린공원,잠원동 50-4,역기올리기,1,02-2155-6865,2022-08-04
서울특별시,서초구,명주근린공원,잠원동 50-4,가슴운동,1,02-2155-6865,2022-08-04
서울특별시,서초구,명주근린공원,잠원동 50-4,마라톤운동,1,02-2155-6865,2022-08-04
서울특별시,서초구,명주근린공원,잠원동 50-4,마라톤운동,1,02-2155-6865,2022-08-04
서울특별시,서초구,주흥어린이공원,잠원동 33-6,철봉,1,02-2155-6865,2022-08-04
서울특별시,서초구,주흥어린이공원,잠원동 33-6,트윈트위스트,1,02-2155-6865,2022-08-04
서울특별시,서초구,주흥어린이공원,잠원동 33-6,윗몸일으키기,1,02-2155-6865,2022-08-04
서울특별시,서초구,주흥어린이공원,잠원동 33-6,롤링웨이스트,1,02-2155-6865,2022-08-04
서울특별시,서초구,주흥어린이공원,잠원동 33-6,크로스컨트리,1,02-2155-6865,2022-08-04
서울특별시,서초구,주흥어린이공원,잠원동 33-6,스트레칭로라,1,02-2155-6865,2022-08-04
서울특별시,서초구,주흥어린이공원,잠원동 33-6,평균대,1,02-2155-6865,2022-08-04
서울특별시,서초구,싸리재어린이공원,잠원동 30-10,허리돌리기,1,02-2155-6865,2022-08-04
서울특별시,서초구,싸리재어린이공원,잠원동 30-10,하체흔들기,1,02-2155-6865,2022-08-04
서울특별시,서초구,싸리재어린이공원,잠원동 30-10,양팔줄당기기,1,02-2155-6865,2022-08-04
서울특별시,서초구,싸리재어린이공원,잠원동 30-10,철봉,1,02-2155-6865,2022-08-04
서울특별시,서초구,싸리재어린이공원,잠원동 30-10,윗몸일으키기,1,02-2155-6865,2022-08-04
서울특별시,서초구,싸리재어린이공원,잠원동 30-10,달리기운동,1,02-2155-6865,2022-08-04
서울특별시,서초구,싸리재어린이공원,잠원동 30-10,온몸근육풀기,1,02-2155-6865,2022-08-04
서울특별시,서초구,잠원흥동소공원,잠원동 162-1,허리돌리기,1,02-2155-6865,2022-08-04
서울특별시,서초구,잠원흥동소공원,잠원동 162-1,2인용체어풀,1,02-2155-6865,2022-08-04
서울특별시,서초구,잠원흥동소공원,잠원동 162-1,온몸근육풀기,1,02-2155-6865,2022-08-04
서울특별시,서초구,잠원흥동소공원,잠원동 162-1,등허리 지압운동,1,02-2155-6865,2022-08-04
서울특별시,서초구,잠원흥동소공원,잠원동 162-1,양팔줄당기기,1,02-2155-6865,2022-08-04
서울특별시,서초구,산새소공원,신원동 663,양팔줄 당기기,1,02-2155-6896,2022-08-04
서울특별시,서초구,산새소공원,신원동 663,트윈트위스트,1,02-2155-6896,2022-08-04
서울특별시,서초구,산새소공원,신원동 663,스트레칭로라,1,02-2155-6896,2022-08-04
서울특별시,서초구,청계숲어린이공원,신원동 251 일대,트윈트위스트,1,02-2155-6896,2022-08-04
서울특별시,서초구,청계숲어린이공원,신원동 251 일대,크로스 컨트리,1,02-2155-6896,2022-08-04
서울특별시,서초구,청계숲어린이공원,신원동 251 일대,롤링웨이스트,1,02-2155-6896,2022-08-04
서울특별시,서초구,청계숲어린이공원,신원동 251 일대,온몸 역기 내리기,1,02-2155-6896,2022-08-04
서울특별시,서초구,청계숲어린이공원,신원동 251 일대,온몸 역기 올리기,1,02-2155-6896,2022-08-04
서울특별시,서초구,청계숲어린이공원,신원동 251 일대,트윈 바디 싯업,1,02-2155-6896,2022-08-04
서울특별시,서초구,청계숲어린이공원,신원동 251 일대,스트레칭로라,1,02-2155-6896,2022-08-04
서울특별시,서초구,청계숲어린이공원,신원동 251 일대,온몸 근육 풀기,1,02-2155-6896,2022-08-04
서울특별시,서초구,청계숲어린이공원,신원동 251 일대,등운동,1,02-2155-6896,2022-08-04
서울특별시,서초구,가온어린이공원,신원동 572,양팔 줄 당기기,1,02-2155-6896,2022-08-04
서울특별시,서초구,가온어린이공원,신원동 572,스트레칭로라,1,02-2155-6896,2022-08-04
서울특별시,서초구,가온어린이공원,신원동 572,스텝 사이클,1,02-2155-6896,2022-08-04
서울특별시,서초구,아람어린이공원,내곡동 412,스텝 사이클,1,02-2155-6896,2022-08-04
서울특별시,서초구,아람어린이공원,내곡동 412,트윈 위밍암,1,02-2155-6896,2022-08-04
서울특별시,서초구,아람어린이공원,내곡동 412,위밍암,1,02-2155-6896,2022-08-04
서울특별시,서초구,아람어린이공원,내곡동 412,온몸 근육 풀기,1,02-2155-6896,2022-08-04
서울특별시,서초구,벌말소공원,신원동 626,양팔줄 당기기,1,02-2155-6896,2022-08-04
서울특별시,서초구,벌말소공원,신원동 626,스트레칭로라,1,02-2155-6896,2022-08-04
서울특별시,서초구,벌말소공원,신원동 626,트윈트위스트,1,02-2155-6896,2022-08-04
서울특별시,서초구,홍씨마을어린이공원,내곡동 156-8 일대,푸쉬업,2,02-2155-6896,2022-08-04
서울특별시,서초구,홍씨마을어린이공원,내곡동 156-8 일대,트윈트위스트,2,02-2155-6896,2022-08-04
서울특별시,서초구,홍씨마을어린이공원,내곡동 156-8 일대,사다리오르기,1,02-2155-6896,2022-08-04
서울특별시,서초구,홍씨마을어린이공원,내곡동 156-8 일대,윗몸일으키기,2,02-2155-6896,2022-08-04
서울특별시,서초구,홍씨마을어린이공원,내곡동 156-8 일대,철봉,1,02-2155-6896,2022-08-04
서울특별시,서초구,능안어린이공원,내곡동 168-10 일대,가로하늘타기,1,02-2155-6896,2022-08-04
서울특별시,서초구,능안어린이공원,내곡동 168-10 일대,상체스윙운동,1,02-2155-6896,2022-08-04
서울특별시,서초구,능안어린이공원,내곡동 168-10 일대,허리돌리기,1,02-2155-6896,2022-08-04
서울특별시,서초구,윗샘어린이공원,내곡동 1-2128 일대,하늘걷기,1,02-2155-6896,2022-08-04
서울특별시,서초구,윗샘어린이공원,내곡동 1-2128 일대,스텝 사이클,1,02-2155-6896,2022-08-04
서울특별시,서초구,윗샘어린이공원,내곡동 1-2128 일대,공중걷기,1,02-2155-6896,2022-08-04
서울특별시,서초구,윗샘어린이공원,내곡동 1-2128 일대,윗몸일으키기,1,02-2155-6896,2022-08-04
서울특별시,서초구,윗샘어린이공원,내곡동 1-2128 일대,허리돌리기,1,02-2155-6896,2022-08-04
서울특별시,서초구,윗샘어린이공원,내곡동 1-2128 일대,노젓기운동,1,02-2155-6896,2022-08-04
서울특별시,서초구,윗샘어린이공원,내곡동 1-2128 일대,어깨유연성운동,1,02-2155-6896,2022-08-04
서울특별시,서초구,윗샘어린이공원,내곡동 1-2128 일대,등지압기,1,02-2155-6896,2022-08-04
서울특별시,서초구,아랫샘어린이공원,내곡동 1-2173 일대,허리돌리기,1,02-2155-6896,2022-08-04
서울특별시,서초구,아랫샘어린이공원,내곡동 1-2173 일대,파도타기,1,02-2155-6896,2022-08-04
서울특별시,서초구,아랫샘어린이공원,내곡동 1-2173 일대,공중걷기,1,02-2155-6896,2022-08-04
서울특별시,서초구,아랫샘어린이공원,내곡동 1-2173 일대,등허리지압기,1,02-2155-6896,2022-08-04
서울특별시,서초구,아랫샘어린이공원,내곡동 1-2173 일대,양팔로프 당기기,1,02-2155-6896,2022-08-04
서울특별시,서초구,아랫샘어린이공원,내곡동 1-2173 일대,온몸근육풀기,1,02-2155-6896,2022-08-04
서울특별시,서초구,아랫샘어린이공원,내곡동 1-2173 일대,상체운동기구,1,02-2155-6896,2022-08-04
서울특별시,서초구,아랫샘어린이공원,내곡동 1-2173 일대,하체운동기구,1,02-2155-6896,2022-08-04
서울특별시,서초구,안골어린이공원,내곡동 192-1 일대,윗몸일으키기,1,02-2155-6896,2022-08-04
서울특별시,서초구,안골어린이공원,내곡동 192-1 일대,허리돌리기,1,02-2155-6896,2022-08-04
서울특별시,서초구,안골어린이공원,내곡동 192-1 일대,하체흔들기,1,02-2155-6896,2022-08-04
서울특별시,서초구,염곡어린이공원,내곡동 192-1 일대,허리돌리기,2,02-2155-6896,2022-08-04
서울특별시,서초구,염곡어린이공원,내곡동 192-1 일대,온몸역기 올리기,1,02-2155-6896,2022-08-04
서울특별시,서초구,염곡어린이공원,내곡동 192-1 일대,평행봉,1,02-2155-6896,2022-08-04
서울특별시,서초구,세원어린이공원,신원동 500-5 일대,크로스 컨트리,1,02-2155-6896,2022-08-04
서울특별시,서초구,세원어린이공원,신원동 500-5 일대,입식 사이클,1,02-2155-6896,2022-08-04
서울특별시,서초구,세원어린이공원,신원동 500-5 일대,트윈트위스트,1,02-2155-6896,2022-08-04
서울특별시,서초구,새쟁이어린이공원,신원동 9-2 일대,하늘걷기,1,02-2155-6896,2022-08-04
서울특별시,서초구,새쟁이어린이공원,신원동 9-2 일대,터닝암,1,02-2155-6896,2022-08-04
서울특별시,서초구,새쟁이어린이공원,신원동 9-2 일대,온몸 역기 올리기,1,02-2155-6896,2022-08-04
서울특별시,서초구,새쟁이어린이공원,신원동 9-2 일대,마라톤운동,1,02-2155-6896,2022-08-04
서울특별시,서초구,새쟁이어린이공원,신원동 9-2 일대,윗몸일으키기,1,02-2155-6896,2022-08-04
서울특별시,서초구,본마을어린이공원,신원동 445 일대,철봉 3단,1,02-2155-6896,2022-08-04
서울특별시,서초구,본마을어린이공원,신원동 445 일대,스텝 사이클,1,02-2155-6896,2022-08-04
서울특별시,서초구,본마을어린이공원,신원동 445 일대,등허리지압기,1,02-2155-6896,2022-08-04
서울특별시,서초구,본마을어린이공원,신원동 445 일대,공중걷기,1,02-2155-6896,2022-08-04
서울특별시,서초구,본마을어린이공원,신원동 445 일대,노젓기운동,1,02-2155-6896,2022-08-04
서울특별시,서초구,본마을어린이공원,신원동 445 일대,허리돌리기,1,02-2155-6896,2022-08-04
서울특별시,서초구,본마을어린이공원,신원동 445 일대,윗몸일으키기,1,02-2155-6896,2022-08-04
서울특별시,서초구,본마을어린이공원,신원동 445 일대,어깨유연성운동,1,02-2155-6896,2022-08-04
서울특별시,서초구,청계산수변공원(비오톱),신원동 298-1 일대,크로스컨트리,1,02-2155-6896,2022-08-04
서울특별시,서초구,청계산수변공원(비오톱),신원동 298-1 일대,워밍암,1,02-2155-6896,2022-08-04
서울특별시,서초구,청계산수변공원(비오톱),신원동 298-1 일대,체어웨이트,1,02-2155-6896,2022-08-04
서울특별시,서초구,청계산수변공원(비오톱),신원동 298-1 일대,트윈트위스트,1,02-2155-6896,2022-08-04
서울특별시,서초구,청계산수변공원(비오톱),신원동 298-1 일대,스트레칭로라,1,02-2155-6896,2022-08-04
서울특별시,서초구,청계산수변공원(비오톱),신원동 298-1 일대,양팔줄당기기,1,02-2155-6896,2022-08-04
서울특별시,서초구,청계산수변공원(비오톱),신원동 298-1 일대,스텝사이클,1,02-2155-6896,2022-08-04
서울특별시,서초구,청계산수변공원(비오톱),신원동 298-1 일대,핸들웨이트,1,02-2155-6896,2022-08-04
서울특별시,서초구,청계산수변공원(비오톱),신원동 298-1 일대,바웨이트,1,02-2155-6896,2022-08-04
서울특별시,서초구,청계산수변공원(비오톱),신원동 298-1 일대,롤링웨이스트,1,02-2155-6896,2022-08-04
서울특별시,서초구,청계산수변공원(비오톱),신원동 298-1 일대,트윈워밍암,1,02-2155-6896,2022-08-04
서울특별시,서초구,청계산수변공원(비오톱),신원동 298-1 일대,풀웨이트,1,02-2155-6896,2022-08-04
서울특별시,서초구,청계산수변공원(비오톱),신원동 298-1 일대,워밍암,1,02-2155-6896,2022-08-04
서울특별시,서초구,청계산수변공원(비오톱),신원동 298-1 일대,바디싯업,1,02-2155-6896,2022-08-04
서울특별시,서초구,청계산수변공원(비오톱),신원동 298-1 일대,레그프레스,1,02-2155-6896,2022-08-04
서울특별시,서초구,청계산수변공원(내곡중학교 정문앞),신원동 298-1 일대,워밍암,1,02-2155-6896,2022-08-04
서울특별시,서초구,청계산수변공원(내곡중학교 정문앞),신원동 298-1 일대,트윈워밍암,1,02-2155-6896,2022-08-04
서울특별시,서초구,청계산수변공원(내곡중학교 정문앞),신원동 298-1 일대,롤링웨이스트,1,02-2155-6896,2022-08-04
서울특별시,서초구,청계산수변공원(내곡중학교 정문앞),신원동 298-1 일대,크로스컨트리,1,02-2155-6896,2022-08-04
서울특별시,서초구,청계산수변공원(내곡중학교 정문앞),신원동 298-1 일대,풀웨이트,1,02-2155-6896,2022-08-04
서울특별시,서초구,청계산수변공원(내곡중학교 정문앞),신원동 298-1 일대,롤링웨이스트,1,02-2155-6896,2022-08-04
서울특별시,서초구,청계산수변공원(내곡중학교 정문앞),신원동 298-1 일대,레그프레스,1,02-2155-6896,2022-08-04
서울특별시,서초구,청계산수변공원(내곡중학교 후문 옆),신원동 298-1 일대,트윈트위스트,1,02-2155-6896,2022-08-04
서울특별시,서초구,청계산수변공원(내곡중학교 후문 옆),신원동 298-1 일대,양팔줄당기기,1,02-2155-6896,2022-08-04
서울특별시,서초구,청계산수변공원(중국집 옆),신원동 298-1 일대,풀웨이트,1,02-2155-6896,2022-08-04
서울특별시,서초구,청계산수변공원(중국집 옆),신원동 298-1 일대,트윈워밍암,1,02-2155-6896,2022-08-04
서울특별시,서초구,청계산수변공원(중국집 옆),신원동 298-1 일대,바디싯업,1,02-2155-6896,2022-08-04
서울특별시,서초구,양재천근린공원,양재동 261-22,옆파도 타기,2,02-2155-6896,2022-08-04
서울특별시,서초구,양재천근린공원,양재동 261-22,옆파도 타기,2,02-2155-6896,2022-08-04
서울특별시,서초구,양재천근린공원,양재동 261-22,양팔 줄 당기기,2,02-2155-6896,2022-08-04
서울특별시,서초구,양재천근린공원,양재동 261-22,어깨 근육 풀기,2,02-2155-6896,2022-08-04
서울특별시,서초구,양재천근린공원,양재동 261-22,거꾸로매달리기,1,02-2155-6896,2022-08-04
서울특별시,서초구,양재천근린공원,양재동 261-22,거꾸로매달리기,2,02-2155-6896,2022-08-04
서울특별시,서초구,양재천근린공원,양재동 261-22,온몸 허리 돌리기,2,02-2155-6896,2022-08-04
서울특별시,서초구,양재천근린공원,양재동 261-22,공중걷기,3,02-2155-6896,2022-08-04
서울특별시,서초구,양재천근린공원,양재동 261-22,역기 내리기,2,02-2155-6896,2022-08-04
서울특별시,서초구,양재천근린공원,양재동 261-22,상체 근육 풀기,2,02-2155-6896,2022-08-04
서울특별시,서초구,양재천근린공원,양재동 261-22,사이클링,2,02-2155-6896,2022-08-04
서울특별시,서초구,양재천근린공원,양재동 261-22,평행봉,2,02-2155-6896,2022-08-04
서울특별시,서초구,양재천근린공원,양재동 261-22,2단 철봉,2,02-2155-6896,2022-08-04
서울특별시,서초구,양재천근린공원,양재동 261-22,온몸 근육 풀기,2,02-2155-6896,2022-08-04
서울특별시,서초구,양재천근린공원,양재동 261-22,마라톤운동,1,02-2155-6896,2022-08-04
서울특별시,서초구,양재천근린공원,양재동 261-22,등허리지압기,2,02-2155-6896,2022-08-04
서울특별시,서초구,양재천근린공원,양재동 261-22,온몸역기올리기,1,02-2155-6896,2022-08-04
서울특별시,서초구,게리어린이공원,양재동 325,물결타기,1,02-2155-6896,2022-08-04
서울특별시,서초구,게리어린이공원,양재동 325,공중걷기,1,02-2155-6896,2022-08-04
서울특별시,서초구,게리어린이공원,양재동 325,윗몸일으키기,1,02-2155-6896,2022-08-04
서울특별시,서초구,게리어린이공원,양재동 325,어깨 유연성 운동,1,02-2155-6896,2022-08-04
서울특별시,서초구,게리어린이공원,양재동 325,허리돌리기,1,02-2155-6896,2022-08-04
서울특별시,서초구,게리어린이공원,양재동 325,역기올리기,1,02-2155-6896,2022-08-04
서울특별시,서초구,동산어린이공원,양재동 376-3,윗몸일으키기,1,02-2155-6896,2022-08-04
서울특별시,서초구,동산어린이공원,양재동 376-3,팔굽기운동,2,02-2155-6896,2022-08-04
서울특별시,서초구,동산어린이공원,양재동 376-3,사이클링,1,02-2155-6896,2022-08-04
서울특별시,서초구,동산어린이공원,양재동 376-3,달리기,1,02-2155-6896,2022-08-04
서울특별시,서초구,동산어린이공원,양재동 376-3,물결타기,1,02-2155-6896,2022-08-04
서울특별시,서초구,동산어린이공원,양재동 376-3,허리돌리기,1,02-2155-6896,2022-08-04
서울특별시,서초구,동산어린이공원,양재동 376-3,상체근육풀기,1,02-2155-6896,2022-08-04
서울특별시,서초구,동산어린이공원,양재동 376-3,로프 당기기,1,02-2155-6896,2022-08-04
서울특별시,서초구,개뜰어린이공원,양재동 260,윗몸일으키기,1,02-2155-6896,2022-08-04
서울특별시,서초구,개뜰어린이공원,양재동 260,공중걷기,1,02-2155-6896,2022-08-04
서울특별시,서초구,개뜰어린이공원,양재동 260,어깨근육풀기,1,02-2155-6896,2022-08-04
서울특별시,서초구,개뜰어린이공원,양재동 260,온몸허리돌리기,1,02-2155-6896,2022-08-04
서울특별시,서초구,개뜰어린이공원,양재동 260,허리등 운동기구,1,02-2155-6896,2022-08-04
서울특별시,서초구,문화예술공원,양재동 200,역기내리기,1,02-2155-6896,2022-08-04
서울특별시,서초구,문화예술공원,양재동 200,역기올리기,1,02-2155-6896,2022-08-04
서울특별시,서초구,문화예술공원,양재동 200,허리돌리기,1,02-2155-6896,2022-08-04
서울특별시,서초구,문화예술공원,양재동 200,등허리지압기,1,02-2155-6896,2022-08-04
서울특별시,서초구,문화예술공원,양재동 200,공중걷기,2,02-2155-6896,2022-08-04
서울특별시,서초구,문화예술공원,양재동 200,노젓기운동,1,02-2155-6896,2022-08-04
서울특별시,서초구,문화예술공원,양재동 200,파도타기,1,02-2155-6896,2022-08-04
서울특별시,서초구,문화예술공원,양재동 200,오금펴기,1,02-2155-6896,2022-08-04
서울특별시,서초구,문화예술공원,양재동 200,평행봉,1,02-2155-6896,2022-08-04
서울특별시,서초구,문화예술공원,양재동 200,거꾸로매달리기,1,02-2155-6896,2022-08-04
서울특별시,서초구,문화예술공원,양재동 200,사이클링,2,02-2155-6896,2022-08-04
서울특별시,서초구,문화예술공원,양재동 200,철봉,2,02-2155-6896,2022-08-04
서울특별시,서초구,문화예술공원,양재동 200,윗몸일으키기,1,02-2155-6896,2022-08-04
서울특별시,서초구,문화예술공원,양재동 200,양팔 줄 당기기,1,02-2155-6896,2022-08-04
서울특별시,서초구,문화예술공원,양재동 200,매달려 허리 돌리기,1,02-2155-6896,2022-08-04
서울특별시,서초구,문화예술공원,양재동 200,어깨 유연성,1,02-2155-6896,2022-08-04
서울특별시,서초구,문화예술공원,양재동 200,달리기,1,02-2155-6896,2022-08-04
서울특별시,서초구,문화예술공원,양재동 200,공중걷기,1,02-2155-6896,2022-08-04
서울특별시,서초구,잔디어린이공원,양재동 205-4,허리돌리기,1,02-2155-6896,2022-08-04
서울특별시,서초구,잔디어린이공원,양재동 205-4,계단밟기,1,02-2155-6896,2022-08-04
서울특별시,서초구,잔디어린이공원,양재동 205-4,윗몸일으키기,1,02-2155-6896,2022-08-04
서울특별시,서초구,잔디어린이공원,양재동 205-4,상체 원 그리기,1,02-2155-6896,2022-08-04
서울특별시,서초구,양재근린공원,양재동 311,상체 근육 풀기,1,02-2155-6896,2022-08-04
서울특별시,서초구,양재근린공원,양재동 311,로프 당기기,1,02-2155-6896,2022-08-04
서울특별시,서초구,양재근린공원,양재동 311,허리돌리기,4,02-2155-6896,2022-08-04
서울특별시,서초구,양재근린공원,양재동 311,윗몸일으키기,2,02-2155-6896,2022-08-04
서울특별시,서초구,양재근린공원,양재동 311,공중걷기,2,02-2155-6896,2022-08-04
서울특별시,서초구,양재근린공원,양재동 311,노젓기운동,1,02-2155-6896,2022-08-04
서울특별시,서초구,양재근린공원,양재동 311,등허리근육풀기,1,02-2155-6896,2022-08-04
서울특별시,서초구,양재근린공원,양재동 311,어깨 유연성 운동,2,02-2155-6896,2022-08-04
서울특별시,서초구,양재근린공원,양재동 311,달리기,3,02-2155-6896,2022-08-04
서울특별시,서초구,양재근린공원,양재동 311,사이클링,1,02-2155-6896,2022-08-04
서울특별시,서초구,양재근린공원,양재동 311,파도타기,1,02-2155-6896,2022-08-04
서울특별시,서초구,양재근린공원,양재동 311,오금펴기,1,02-2155-6896,2022-08-04
서울특별시,서초구,양재근린공원,양재동 311,거꾸로매달리기,1,02-2155-6896,2022-08-04
서울특별시,서초구,양재근린공원,양재동 311,역기 올리기,1,02-2155-6896,2022-08-04
서울특별시,서초구,양재근린공원,양재동 311,역기 내리기,1,02-2155-6896,2022-08-04
서울특별시,서초구,양재근린공원,양재동 311,등허리지압기,1,02-2155-6896,2022-08-04
서울특별시,서초구,양재근린공원,양재동 311,누워서 역기 올리기,1,02-2155-6896,2022-08-04
서울특별시,서초구,양재근린공원,양재동 311,철봉,1,02-2155-6896,2022-08-04
서울특별시,서초구,양재근린공원,양재동 311,평행봉,1,02-2155-6896,2022-08-04
서울특별시,서초구,고인돌근린공원,양재동 390,마라톤운동,1,02-2155-6896,2022-08-04
서울특별시,서초구,고인돌근린공원,양재동 390,물결타기,1,02-2155-6896,2022-08-04
서울특별시,서초구,고인돌근린공원,양재동 390,위밍암,1,02-2155-6896,2022-08-04
서울특별시,서초구,고인돌근린공원,양재동 390,윗몸일으키기,1,02-2155-6896,2022-08-04
서울특별시,서초구,고인돌근린공원,양재동 390,허리돌리기,1,02-2155-6896,2022-08-04
서울특별시,서초구,고인돌근린공원,양재동 390,평행봉,1,02-2155-6896,2022-08-04
서울특별시,서초구,고인돌근린공원,양재동 390,철봉,1,02-2155-6896,2022-08-04
서울특별시,서초구,고인돌근린공원,양재동 390,자유보행운동,1,02-2155-6896,2022-08-04
서울특별시,서초구,고인돌근린공원,양재동 390,역기들기,1,02-2155-6896,2022-08-04
서울특별시,서초구,고인돌근린공원,양재동 390,3인허리돌리기,1,02-2155-6896,2022-08-04
서울특별시,서초구,구룡어린이공원,양재동 399,역기 내리기,1,02-2155-6896,2022-08-04
서울특별시,서초구,구룡어린이공원,양재동 399,역기 올리기,1,02-2155-6896,2022-08-04
서울특별시,서초구,구룡어린이공원,양재동 399,로프 당기기,1,02-2155-6896,2022-08-04
서울특별시,서초구,구룡어린이공원,양재동 399,상체 근육 풀기,1,02-2155-6896,2022-08-04
서울특별시,서초구,구룡어린이공원,양재동 399,거꾸로매달리기,1,02-2155-6896,2022-08-04
서울특별시,서초구,구룡어린이공원,양재동 399,노젓기운동,1,02-2155-6896,2022-08-04
서울특별시,서초구,구룡어린이공원,양재동 399,공중걷기,1,02-2155-6896,2022-08-04
서울특별시,서초구,구룡어린이공원,양재동 399,사이클링,1,02-2155-6896,2022-08-04
서울특별시,서초구,구룡어린이공원,양재동 399,달리기,1,02-2155-6896,2022-08-04
서울특별시,서초구,구룡어린이공원,양재동 399,허리돌리기,1,02-2155-6896,2022-08-04
서울특별시,서초구,버들어린이공원,양재동 298,달리기,1,02-2155-6896,2022-08-04
서울특별시,서초구,버들어린이공원,양재동 298,사이클링,1,02-2155-6896,2022-08-04
서울특별시,서초구,버들어린이공원,양재동 298,역기 올리기,1,02-2155-6896,2022-08-04
서울특별시,서초구,버들어린이공원,양재동 298,역기 내리기,1,02-2155-6896,2022-08-04
서울특별시,서초구,버들어린이공원,양재동 298,노젓기운동,1,02-2155-6896,2022-08-04
서울특별시,서초구,버들어린이공원,양재동 298,어깨 유연성,1,02-2155-6896,2022-08-04
서울특별시,서초구,버들어린이공원,양재동 298,윗몸일으키기,1,02-2155-6896,2022-08-04
서울특별시,서초구,버들어린이공원,양재동 298,하늘걷기,1,02-2155-6896,2022-08-04
서울특별시,서초구,버들어린이공원,양재동 298,허리돌리기,1,02-2155-6896,2022-08-04
서울특별시,서초구,두둑재어린이공원,양재동 357,온몸역기올리기,1,02-2155-6896,2022-08-04
서울특별시,서초구,두둑재어린이공원,양재동 357,온몬역기내리기,1,02-2155-6896,2022-08-04
서울특별시,서초구,두둑재어린이공원,양재동 357,전신싸이클,1,02-2155-6896,2022-08-04
서울특별시,서초구,두둑재어린이공원,양재동 357,싸이드파도타기,1,02-2155-6896,2022-08-04
서울특별시,서초구,두둑재어린이공원,양재동 357,허리돌리기,1,02-2155-6896,2022-08-04
서울특별시,서초구,두둑재어린이공원,양재동 357,윗몸일으키기,1,02-2155-6896,2022-08-04
서울특별시,서초구,두둑재어린이공원,양재동 357,어깨근육풀기,1,02-2155-6896,2022-08-04
서울특별시,서초구,용말어린이공원,양재동 218-3,양팔 줄 당기기,1,02-2155-6896,2022-08-04
서울특별시,서초구,용말어린이공원,양재동 218-3,온몸 허리 돌리기,1,02-2155-6896,2022-08-04
서울특별시,서초구,용말어린이공원,양재동 218-3,옆파도 타기,1,02-2155-6896,2022-08-04
서울특별시,서초구,용말어린이공원,양재동 218-3,하늘걷기,1,02-2155-6896,2022-08-04
서울특별시,서초구,용말어린이공원,양재동 218-3,온몸 근육 풀기,1,02-2155-6896,2022-08-04
서울특별시,서초구,양재어린이공원,양재동 9-29,온몸 역기 오르내리기,1,02-2155-6896,2022-08-04
서울특별시,서초구,양재어린이공원,양재동 9-29,허리돌리기,1,02-2155-6896,2022-08-04
서울특별시,서초구,양재어린이공원,양재동 9-29,물결타기,1,02-2155-6896,2022-08-04
서울특별시,서초구,양재어린이공원,양재동 9-29,상체근육풀기,1,02-2155-6896,2022-08-04
서울특별시,서초구,바우뫼근린공원,양재동 105,평균대,1,02-2155-6896,2022-08-04
서울특별시,서초구,바우뫼근린공원,양재동 105,철봉,1,02-2155-6896,2022-08-04
서울특별시,서초구,횃불어린이공원,양재동 66-4,역기 오르내리기,1,02-2155-6896,2022-08-04
서울특별시,서초구,횃불어린이공원,양재동 66-4,허리돌리기,1,02-2155-6896,2022-08-04
서울특별시,서초구,횃불어린이공원,양재동 66-4,상하체 몸풀기,1,02-2155-6896,2022-08-04
서울특별시,서초구,횃불어린이공원,양재동 66-4,공중걷기,1,02-2155-6896,2022-08-04
서울특별시,서초구,방아다리근린공원,양재동 62 일대,달리기,1,02-2155-6896,2022-08-04
서울특별시,서초구,방아다리근린공원,양재동 62 일대,허리돌리기,3,02-2155-6896,2022-08-04
서울특별시,서초구,방아다리근린공원,양재동 62 일대,상하체 몸풀기,1,02-2155-6896,2022-08-04
서울특별시,서초구,방아다리근린공원,양재동 62 일대,다리 걸치기,1,02-2155-6896,2022-08-04
서울특별시,서초구,동문어린이공원,우면동 70-1,달리기,1,02-2155-6896,2022-08-04
서울특별시,서초구,동문어린이공원,우면동 70-1,허리돌리기,1,02-2155-6896,2022-08-04
서울특별시,서초구,동문어린이공원,우면동 70-1,상하체 몸풀기,1,02-2155-6896,2022-08-04
서울특별시,서초구,동문어린이공원,우면동 70-1,체어풀,1,02-2155-6896,2022-08-04
서울특별시,서초구,동문어린이공원,우면동 70-1,롤링웨이스트,1,02-2155-6896,2022-08-04
서울특별시,서초구,암산어린이공원,우면동 46-12 일대,역기 오르내리기,1,02-2155-6896,2022-08-04
서울특별시,서초구,암산어린이공원,우면동 46-12 일대,허리돌리기,1,02-2155-6896,2022-08-04
서울특별시,서초구,암산어린이공원,우면동 46-12 일대,상하체 몸풀기,2,02-2155-6896,2022-08-04
서울특별시,서초구,암산어린이공원,우면동 46-12 일대,공중걷기,1,02-2155-6896,2022-08-04
서울특별시,서초구,암산어린이공원,우면동 46-12 일대,롤링웨이스트,1,02-2155-6896,2022-08-04
서울특별시,서초구,암산어린이공원,우면동 46-12 일대,레그프레스,1,02-2155-6896,2022-08-04
서울특별시,서초구,효자어린이공원,우면동 55,역기 오르내리기,1,02-2155-6896,2022-08-04
서울특별시,서초구,효자어린이공원,우면동 55,허리돌리기,2,02-2155-6896,2022-08-04
서울특별시,서초구,효자어린이공원,우면동 55,어깨근육풀기,1,02-2155-6896,2022-08-04
서울특별시,서초구,효자어린이공원,우면동 55,공중걷기,1,02-2155-6896,2022-08-04
서울특별시,서초구,효자어린이공원,우면동 55,평행봉,1,02-2155-6896,2022-08-04
서울특별시,서초구,효자어린이공원,우면동 55,3단철봉,1,02-2155-6896,2022-08-04
서울특별시,서초구,효자어린이공원,우면동 55,트윈트위스트,1,02-2155-6896,2022-08-04
서울특별시,서초구,효자어린이공원,우면동 55,트윈바디싯업,1,02-2155-6896,2022-08-04
서울특별시,서초구,바우뫼어린이공원,우면동 60,등허리근육풀기,1,02-2155-6896,2022-08-04
서울특별시,서초구,바우뫼어린이공원,우면동 60,상하체 몸풀기,1,02-2155-6896,2022-08-04
서울특별시,서초구,바우뫼어린이공원,우면동 60,공중걷기,1,02-2155-6896,2022-08-04
서울특별시,서초구,섬들근린공원,우면동 729 일대,허리돌리기,1,02-2155-6896,2022-08-04
서울특별시,서초구,섬들근린공원,우면동 729 일대,상하체 몸풀기,1,02-2155-6896,2022-08-04
서울특별시,서초구,섬들근린공원,우면동 729 일대,체스트 풀,1,02-2155-6896,2022-08-04
서울특별시,서초구,섬들근린공원,우면동 729 일대,로잉라이더,1,02-2155-6896,2022-08-04
서울특별시,서초구,섬들근린공원,우면동 729 일대,거꾸리,1,02-2155-6896,2022-08-04
서울특별시,서초구,섬들근린공원,우면동 729 일대,로라마사지,1,02-2155-6896,2022-08-04
서울특별시,서초구,태봉근린공원,우면동 694,체스트업,1,02-2155-6896,2022-08-04
서울특별시,서초구,태봉근린공원,우면동 694,스윙워커,1,02-2155-6896,2022-08-04
서울특별시,서초구,태봉근린공원,우면동 694,워킹 트레이너,1,02-2155-6896,2022-08-04
서울특별시,서초구,태봉근린공원,우면동 694,레그 스트레치,1,02-2155-6896,2022-08-04
서울특별시,서초구,태봉근린공원,우면동 694,로라마사지,1,02-2155-6896,2022-08-04
서울특별시,서초구,태봉근린공원,우면동 694,로잉라이더,1,02-2155-6896,2022-08-04
서울특별시,서초구,태봉근린공원,우면동 694,체스트풀,1,02-2155-6896,2022-08-04
서울특별시,서초구,망루근린공원(상),우면동 703 일대,트윈워밍암,1,02-2155-6896,2022-08-04
서울특별시,서초구,망루근린공원(상),우면동 703 일대,래그 프레스,1,02-2155-6896,2022-08-04
서울특별시,서초구,망루근린공원(상),우면동 703 일대,디핑,1,02-2155-6896,2022-08-04
서울특별시,서초구,망루근린공원(상),우면동 703 일대,싯업,1,02-2155-6896,2022-08-04
서울특별시,서초구,망루근린공원(상),우면동 703 일대,로라마사지,1,02-2155-6896,2022-08-04
서울특별시,서초구,망루근린공원(상),우면동 703 일대,체스트풀,1,02-2155-6896,2022-08-04
서울특별시,서초구,망루근린공원(상),우면동 703 일대,트위스트,1,02-2155-6896,2022-08-04
서울특별시,서초구,망루근린공원(상),우면동 703 일대,로잉라이더,1,02-2155-6896,2022-08-04
서울특별시,서초구,망루근린공원(상),우면동 703 일대,래그 스트레치,1,02-2155-6896,2022-08-04
서울특별시,서초구,망루근린공원(상),우면동 703 일대,워킹 트레이너,1,02-2155-6896,2022-08-04
서울특별시,서초구,망루근린공원(하),우면동 703 일대,체스트업,1,02-2155-6896,2022-08-04
서울특별시,서초구,망루근린공원(하),우면동 703 일대,스윙워커,1,02-2155-6896,2022-08-04
서울특별시,서초구,망루근린공원(하),우면동 703 일대,트위스트,1,02-2155-6896,2022-08-04
서울특별시,서초구,망루근린공원(하),우면동 703 일대,위밍암,1,02-2155-6896,2022-08-04
서울특별시,서초구,망루근린공원(하),우면동 703 일대,체스트풀,1,02-2155-6896,2022-08-04
서울특별시,서초구,망루근린공원(하),우면동 703 일대,로잉라이더,1,02-2155-6896,2022-08-04
서울특별시,서초구,망루근린공원(하),우면동 703 일대,래그 프레스,1,02-2155-6896,2022-08-04
서울특별시,서초구,망루근린공원(하),우면동 703 일대,로라마사지,1,02-2155-6896,2022-08-04
서울특별시,서초구,망루근린공원(하),우면동 703 일대,오버턴스트,1,02-2155-6896,2022-08-04
서울특별시,서초구,망루근린공원(하),우면동 703 일대,싯업,1,02-2155-6896,2022-08-04
서울특별시,서초구,송동근린공원,우면동 777,온몸 역기 내리기,1,02-2155-6896,2022-08-04
서울특별시,서초구,송동근린공원,우면동 777,자유평행봉,1,02-2155-6896,2022-08-04
서울특별시,서초구,송동근린공원,우면동 777,하늘걷기,1,02-2155-6896,2022-08-04
서울특별시,서초구,송동근린공원,우면동 777,어깨 근육 풀기,1,02-2155-6896,2022-08-04
서울특별시,서초구,송동근린공원,우면동 777,윗몸일으키기,1,02-2155-6896,2022-08-04
서울특별시,서초구,송동근린공원,우면동 777,다리뻗치기,1,02-2155-6896,2022-08-04
서울특별시,서초구,송동근린공원,우면동 777,3단 철봉,1,02-2155-6896,2022-08-04
서울특별시,서초구,송동근린공원,우면동 777,체스트프레스,1,02-2155-6896,2022-08-04
서울특별시,서초구,송동근린공원,우면동 777,트위스트,1,02-2155-6896,2022-08-04
서울특별시,서초구,송동근린공원,우면동 777,터닝암,1,02-2155-6896,2022-08-04
서울특별시,서초구,송동근린공원,우면동 777,하체흔들기,1,02-2155-6896,2022-08-04
서울특별시,서초구,송동근린공원,우면동 777,레그 프레스,1,02-2155-6896,2022-08-04
서울특별시,서초구,송동근린공원,우면동 777,체스트업,1,02-2155-6896,2022-08-04
서울특별시,서초구,송동근린공원,우면동 777,스윙워커,1,02-2155-6896,2022-08-04
서울특별시,서초구,송동근린공원,우면동 777,써핑롤잉,1,02-2155-6896,2022-08-04
서울특별시,서초구,송동근린공원,우면동 777,거꾸리,1,02-2155-6896,2022-08-04
서울특별시,서초구,송동근린공원,우면동 777,평균대,1,02-2155-6896,2022-08-04
서울특별시,서초구,송동어린이공원,우면동 491,체스트 프레스,1,02-2155-6896,2022-08-04
서울특별시,서초구,송동어린이공원,우면동 491,하이풀리,1,02-2155-6896,2022-08-04
서울특별시,서초구,송동어린이공원,우면동 491,등허리지압기,1,02-2155-6896,2022-08-04
서울특별시,서초구,송동어린이공원,우면동 491,허리돌리기,1,02-2155-6896,2022-08-04
서울특별시,서초구,송동어린이공원,우면동 491,윗몸일으키기,1,02-2155-6896,2022-08-04
서울특별시,서초구,송동어린이공원,우면동 491,어깨 근육 풀기,1,02-2155-6896,2022-08-04
서울특별시,서초구,송동어린이공원,우면동 491,공중걷기,1,02-2155-6896,2022-08-04
서울특별시,서초구,송동어린이공원,우면동 491,입식헬스사이클,1,02-2155-6896,2022-08-04
서울특별시,서초구,송동어린이공원,우면동 491,달리기,1,02-2155-6896,2022-08-04
서울특별시,서초구,송동어린이공원,우면동 491,하체 흔들기,1,02-2155-6896,2022-08-04
서울특별시,서초구,우면수변공원(정자앞),우면동 749 일대,풀웨이트,1,02-2155-6896,2022-08-04
서울특별시,서초구,우면수변공원(정자앞),우면동 749 일대,스텝 사이클,1,02-2155-6896,2022-08-04
서울특별시,서초구,우면수변공원(정자앞),우면동 749 일대,트리플트위스트,1,02-2155-6896,2022-08-04
서울특별시,서초구,우면수변공원(정자앞),우면동 749 일대,위밍암,1,02-2155-6896,2022-08-04
서울특별시,서초구,우면수변공원           (서초힐스 앞),우면동 749 일대,스트레칭로라,1,02-2155-6896,2022-08-04
서울특별시,서초구,우면수변공원           (서초힐스 앞),우면동 749 일대,풀웨이트,1,02-2155-6896,2022-08-04
서울특별시,서초구,우면수변공원           (서초힐스 앞),우면동 749 일대,트윈 위밍암,1,02-2155-6896,2022-08-04
서울특별시,서초구,우면수변공원           (서초힐스 앞),우면동 749 일대,스텝 사이클,1,02-2155-6896,2022-08-04
서울특별시,서초구,우면수변공원           (서초힐스 앞),우면동 749 일대,트리플트위스트,1,02-2155-6896,2022-08-04
서울특별시,서초구,우면수변공원           (서초힐스 앞),우면동 749 일대,크로스컨트리,1,02-2155-6896,2022-08-04
서울특별시,서초구,우면수변공원           (서초힐스 앞),우면동 749 일대,체어웨이트,1,02-2155-6896,2022-08-04
서울특별시,서초구,우면수변공원           (서초힐스 앞),우면동 749 일대,롤링웨이스트,1,02-2155-6896,2022-08-04
서울특별시,서초구,우면수변공원           (서초힐스 앞),우면동 749 일대,자유철봉,1,02-2155-6896,2022-08-04
서울특별시,서초구,우면수변공원           (서초힐스 앞),우면동 749 일대,오버턴스트레칭,1,02-2155-6896,2022-08-04
서울특별시,서초구,우면수변공원           (서초힐스 앞),우면동 749 일대,크로스컨트리,1,02-2155-6896,2022-08-04
서울특별시,서초구,우면수변공원           (서초힐스 앞),우면동 749 일대,체어풀,1,02-2155-6896,2022-08-04
서울특별시,서초구,우면수변공원           (서초힐스 앞),우면동 749 일대,백스트레칭,1,02-2155-6896,2022-08-04
서울특별시,서초구,성형촌어린이공원,우면동 211 일대,윗몸일으키기,1,02-2155-6896,2022-08-04
서울특별시,서초구,성형촌어린이공원,우면동 211 일대,평행봉,1,02-2155-6896,2022-08-04
서울특별시,서초구,성형촌어린이공원,우면동 211 일대,온몸돌리기,1,02-2155-6896,2022-08-04
서울특별시,서초구,성형촌어린이공원,우면동 211 일대,3단 철봉,1,02-2155-6896,2022-08-04
서울특별시,서초구,성형촌어린이공원,우면동 211 일대,등허리지압기,1,02-2155-6896,2022-08-04
서울특별시,서초구,성형촌어린이공원,우면동 211 일대,입식 헬스 사이클,1,02-2155-6896,2022-08-04
서울특별시,서초구,성형촌어린이공원,우면동 211 일대,공중걷기,1,02-2155-6896,2022-08-04
서울특별시,서초구,성형촌어린이공원,우면동 211 일대,오버턴스트레칭,1,02-2155-6896,2022-08-04
서울특별시,서초구,성형촌어린이공원,우면동 211 일대,체스트프레스,1,02-2155-6896,2022-08-04
서울특별시,서초구,성형촌어린이공원,우면동 211 일대,하이풀리,1,02-2155-6896,2022-08-04
서울특별시,서초구,성형촌어린이공원,우면동 211 일대,철봉,1,02-2155-6896,2022-08-04
서울특별시,서초구,식유촌어린이공원,우면동 596-3 일대,공중걷기,1,02-2155-6896,2022-08-04
서울특별시,서초구,식유촌어린이공원,우면동 596-3 일대,윗몸일으키기,1,02-2155-6896,2022-08-04
서울특별시,서초구,식유촌어린이공원,우면동 596-3 일대,허리돌리기,1,02-2155-6896,2022-08-04
서울특별시,서초구,식유촌어린이공원,우면동 596-3 일대,하체흔들기,1,02-2155-6896,2022-08-04
서울특별시,서초구,식유촌어린이공원,우면동 596-3 일대,달리기,1,02-2155-6896,2022-08-04
서울특별시,서초구,식유촌어린이공원,우면동 596-3 일대,양팔 줄 당기기,1,02-2155-6896,2022-08-04
서울특별시,서초구,식유촌어린이공원,우면동 596-3 일대,온몸 근육 풀기,1,02-2155-6896,2022-08-04
서울특별시,서초구,서초종합체육공원,원지동 28,등지압기,1,02-2155-6896,2022-08-04
서울특별시,서초구,서초종합체육공원,원지동 28,다리근육풀기,1,02-2155-6896,2022-08-04
서울특별시,서초구,서초종합체육공원,원지동 28,달리기,1,02-2155-6896,2022-08-04
서울특별시,서초구,서초종합체육공원,원지동 28,허리돌리기,1,02-2155-6896,2022-08-04
서울특별시,서초구,서초종합체육공원,원지동 28,온몸 근육 풀기,1,02-2155-6896,2022-08-04
서울특별시,서초구,서초종합체육공원,원지동 28,공중걷기,1,02-2155-6896,2022-08-04
서울특별시,서초구,서초종합체육공원,원지동 28,어깨 근육 풀기,1,02-2155-6896,2022-08-04
서울특별시,서초구,서초종합체육공원,원지동 28,사이클,1,02-2155-6896,2022-08-04
서울특별시,서초구,서초종합체육공원,원지동 28,양팔 줄 당기기,1,02-2155-6896,2022-08-04
서울특별시,서초구,서초종합체육공원,원지동 28,하체 흔들기,1,02-2155-6896,2022-08-04
서울특별시,서초구,서초종합체육공원,원지동 28,턱걸이,2,02-2155-6896,2022-08-04
서울특별시,서초구,아크로리버파크 105동 앞,반포동 115-4,서핑롤링머신,1,02-2155-6893,2022-08-04
서울특별시,서초구,아크로리버파크 105동 앞,반포동 115-4,체스트업머신,1,02-2155-6893,2022-08-04
서울특별시,서초구,아크로리버파크 105동 앞,반포동 115-4,입식마이크운동,1,02-2155-6893,2022-08-04
서울특별시,서초구,아크로리버파크 105동 앞,반포동 115-4,허리돌리기,2,02-2155-6893,2022-08-04
서울특별시,서초구,아크로리버파크 105동 앞,반포동 115-4,레그프레스,1,02-2155-6893,2022-08-04
서울특별시,서초구,아크로리버파크 105동 앞,반포동 115-4,하늘걷기,2,02-2155-6893,2022-08-04
서울특별시,서초구,아크로리버파크 105동 앞,반포동 115-4,큰활차머신,1,02-2155-6893,2022-08-04
서울특별시,서초구,아크로리버파크 105동 앞,반포동 115-4,옆파도타기,1,02-2155-6893,2022-08-04
서울특별시,서초구,아크로리버파크 105동 앞,반포동 115-4,평행봉,1,02-2155-6893,2022-08-04
서울특별시,서초구,아크로리버파크 105동 앞,반포동 115-4,역기,2,02-2155-6893,2022-08-04
서울특별시,서초구,아크로리버파크 105동 앞,반포동 115-4,온몸역기내리기,1,02-2155-6893,2022-08-04
서울특별시,서초구,아크로리버파크 105동 앞,반포동 115-4,등펴기머신,1,02-2155-6893,2022-08-04
서울특별시,서초구,아크로리버파크 105동 앞,반포동 115-4,등허리지압기,1,02-2155-6893,2022-08-04
서울특별시,서초구,아크로리버파크 105동 앞,반포동 115-4,철봉,2,02-2155-6893,2022-08-04
서울특별시,서초구,아크로리버파크 105동 앞,반포동 115-4,거꾸로매달리기,3,02-2155-6893,2022-08-04
서울특별시,서초구,아크로리버파크 105동 앞,반포동 115-4,달리기,1,02-2155-6893,2022-08-04
서울특별시,서초구,아크로리버파크 105동 앞,반포동 115-4,오버턴스트레칭,1,02-2155-6893,2022-08-04
서울특별시,서초구,아크로리버파크 105동 앞,반포동 115-4,평행봉,1,02-2155-6893,2022-08-04
서울특별시,서초구,신반포2차 109동(재건축예정),잠원동 118,스텝싸이클,1,02-2155-6893,2022-08-04
서울특별시,서초구,신반포2차 109동(재건축예정),잠원동 118,체어웨이트,1,02-2155-6893,2022-08-04
서울특별시,서초구,신반포2차 109동(재건축예정),잠원동 118,온몸당겨올리기,1,02-2155-6893,2022-08-04
서울특별시,서초구,신반포2차 109동(재건축예정),잠원동 118,등허리젖히기,1,02-2155-6893,2022-08-04
서울특별시,서초구,신반포2차 109동(재건축예정),잠원동 118,스트레칭로라,1,02-2155-6893,2022-08-04
서울특별시,서초구,신반포2차 109동(재건축예정),잠원동 118,하늘걷기,1,02-2155-6893,2022-08-04
서울특별시,서초구,신반포2차 109동(재건축예정),잠원동 118,철봉,1,02-2155-6893,2022-08-04
서울특별시,서초구,신반포2차 109동(재건축예정),잠원동 118,"오버턴스트레칭, 거꾸리",2,02-2155-6893,2022-08-04
서울특별시,서초구,신반포2차 109동(재건축예정),잠원동 118,워킹트레이너머신,1,02-2155-6893,2022-08-04
서울특별시,서초구,신반포2차 109동(재건축예정),잠원동 118,써핑롤머신,1,02-2155-6893,2022-08-04
서울특별시,서초구,신반포2차 109동(재건축예정),잠원동 118,무릎오금펴기,1,02-2155-6893,2022-08-04
서울특별시,서초구,신반포2차 109동(재건축예정),잠원동 118,허리돌리기,2,02-2155-6893,2022-08-04
서울특별시,서초구,신반포2차 109동(재건축예정),잠원동 118,양팔줄당기기,1,02-2155-6893,2022-08-04
서울특별시,서초구,신반포2차 110동(재건축예정),잠원동 118,양회전운동,2,02-2155-6893,2022-08-04
서울특별시,서초구,신반포2차 110동(재건축예정),잠원동 118,허리돌리기,3,02-2155-6893,2022-08-04
서울특별시,서초구,신반포2차 110동(재건축예정),잠원동 118,옆회전운동,1,02-2155-6893,2022-08-04
서울특별시,서초구,신반포2차 110동(재건축예정),잠원동 118,등허리운동,1,02-2155-6893,2022-08-04
서울특별시,서초구,신반포2차 110동(재건축예정),잠원동 118,팔올리기운동,1,02-2155-6893,2022-08-04
서울특별시,서초구,신반포2차 110동(재건축예정),잠원동 118,마라톤운동,1,02-2155-6893,2022-08-04
서울특별시,서초구,신반포2차 110동(재건축예정),잠원동 118,양다리운동,1,02-2155-6893,2022-08-04
서울특별시,서초구,신반포2차 110동(재건축예정),잠원동 118,평행봉,4,02-2155-6893,2022-08-04
서울특별시,서초구,신반포2차 110동(재건축예정),잠원동 118,철봉,3,02-2155-6893,2022-08-04
서울특별시,서초구,신반포2차 110동(재건축예정),잠원동 118,등허리젖히기,1,02-2155-6893,2022-08-04
서울특별시,서초구,한강아파트 1동,잠원동 117,하늘걷기,1,02-2155-6893,2022-08-04
서울특별시,서초구,한강아파트 1동,잠원동 117,온몸역기내리기,1,02-2155-6893,2022-08-04
서울특별시,서초구,한강아파트 1동,잠원동 117,양팔줄당기기,1,02-2155-6893,2022-08-04
서울특별시,서초구,한강아파트 1동,잠원동 117,옆파도타기,1,02-2155-6893,2022-08-04
서울특별시,서초구,한강아파트 1동,잠원동 117,허리돌리기,1,02-2155-6893,2022-08-04
서울특별시,서초구,신반포12차 324동,잠원동 50-7,허리돌리기,1,02-2155-6893,2022-08-04
서울특별시,서초구,신반포12차 324동,잠원동 50-7,오금펴기,1,02-2155-6893,2022-08-04
서울특별시,서초구,신동공원 옆,잠원동 86-7 일대,등허리지압기,1,02-2155-6893,2022-08-04
서울특별시,서초구,신동공원 옆,잠원동 86-7 일대,온몸근육풀기,1,02-2155-6893,2022-08-04
서울특별시,서초구,신동공원 옆,잠원동 86-7 일대,오버턴스트레칭,1,02-2155-6893,2022-08-04
서울특별시,서초구,신동공원 옆,잠원동 86-7 일대,하늘걷기,3,02-2155-6893,2022-08-04
서울특별시,서초구,신동공원 옆,잠원동 86-7 일대,온몸허리돌리기,1,02-2155-6893,2022-08-04
서울특별시,서초구,신동공원 옆,잠원동 86-7 일대,체스트프레스,1,02-2155-6893,2022-08-04
서울특별시,서초구,신반포10차 319동,잠원동 86-7 일대,온몸허리돌리기,1,02-2155-6893,2022-08-04
서울특별시,서초구,신반포10차 319동,잠원동 86-7 일대,하늘걷기,1,02-2155-6893,2022-08-04
서울특별시,서초구,리버사이드 뒤,잠원동 7-2,크로스컨트리,1,02-2155-6893,2022-08-04
서울특별시,서초구,리버사이드 뒤,잠원동 7-2,워밍암,1,02-2155-6893,2022-08-04
서울특별시,서초구,리버사이드 뒤,잠원동 7-2,트윈트위스트,1,02-2155-6893,2022-08-04
서울특별시,서초구,반포훼밀리아파트 104동,반포동 701-74,윗몸일으키기+허리돌리기,1,02-2155-6893,2022-08-04
서울특별시,서초구,반포훼밀리아파트 104동,반포동 701-74,온몸근육풀기+양팔줄당기기,1,02-2155-6893,2022-08-04
서울특별시,서초구,반포훼밀리아파트 104동,반포동 701-74,꺼꾸리 매달리기,1,02-2155-6893,2022-08-04
서울특별시,서초구,반포훼밀리아파트 103동,반포동 702,하늘걷기,1,02-2155-6893,2022-08-04
서울특별시,서초구,반포훼밀리아파트 103동,반포동 702,체어웨이트,1,02-2155-6893,2022-08-04
서울특별시,서초구,반포훼밀리아파트 103동,반포동 702,옆파도타기,1,02-2155-6893,2022-08-04
서울특별시,서초구,반포훼밀리아파트 103동,반포동 702,어깨손목돌리기,1,02-2155-6893,2022-08-04
서울특별시,서초구,반포훼밀리아파트 103동,반포동 702,상체일으키기,1,02-2155-6893,2022-08-04
서울특별시,서초구,반포훼밀리아파트 103동,반포동 702,허리돌리기,1,02-2155-6893,2022-08-04
서울특별시,서초구,반포치안센터,반포동 712,공중걷기,1,02-2155-6893,2022-08-04
서울특별시,서초구,반포치안센터,반포동 712,온몸근육풀기,1,02-2155-6893,2022-08-04
서울특별시,서초구,반포치안센터,반포동 712,다리근육풀기,1,02-2155-6893,2022-08-04
서울특별시,서초구,반포치안센터,반포동 712,허리돌리기,1,02-2155-6893,2022-08-04
서울특별시,서초구,반포치안센터,반포동 712,하체흔들기,1,02-2155-6893,2022-08-04
서울특별시,서초구,반포치안센터,반포동 712,윗몸일으키기,1,02-2155-6893,2022-08-04
서울특별시,서초구,반포자이(반포동26-5),반포동 26-5,파워사이클+트위스트,1,02-2155-6893,2022-08-04
서울특별시,서초구,반포자이(반포동26-5),반포동 26-5,크로스워킹+스카이워킹,1,02-2155-6893,2022-08-04
서울특별시,서초구,반포자이(반포동26-5),반포동 26-5,파워프레스+풀웨이트,1,02-2155-6893,2022-08-04
서울특별시,서초구,반포자이(반포동26-5),반포동 26-5,스탠드업+마사지롤,1,02-2155-6893,2022-08-04
서울특별시,서초구,반포자이(반포동26-5),반포동 26-5,사이드스윙+터닝암,1,02-2155-6893,2022-08-04
서울특별시,서초구,반포자이(반포동26-5),반포동 26-5,푸시웨이트+레그프레스,1,02-2155-6893,2022-08-04
서울특별시,서초구,반포방음벽주차장,반포동 730,역기,1,02-2155-6893,2022-08-04
서울특별시,서초구,반포방음벽주차장,반포동 730,평행봉,2,02-2155-6893,2022-08-04
서울특별시,서초구,반포방음벽주차장,반포동 730,허리돌리기,1,02-2155-6893,2022-08-04
서울특별시,서초구,반포방음벽주차장,반포동 730,허리흔들기,1,02-2155-6893,2022-08-04
서울특별시,서초구,반포방음벽주차장,반포동 730,온몸밀어올리기,1,02-2155-6893,2022-08-04
서울특별시,서초구,반포방음벽주차장,반포동 730,윗몸일으키기,1,02-2155-6893,2022-08-04
서울특별시,서초구,반포방음벽주차장,반포동 730,전신싸이클,1,02-2155-6893,2022-08-04
서울특별시,서초구,반포방음벽주차장,반포동 730,레그익스텐션,1,02-2155-6893,2022-08-04
서울특별시,서초구,반포방음벽주차장,반포동 730,양팔밀기,1,02-2155-6893,2022-08-04
서울특별시,서초구,반포방음벽주차장,반포동 730,파도타기,1,02-2155-6893,2022-08-04
서울특별시,서초구,반포방음벽주차장,반포동 730,등허리지압기,1,02-2155-6893,2022-08-04
서울특별시,서초구,반포방음벽주차장,반포동 730,큰활차+작은활차,1,02-2155-6893,2022-08-04
서울특별시,서초구,"고무래로, 반포푸르지오써밋",반포동 30-22 일대,마라톤운동,1,02-2155-6893,2022-08-04
서울특별시,서초구,"고무래로, 반포푸르지오써밋",반포동 30-22 일대,다리뻗치기,1,02-2155-6893,2022-08-04
서울특별시,서초구,"고무래로, 반포푸르지오써밋",반포동 30-22 일대,온몸노젖기,1,02-2155-6893,2022-08-04
서울특별시,서초구,"고무래로, 반포푸르지오써밋",반포동 30-22 일대,온몸허리돌리기,1,02-2155-6893,2022-08-04
서울특별시,서초구,"고무래로, 반포푸르지오써밋",반포동 30-22 일대,온몸역기올리기,1,02-2155-6893,2022-08-04
서울특별시,서초구,"고무래로, 반포푸르지오써밋",반포동 30-22 일대,하늘걷기,1,02-2155-6893,2022-08-04
서울특별시,서초구,"KCC, 서초래미안",서초동 1301-26 일대,허리돌리기,1,02-2155-6893,2022-08-04
서울특별시,서초구,"KCC, 서초래미안",서초동 1301-26 일대,달리기,1,02-2155-6893,2022-08-04
서울특별시,서초구,"KCC, 서초래미안",서초동 1301-26 일대,하늘걷기,1,02-2155-6893,2022-08-04
서울특별시,서초구,"KCC, 서초래미안",서초동 1301-26 일대,오금펴기,1,02-2155-6893,2022-08-04
서울특별시,서초구,서초롯데캐슬 101동,서초동 1681-9,제자리달리기,1,02-2155-6893,2022-08-04
서울특별시,서초구,서초롯데캐슬 101동,서초동 1681-9,무릎펴서걷기,1,02-2155-6893,2022-08-04
서울특별시,서초구,서초롯데캐슬 101동,서초동 1681-9,어깨손목돌리기,1,02-2155-6893,2022-08-04
서울특별시,서초구,서초롯데캐슬 101동,서초동 1681-9,상체일으키기,1,02-2155-6893,2022-08-04
서울특별시,서초구,서초롯데캐슬 101동,서초동 1681-9,오버턴스트레칭,1,02-2155-6893,2022-08-04
서울특별시,서초구,명달공원 옆,서초동 1384-1 일대,허리흔들기,1,02-2155-6893,2022-08-04
서울특별시,서초구,명달공원 옆,서초동 1384-1 일대,어깨손목돌리기,1,02-2155-6893,2022-08-04
서울특별시,서초구,명달공원 옆,서초동 1384-1 일대,온몸당겨올리기,1,02-2155-6893,2022-08-04
서울특별시,서초구,명달공원 옆,서초동 1384-1 일대,무릎펴서걷기,1,02-2155-6893,2022-08-04
서울특별시,서초구,용허리공원 옆,서초동 1400-1 일대,옆파도타기,1,02-2155-6893,2022-08-04
서울특별시,서초구,용허리공원 옆,서초동 1400-1 일대,온몸근육풀기,1,02-2155-6893,2022-08-04
서울특별시,서초구,용허리공원 옆,서초동 1400-1 일대,온몸역기올리기,1,02-2155-6893,2022-08-04
서울특별시,서초구,용허리공원 옆,서초동 1400-1 일대,공중걷기,1,02-2155-6893,2022-08-04
서울특별시,서초구,용허리공원 옆,서초동 1400-1 일대,마라톤운동,1,02-2155-6893,2022-08-04
서울특별시,서초구,용허리공원 옆,서초동 1400-1 일대,역기올리기,1,02-2155-6893,2022-08-04
서울특별시,서초구,용허리공원 옆,서초동 1400-1 일대,하늘걷기,1,02-2155-6893,2022-08-04
서울특별시,서초구,용허리공원 옆,서초동 1400-1 일대,허리돌리기,1,02-2155-6893,2022-08-04
서울특별시,서초구,코오롱 스포렉스 옆,서초동 1400-1 일대,마라톤운동,1,02-2155-6893,2022-08-04
서울특별시,서초구,코오롱 스포렉스 옆,서초동 1400-1 일대,공중걷기,1,02-2155-6893,2022-08-04
서울특별시,서초구,코오롱 스포렉스 옆,서초동 1400-1 일대,역회전운동,1,02-2155-6893,2022-08-04
서울특별시,서초구,코오롱 스포렉스 옆,서초동 1400-1 일대,허리돌리기,1,02-2155-6893,2022-08-04
서울특별시,서초구,코오롱 스포렉스 옆,서초동 1400-1 일대,윗몸일으키기,1,02-2155-6893,2022-08-04
서울특별시,서초구,신동아1차 1동(재건축예정),서초동 1333-1 일대,오버턴스트레칭,1,02-2155-6893,2022-08-04
서울특별시,서초구,신동아1차 1동(재건축예정),서초동 1333-1 일대,철봉,1,02-2155-6893,2022-08-04
서울특별시,서초구,신동아2차 7동(재건축예정),서초동 1368 일대,온몸당겨올리기,1,02-2155-6893,2022-08-04
서울특별시,서초구,신동아2차 7동(재건축예정),서초동 1368 일대,무릎펴서걷기,1,02-2155-6893,2022-08-04
서울특별시,서초구,신동아2차 7동(재건축예정),서초동 1368 일대,제자리달리기,1,02-2155-6893,2022-08-04
서울특별시,서초구,신동아2차 7동(재건축예정),서초동 1368 일대,어깨손목돌리기,1,02-2155-6893,2022-08-04
서울특별시,서초구,신동아2차 7동(재건축예정),서초동 1368 일대,오버턴스트레칭,1,02-2155-6893,2022-08-04
서울특별시,서초구,SK주유소옆(서초동 1632-4),서초동 1632-4,롤링웨이스트,1,02-2155-6893,2022-08-04
서울특별시,서초구,SK주유소옆(서초동 1632-4),서초동 1632-4,양팔줄당기기,1,02-2155-6893,2022-08-04
서울특별시,서초구,SK주유소옆(서초동 1632-4),서초동 1632-4,크로스컨트리,1,02-2155-6893,2022-08-04
서울특별시,서초구,SK주유소옆(서초동 1632-4),서초동 1632-4,트윈트위스트,1,02-2155-6893,2022-08-04
서울특별시,서초구,SK주유소옆(서초동 1632-4),서초동 1632-4,워밍암,1,02-2155-6893,2022-08-04
서울특별시,서초구,동원베네스트 101동(서초IC),서초동 1351,거꾸로매달리기,1,02-2155-6893,2022-08-04
서울특별시,서초구,동원베네스트 101동(서초IC),서초동 1351,상체일으키기,1,02-2155-6893,2022-08-04
서울특별시,서초구,동원베네스트 101동(서초IC),서초동 1351,복합형(자전거+하늘걷기),1,02-2155-6893,2022-08-04
서울특별시,서초구,동원베네스트 101동(서초IC),서초동 1351,어깨근육풀기+상체근육풀기,1,02-2155-6893,2022-08-04
서울특별시,서초구,동원베네스트 101동(서초IC),서초동 1351,온몸당겨올리기,1,02-2155-6893,2022-08-04
서울특별시,서초구,동원베네스트 101동(서초IC),서초동 1351,제자리달리기,1,02-2155-6893,2022-08-04
서울특별시,서초구,동원베네스트 101동(서초IC),서초동 1351,핸들웨이트(철봉),1,02-2155-6893,2022-08-04
서울특별시,서초구,동원베네스트 101동(서초IC),서초동 1351,허리돌리기,1,02-2155-6893,2022-08-04
서울특별시,서초구,양재천변 영진목재 앞,양재동 126-15 일대,물결타기,1,02-2155-6893,2022-08-04
서울특별시,서초구,양재천변 영진목재 앞,양재동 126-15 일대,역기올리기,1,02-2155-6893,2022-08-04
서울특별시,서초구,양재천변 영진목재 앞,양재동 126-15 일대,어깨유연성운동,1,02-2155-6893,2022-08-04
서울특별시,서초구,양재천변 영진목재 앞,양재동 126-15 일대,허리돌리기,1,02-2155-6893,2022-08-04
서울특별시,서초구,양재천변 양재도서관 앞,양재동 126-15 일대,마사지롤,1,02-2155-6893,2022-08-04
서울특별시,서초구,양재천변 양재도서관 앞,양재동 126-15 일대,터닝암,1,02-2155-6893,2022-08-04
서울특별시,서초구,양재천변 양재도서관 앞,양재동 126-15 일대,트위스트,1,02-2155-6893,2022-08-04
서울특별시,서초구,양재천변 양재도서관 앞,양재동 126-15 일대,크로스워킹+스카이워킹,1,02-2155-6893,2022-08-04
서울특별시,서초구,양재천변 양재도서관 앞,양재동 126-15 일대,러닝싸이클,1,02-2155-6893,2022-08-04
서울특별시,서초구,양재천변 리본타워 2단지 옆,양재동 213 일대,하이폴리+윗몸일으키기,1,02-2155-6893,2022-08-04
서울특별시,서초구,양재천변 리본타워 2단지 옆,양재동 213 일대,양팔줄당기기+온몸근육풀기,1,02-2155-6893,2022-08-04
서울특별시,서초구,양재천변 리본타워 2단지 옆,양재동 213 일대,허리돌리기,1,02-2155-6893,2022-08-04
서울특별시,서초구,양재천변 리본타워 2단지 옆,양재동 213 일대,달리기운동+하체흔들기,1,02-2155-6893,2022-08-04
서울특별시,서초구,양재천변 리본타워 2단지 옆,양재동 213 일대,입식헬스싸이클+공중걷기,1,02-2155-6893,2022-08-04
서울특별시,서초구,양재천변 우면동 LH4단지 옆,우면동 794 일대,레그프레스,1,02-2155-6893,2022-08-04
서울특별시,서초구,양재천변 우면동 LH4단지 옆,우면동 794 일대,핸들웨이트,2,02-2155-6893,2022-08-04
서울특별시,서초구,양재천변 우면동 LH4단지 옆,우면동 794 일대,바웨이트,1,02-2155-6893,2022-08-04
서울특별시,서초구,양재천변 우면동 LH4단지 옆,우면동 794 일대,롤링웨이스트,1,02-2155-6893,2022-08-04
서울특별시,서초구,양재천변 우면동 LH4단지 옆,우면동 794 일대,트리플트위스트,1,02-2155-6893,2022-08-04
서울특별시,서초구,양재천변 우면동 LH4단지 옆,우면동 794 일대,워밍암,1,02-2155-6893,2022-08-04
서울특별시,서초구,양재천변 우면동 LH4단지 옆,우면동 794 일대,레그스트레치,1,02-2155-6893,2022-08-04
서울특별시,서초구,뽕나무마을마당(잠원동49-10),잠원동 49-10,트윈트위스트,1,02-2155-6863,2022-08-04
서울특별시,서초구,뽕나무마을마당(잠원동49-10),잠원동 49-10,크로스컨트리,1,02-2155-6863,2022-08-04
서울특별시,서초구,반포SK뷰(반포4동 612-78),반포동 612-78,평행봉,1,02-2155-6863,2022-08-04
서울특별시,서초구,반포SK뷰(반포4동 612-78),반포동 612-78,온몸 역기,1,02-2155-6863,2022-08-04
서울특별시,서초구,반포SK뷰(반포4동 612-78),반포동 612-78,허리돌리기,1,02-2155-6863,2022-08-04
서울특별시,서초구,반포SK뷰(반포4동 612-78),반포동 612-78,온몸 당겨 올리기,1,02-2155-6863,2022-08-04
서울특별시,서초구,반포SK뷰(반포4동 612-78),반포동 612-78,온몸 밀며 올리기,1,02-2155-6863,2022-08-04
서울특별시,서초구,반포SK뷰(반포4동 612-78),반포동 612-78,스카이워킹,1,02-2155-6863,2022-08-04
서울특별시,서초구,반포SK뷰(반포4동 612-78),반포동 612-78,크로스워킹,1,02-2155-6863,2022-08-04
서울특별시,서초구,반포SK뷰(반포4동 612-78),반포동 612-78,양팔돌리기,1,02-2155-6863,2022-08-04
서울특별시,서초구,방배2동 2752-6,방배동 2752-6,허리돌리기,1,02-2155-6863,2022-08-04
서울특별시,서초구,방배2동 2752-6,방배동 2752-6,어깨손목돌리기,1,02-2155-6863,2022-08-04
서울특별시,서초구,방배동마을마당(방배2동 2732-4),방배동 2732-4,등허리지압기,1,02-2155-6863,2022-08-04
서울특별시,서초구,방배동마을마당(방배2동 2732-4),방배동 2732-4,허리돌리기,2,02-2155-6863,2022-08-04
서울특별시,서초구,방배동마을마당(방배2동 2732-4),방배동 2732-4,역기올리기,1,02-2155-6863,2022-08-04
서울특별시,서초구,방배동마을마당(방배2동 2732-4),방배동 2732-4,다리밀기,1,02-2155-6863,2022-08-04
서울특별시,서초구,방배동마을마당(방배2동 2732-4),방배동 2732-4,평행봉,1,02-2155-6863,2022-08-04
서울특별시,서초구,방배동마을마당(방배2동 2732-4),방배동 2732-4,철봉,1,02-2155-6863,2022-08-04
서울특별시,서초구,방배3동 530-85,방배3동 530-85,파워사이클,1,02-2155-6863,2022-08-04
서울특별시,서초구,방배3동 530-85,방배3동 530-85,트위스트,1,02-2155-6863,2022-08-04
서울특별시,서초구,방배4동 1344-7,방배4동 1344-7,트윈트위스트,1,02-2155-6863,2022-08-04
서울특별시,서초구,방배4동 1344-7,방배4동 1344-7,워밍암,1,02-2155-6863,2022-08-04
서울특별시,서초구,방배4동 1344-7,방배4동 1344-7,스텝사이클,1,02-2155-6863,2022-08-04
서울특별시,서초구,방배4동 1344-7,방배4동 1344-7,스트레칭로라,1,02-2155-6863,2022-08-04
서울특별시,서초구,방배4동 1344-7,방배4동 1344-7,롤링웨이스트,1,02-2155-6863,2022-08-04
서울특별시,서초구,방배4동 1344-7,방배4동 1344-7,크로스컨트리,1,02-2155-6863,2022-08-04
서울특별시,서초구,방배4동 1344-7,방배4동 1344-7,체어풀,1,02-2155-6863,2022-08-04
서울특별시,서초구,방배4동 1344-7,방배4동 1344-7,윗몸일으키기,1,02-2155-6863,2022-08-04
서울특별시,서초구,방배4동 1344-7,방배4동 1344-7,역기,1,02-2155-6863,2022-08-04
서울특별시,서초구,양재1동 4-1,양재동 4-1,마라톤운동+파도타기,1,02-2155-6863,2022-08-04
서울특별시,서초구,양재1동 4-1,양재동 4-1,윗몸일으키기,1,02-2155-6863,2022-08-04
서울특별시,서초구,양재1동 4-1,양재동 4-1,공중걷기,1,02-2155-6863,2022-08-04
서울특별시,서초구,양재1동 4-1,양재동 4-1,온몸근육풀기+양팔줄당기기,1,02-2155-6863,2022-08-04
서울특별시,서초구,양재1동 4-1,양재동 4-1,허리돌리기,1,02-2155-6863,2022-08-04
서울특별시,서초구,서리풀공원 청권사쉼터,서초동 산156-58,허리돌리기,4,02-2155-6883,2022-08-04
서울특별시,서초구,서리풀공원 청권사쉼터,서초동 산156-58,오금펴기,2,02-2155-6883,2022-08-04
서울특별시,서초구,서리풀공원 청권사쉼터,서초동 산156-58,팔올리기,1,02-2155-6883,2022-08-04
서울특별시,서초구,서리풀공원 청권사쉼터,서초동 산156-58,팔내리기,1,02-2155-6883,2022-08-04
서울특별시,서초구,서리풀공원 청권사쉼터,서초동 산156-58,윗몸일으키기,1,02-2155-6883,2022-08-04
서울특별시,서초구,서리풀공원 청권사쉼터,서초동 산156-58,옆회전운동,1,02-2155-6883,2022-08-04
서울특별시,서초구,서리풀공원 청권사쉼터,서초동 산156-58,다리운동,1,02-2155-6883,2022-08-04
서울특별시,서초구,서리풀공원 청권사쉼터,서초동 산156-58,온몸근육풀기,1,02-2155-6883,2022-08-04
서울특별시,서초구,서리풀공원 청권사쉼터,서초동 산156-58,마라톤운동,1,02-2155-6883,2022-08-04
서울특별시,서초구,서리풀공원 청권사쉼터,서초동 산156-58,역기,2,02-2155-6883,2022-08-04
서울특별시,서초구,서리풀공원 청권사쉼터,서초동 산156-58,철봉,5,02-2155-6883,2022-08-04
서울특별시,서초구,서리풀공원 청권사쉼터,서초동 산156-58,허리운동(타이어),2,02-2155-6883,2022-08-04
서울특별시,서초구,서리풀공원 청권사쉼터,서초동 산156-58,윗몸일으키기,5,02-2155-6883,2022-08-04
서울특별시,서초구,서리풀공원 청권사쉼터,서초동 산156-58,평행봉,1,02-2155-6883,2022-08-04
서울특별시,서초구,서리풀공원 청권사쉼터,서초동 산156-58,양회전운동,1,02-2155-6883,2022-08-04
서울특별시,서초구,서리풀공원 청권사쉼터,서초동 산156-58,레그스트레치,1,02-2155-6883,2022-08-04
서울특별시,서초구,서리풀공원 할아버지쉼터,방배동 산17-34,공중걷기,1,02-2155-6883,2022-08-04
서울특별시,서초구,서리풀공원 할아버지쉼터,방배동 산17-34,파도타기,1,02-2155-6883,2022-08-04
서울특별시,서초구,서리풀공원 할아버지쉼터,방배동 산17-34,역기내리기,1,02-2155-6883,2022-08-04
서울특별시,서초구,서리풀공원 할아버지쉼터,방배동 산17-34,허리돌리기,1,02-2155-6883,2022-08-04
서울특별시,서초구,서리풀공원 할아버지쉼터,방배동 산17-34,등허리지압기,1,02-2155-6883,2022-08-04
서울특별시,서초구,서리풀공원 할아버지쉼터,방배동 산17-34,철봉,1,02-2155-6883,2022-08-04
서울특별시,서초구,서리풀공원 할아버지쉼터,방배동 산17-34,평행봉,1,02-2155-6883,2022-08-04
서울특별시,서초구,서리풀공원 할아버지쉼터,방배동 산17-34,윗몸일으키기,1,02-2155-6883,2022-08-04
서울특별시,서초구,서리풀공원 할아버지쉼터,방배동 산17-34,역기,1,02-2155-6883,2022-08-04
서울특별시,서초구,서리풀공원 할아버지쉼터,방배동 산17-34,입식싸이클,1,02-2155-6883,2022-08-04
서울특별시,서초구,서리풀공원 할아버지쉼터,방배동 산17-34,스트레칭,1,02-2155-6883,2022-08-04
서울특별시,서초구,서리풀공원 할아버지쉼터,방배동 산17-34,팔내리기,1,02-2155-6883,2022-08-04
서울특별시,서초구,서리풀공원 할아버지쉼터,방배동 산17-34,허리운동(타이어),1,02-2155-6883,2022-08-04
서울특별시,서초구,서리풀공원 할아버지쉼터,방배동 산17-34,허리돌리기,2,02-2155-6883,2022-08-04
서울특별시,서초구,서리풀공원 할머니쉼터,방배동 산17-34,노젓기,2,02-2155-6883,2022-08-04
서울특별시,서초구,서리풀공원 할머니쉼터,방배동 산17-34,마라톤,1,02-2155-6883,2022-08-04
서울특별시,서초구,서리풀공원 할머니쉼터,방배동 산17-34,옆회전운동,1,02-2155-6883,2022-08-04
서울특별시,서초구,서리풀공원 할머니쉼터,방배동 산17-34,다리운동,1,02-2155-6883,2022-08-04
서울특별시,서초구,서리풀공원 할머니쉼터,방배동 산17-34,양회전운동,1,02-2155-6883,2022-08-04
서울특별시,서초구,서리풀공원 할머니쉼터,방배동 산17-34,허벅지운동,1,02-2155-6883,2022-08-04
서울특별시,서초구,서리풀공원 할머니쉼터,방배동 산17-34,거꾸리,1,02-2155-6883,2022-08-04
서울특별시,서초구,서리풀공원 할머니쉼터,방배동 산17-34,어깨돌리기,1,02-2155-6883,2022-08-04
서울특별시,서초구,서리풀공원 할머니쉼터,방배동 산17-34,허리운동,1,02-2155-6883,2022-08-04
서울특별시,서초구,서리풀공원 할머니쉼터,방배동 산17-34,양다리운동,1,02-2155-6883,2022-08-04
서울특별시,서초구,서리풀공원 할머니쉼터,방배동 산17-34,오금펴기,1,02-2155-6883,2022-08-04
서울특별시,서초구,서리풀공원 할머니쉼터,방배동 산17-34,철봉,4,02-2155-6883,2022-08-04
서울특별시,서초구,서리풀공원 참나무쉼터,서초동 산183-12,허리돌리기,2,02-2155-6883,2022-08-04
서울특별시,서초구,서리풀공원 참나무쉼터,서초동 산183-12,거꾸로매달리기,1,02-2155-6883,2022-08-04
서울특별시,서초구,서리풀공원 참나무쉼터,서초동 산183-12,옆회전운동,1,02-2155-6883,2022-08-04
서울특별시,서초구,서리풀공원 참나무쉼터,서초동 산183-12,온몸풀기,1,02-2155-6883,2022-08-04
서울특별시,서초구,서리풀공원 참나무쉼터,서초동 산183-12,윗몸일으키기,1,02-2155-6883,2022-08-04
서울특별시,서초구,서리풀공원 참나무쉼터,서초동 산183-12,하늘걷기,1,02-2155-6883,2022-08-04
서울특별시,서초구,서리풀공원 참나무쉼터,서초동 산183-12,허리운동(타이어),2,02-2155-6883,2022-08-04
서울특별시,서초구,서리풀공원 참나무쉼터,서초동 산183-12,평행봉,1,02-2155-6883,2022-08-04
서울특별시,서초구,서리풀공원 참나무쉼터,서초동 산183-12,철봉,2,02-2155-6883,2022-08-04
서울특별시,서초구,서리풀공원 참나무쉼터,서초동 산183-12,팔펴기운동,4,02-2155-6883,2022-08-04
서울특별시,서초구,서리풀공원 참나무쉼터,서초동 산183-12,철봉(小),1,02-2155-6883,2022-08-04
서울특별시,서초구,서리풀공원 참나무쉼터,서초동 산183-12,입식 싸이클,1,02-2155-6883,2022-08-04
서울특별시,서초구,서리풀공원 등나무쉼터,서초동 산183-12,팔굽혀펴기,1,02-2155-6883,2022-08-04
서울특별시,서초구,서리풀공원 등나무쉼터,서초동 산183-12,철봉(小),1,02-2155-6883,2022-08-04
서울특별시,서초구,서리풀공원 성모병원뒤 팔각정,반포동 산28,온몸풀기,2,02-2155-6883,2022-08-04
서울특별시,서초구,서리풀공원 성모병원뒤 팔각정,반포동 산28,오금펴기,2,02-2155-6883,2022-08-04
서울특별시,서초구,서리풀공원 성모병원뒤 팔각정,반포동 산28,양다리 운동,1,02-2155-6883,2022-08-04
서울특별시,서초구,서리풀공원 성모병원뒤 팔각정,반포동 산28,팔굽혀펴기,1,02-2155-6883,2022-08-04
서울특별시,서초구,서리풀공원 성모병원뒤 팔각정,반포동 산28,팔올리기,1,02-2155-6883,2022-08-04
서울특별시,서초구,서리풀공원 성모병원뒤 팔각정,반포동 산28,스트레칭,1,02-2155-6883,2022-08-04
서울특별시,서초구,서리풀공원 성모병원뒤 팔각정,반포동 산28,트위스트,1,02-2155-6883,2022-08-04
서울특별시,서초구,서리풀공원 성모병원뒤 팔각정,반포동 산28,풀웨이트,1,02-2155-6883,2022-08-04
서울특별시,서초구,서리풀공원 성모병원뒤 팔각정,반포동 산28,양다리운동,1,02-2155-6883,2022-08-04
서울특별시,서초구,서리풀공원 성모병원뒤 팔각정,반포동 산28,거꾸로매달리기,1,02-2155-6883,2022-08-04
서울특별시,서초구,서리풀공원 성모병원뒤 팔각정,반포동 산28,팔올리기,1,02-2155-6883,2022-08-04
서울특별시,서초구,서리풀공원 성모병원뒤 팔각정,반포동 산28,윗몸일으키기,2,02-2155-6883,2022-08-04
서울특별시,서초구,서리풀공원 성모병원뒤 팔각정,반포동 산28,철봉,4,02-2155-6883,2022-08-04
서울특별시,서초구,서리풀공원 성모병원뒤 팔각정,반포동 산28,평행봉,1,02-2155-6883,2022-08-04
서울특별시,서초구,서리풀공원 성모병원뒤 팔각정,반포동 산28,역기,1,02-2155-6883,2022-08-04
서울특별시,서초구,서리풀공원 성모병원뒤 팔각정,반포동 산28,3단 철봉,1,02-2155-6883,2022-08-04
서울특별시,서초구,방배공원 방배동 성당 위 정자(참나무쉼터),방배동 산43-6 외,윗몸일으키기,2,02-2155-6881,2022-08-04
서울특별시,서초구,방배공원 방배동 성당 위 정자(참나무쉼터),방배동 산43-6 외,턱걸이,4,02-2155-6881,2022-08-04
서울특별시,서초구,방배공원 방배동 성당 위 정자(참나무쉼터),방배동 산43-6 외,발거치대,3,02-2155-6881,2022-08-04
서울특별시,서초구,방배공원 방배동 성당 위 정자(참나무쉼터),방배동 산43-6 외,허리돌리기,1,02-2155-6881,2022-08-04
서울특별시,서초구,방배공원 방배동 성당 위 정자(참나무쉼터),방배동 산43-6 외,발걸고눕기대,1,02-2155-6881,2022-08-04
서울특별시,서초구,방배공원 방배동 성당 위 정자(참나무쉼터),방배동 산43-6 외,하체돌리기,1,02-2155-6881,2022-08-04
서울특별시,서초구,방배공원 방배동 성당 위 정자(참나무쉼터),방배동 산43-6 외,달리기,1,02-2155-6881,2022-08-04
서울특별시,서초구,방배공원 방배동 성당 위 정자(참나무쉼터),방배동 산43-6 외,발거치대,4,02-2155-6881,2022-08-04
서울특별시,서초구,방배공원 539번지 정자 앞(정자쉼터),방배동 539 외,허리운동,1,02-2155-6881,2022-08-04
서울특별시,서초구,방배공원 539번지 정자 앞(정자쉼터),방배동 539 외,거꾸리,1,02-2155-6881,2022-08-04
서울특별시,서초구,방배공원 539번지 정자 앞(정자쉼터),방배동 539 외,위킹머신,1,02-2155-6881,2022-08-04
서울특별시,서초구,방배공원 539번지 정자 앞(정자쉼터),방배동 539 외,등마사지,1,02-2155-6881,2022-08-04
서울특별시,서초구,방배공원 539번지 정자 앞(정자쉼터),방배동 539 외,옆회전운동,1,02-2155-6881,2022-08-04
서울특별시,서초구,방배공원 539번지 정자 앞(정자쉼터),방배동 539 외,뱃살운동,1,02-2155-6881,2022-08-04
서울특별시,서초구,방배공원 응봉약수터,방배동 산43-7 외,파도타기,1,02-2155-6881,2022-08-04
서울특별시,서초구,방배공원 응봉약수터,방배동 산43-7 외,마라톤운동,1,02-2155-6881,2022-08-04
서울특별시,서초구,방배공원 응봉약수터,방배동 산43-7 외,온몸근육풀기,1,02-2155-6881,2022-08-04
서울특별시,서초구,방배공원 응봉약수터,방배동 산43-7 외,하늘걷기,2,02-2155-6881,2022-08-04
서울특별시,서초구,방배공원 응봉약수터,방배동 산43-7 외,역기올리기,2,02-2155-6881,2022-08-04
서울특별시,서초구,방배공원 응봉약수터,방배동 산43-7 외,오금펴기,1,02-2155-6881,2022-08-04
서울특별시,서초구,방배공원 응봉약수터,방배동 산43-7 외,윗몸일으키기,2,02-2155-6881,2022-08-04
서울특별시,서초구,방배공원 응봉약수터,방배동 산43-7 외,역기,4,02-2155-6881,2022-08-04
서울특별시,서초구,방배공원 응봉약수터,방배동 산43-7 외,허리운동(타이어),2,02-2155-6881,2022-08-04
서울특별시,서초구,방배공원 응봉약수터,방배동 산43-7 외,허리돌리기,2,02-2155-6881,2022-08-04
서울특별시,서초구,방배공원 응봉약수터,방배동 산43-7 외,평행봉,3,02-2155-6881,2022-08-04
서울특별시,서초구,방배공원 응봉약수터,방배동 산43-7 외,철봉,3,02-2155-6881,2022-08-04
서울특별시,서초구,방배공원 응봉약수터,방배동 산43-7 외,다리걸어윗몸일으키기,2,02-2155-6881,2022-08-04
서울특별시,서초구,우면산 남태령 정자 쉼터,방배동 산 92-1 외,파도타기,1,02-2155-6882,2022-08-04
서울특별시,서초구,우면산 남태령 정자 쉼터,방배동 산 92-1 외,파도타기,1,02-2155-6882,2022-08-04
서울특별시,서초구,우면산 남태령 정자 쉼터,방배동 산 92-1 외,등허리지압기,1,02-2155-6882,2022-08-04
서울특별시,서초구,우면산 남태령 정자 쉼터,방배동 산 92-1 외,오금펴기,1,02-2155-6882,2022-08-04
서울특별시,서초구,우면산 남태령 정자 쉼터,방배동 산 92-1 외,윗몸일으키기,1,02-2155-6882,2022-08-04
서울특별시,서초구,우면산 남태령 정자 쉼터,방배동 산 92-1 외,허리돌리기,1,02-2155-6882,2022-08-04
서울특별시,서초구,우면산 남태령 정자 쉼터,방배동 산 92-1 외,허리운동(타이어),1,02-2155-6882,2022-08-04
서울특별시,서초구,우면산 성산약수터,방배동 산 92-1 외,윗몸일으키기,1,02-2155-6882,2022-08-04
서울특별시,서초구,우면산 성산약수터,방배동 산 92-1 외,들어올리기,1,02-2155-6882,2022-08-04
서울특별시,서초구,우면산 성산약수터,방배동 산 92-1 외,삼각허리돌리기,1,02-2155-6882,2022-08-04
서울특별시,서초구,우면산 성산약수터,방배동 산 92-1 외,역기,1,02-2155-6882,2022-08-04
서울특별시,서초구,우면산 성산약수터,방배동 산 92-1 외,평행봉,1,02-2155-6882,2022-08-04
서울특별시,서초구,우면산 성산약수터,방배동 산 92-1 외,철봉,1,02-2155-6882,2022-08-04
서울특별시,서초구,우면산 성산약수터,방배동 산 92-1 외,허리운동(타이어),1,02-2155-6882,2022-08-04
서울특별시,서초구,우면산 성산약수터,방배동 산 92-1 외,윗몸일으키기,4,02-2155-6882,2022-08-04
서울특별시,서초구,우면산 성불암약수터,방배동 산 92-1 외,허리돌리기,1,02-2155-6882,2022-08-04
서울특별시,서초구,우면산 범바위약수터,방배동 산 92-1 외,오금펴기,1,02-2155-6882,2022-08-04
서울특별시,서초구,우면산 범바위약수터,방배동 산 92-1 외,들어올리기,1,02-2155-6882,2022-08-04
서울특별시,서초구,우면산 유점사쉼터(상),방배동 산 92-1 외,허리돌리기,1,02-2155-6882,2022-08-04
서울특별시,서초구,우면산 유점사쉼터(상),방배동 산 92-1 외,윗몸일으키기,1,02-2155-6882,2022-08-04
서울특별시,서초구,우면산 유점사쉼터(상),방배동 산 92-1 외,오금펴기,2,02-2155-6882,2022-08-04
서울특별시,서초구,우면산 유점사쉼터(상),방배동 산 92-1 외,오버턴스트레칭,1,02-2155-6882,2022-08-04
서울특별시,서초구,우면산 유점사쉼터(상),방배동 산 92-1 외,철봉,2,02-2155-6882,2022-08-04
서울특별시,서초구,우면산 유점사쉼터(상),방배동 산 92-1 외,허리돌리기,1,02-2155-6882,2022-08-04
서울특별시,서초구,우면산 유점사쉼터(상),방배동 산 92-1 외,다리올리기,1,02-2155-6882,2022-08-04
서울특별시,서초구,우면산 유점사쉼터(상),방배동 산 92-1 외,역기,1,02-2155-6882,2022-08-04
서울특별시,서초구,우면산 덕우암약수터,방배동 산 92-1 외,허리돌리기,1,02-2155-6882,2022-08-04
서울특별시,서초구,우면산 유점사쉼터(하),방배동 산 92-1 외,크로스컨트리,2,02-2155-6882,2022-08-04
서울특별시,서초구,우면산 유점사쉼터(하),방배동 산 92-1 외,원그리기,1,02-2155-6882,2022-08-04
서울특별시,서초구,우면산 유점사쉼터(하),방배동 산 92-1 외,허리운동,1,02-2155-6882,2022-08-04
서울특별시,서초구,우면산 유점사쉼터(하),방배동 산 92-1 외,윗몸일으키기,1,02-2155-6882,2022-08-04
서울특별시,서초구,우면산 유점사쉼터(하),방배동 산 92-1 외,들어올리기,1,02-2155-6882,2022-08-04
서울특별시,서초구,우면산 유점사쉼터(하),방배동 산 92-1 외,허리운동(타이어),3,02-2155-6882,2022-08-04
서울특별시,서초구,우면산 유점사쉼터(하),방배동 산 92-1 외,철봉,2,02-2155-6882,2022-08-04
서울특별시,서초구,우면산 서초약수터,방배동 산 92-1 외,허리돌리기,1,02-2155-6882,2022-08-04
서울특별시,서초구,우면산 서초약수터,방배동 산 92-1 외,스트레칭,1,02-2155-6882,2022-08-04
서울특별시,서초구,우면산 서초약수터,방배동 산 92-1 외,채웨웨이트,1,02-2155-6882,2022-08-04
서울특별시,서초구,우면산 서초약수터,방배동 산 92-1 외,공중걷기,1,02-2155-6882,2022-08-04
서울특별시,서초구,우면산 서초약수터,방배동 산 92-1 외,싸이클,1,02-2155-6882,2022-08-04
서울특별시,서초구,우면산 서초약수터,방배동 산 92-1 외,롤링웨이스트,1,02-2155-6882,2022-08-04
서울특별시,서초구,우면산 팥배쉼터,방배동 산 92-1 외,윗몸일으키기,1,02-2155-6882,2022-08-04
서울특별시,서초구,우면산 팥배쉼터,방배동 산 92-1 외,팔들어올리기,1,02-2155-6882,2022-08-04
서울특별시,서초구,우면산 팥배쉼터,방배동 산 92-1 외,허리돌리기,1,02-2155-6882,2022-08-04
서울특별시,서초구,우면산 예술바위,방배동 산 92-1 외,팔돌리기,1,02-2155-6882,2022-08-04
서울특별시,서초구,우면산 예술바위,방배동 산 92-1 외,발걸고눕기,1,02-2155-6882,2022-08-04
서울특별시,서초구,우면산 태극쉼터,방배동 산 92-1 외,철봉,3,02-2155-6882,2022-08-04
서울특별시,서초구,우면산 태극쉼터,방배동 산 92-1 외,평행봉,1,02-2155-6882,2022-08-04
서울특별시,서초구,우면산 태극쉼터,방배동 산 92-1 외,역기,2,02-2155-6882,2022-08-04
서울특별시,서초구,우면산 태극쉼터,방배동 산 92-1 외,허리돌리기,1,02-2155-6882,2022-08-04
서울특별시,서초구,우면산 태극쉼터,방배동 산 92-1 외,팔돌리기,1,02-2155-6882,2022-08-04
서울특별시,서초구,우면산 태극쉼터,방배동 산 92-1 외,오버턴스트레칭,1,02-2155-6882,2022-08-04
서울특별시,서초구,우면산 태극쉼터,방배동 산 92-1 외,발걸고눕기,2,02-2155-6882,2022-08-04
서울특별시,서초구,우면산 태극쉼터,방배동 산 92-1 외,윗몸일으키기,1,02-2155-6882,2022-08-04
서울특별시,서초구,우면산 전망대쉼터,방배동 산 92-1 외,철봉,1,02-2155-6882,2022-08-04
서울특별시,서초구,우면산 전망대쉼터,방배동 산 92-1 외,허리운동(타이어),1,02-2155-6882,2022-08-04
서울특별시,서초구,우면산 소망탑,방배동 산 92-1 외,트윈트위스트,1,02-2155-6882,2022-08-04
서울특별시,서초구,우면산 소망탑,방배동 산 92-1 외,발걸고눕기,1,02-2155-6882,2022-08-04
서울특별시,서초구,우면산 소망탑,방배동 산 92-1 외,공중걷기,1,02-2155-6882,2022-08-04
서울특별시,서초구,우면산 소망탑,방배동 산 92-1 외,오버턴스트레칭,1,02-2155-6882,2022-08-04
서울특별시,서초구,우면산 우면정약수터,방배동 산 92-1 외,발걸고눕기,1,02-2155-6882,2022-08-04
서울특별시,서초구,우면산 우면정약수터,방배동 산 92-1 외,허리운동(타이어),1,02-2155-6882,2022-08-04
서울특별시,서초구,우면산 우면정약수터,방배동 산 92-1 외,역기,1,02-2155-6882,2022-08-04
서울특별시,서초구,우면산 우면정약수터,방배동 산 92-1 외,평행봉,1,02-2155-6882,2022-08-04
서울특별시,서초구,우면산 우면정약수터,방배동 산 92-1 외,철봉,1,02-2155-6882,2022-08-04
서울특별시,서초구,우면산 우면정약수터,방배동 산 92-1 외,허리돌리기,1,02-2155-6882,2022-08-04
서울특별시,서초구,우면산 산골약수터,방배동 산 92-1 외,허리운동(타이어),2,02-2155-6882,2022-08-04
서울특별시,서초구,우면산 산골약수터,방배동 산 92-1 외,발걸고눕기대,2,02-2155-6882,2022-08-04
서울특별시,서초구,우면산 산골약수터,방배동 산 92-1 외,허리돌리기,1,02-2155-6882,2022-08-04
서울특별시,서초구,우면산 산골약수터,방배동 산 92-1 외,레그프레스,1,02-2155-6882,2022-08-04
서울특별시,서초구,우면산 산골약수터,방배동 산 92-1 외,오버턴 스트레칭,1,02-2155-6882,2022-08-04
서울특별시,서초구,우면산 산골약수터,방배동 산 92-1 외,팔굽혀펴기,1,02-2155-6882,2022-08-04
서울특별시,서초구,우면산 산골약수터,방배동 산 92-1 외,평행봉,1,02-2155-6882,2022-08-04
서울특별시,서초구,우면산 산골약수터,방배동 산 92-1 외,3단철봉,1,02-2155-6882,2022-08-04
서울특별시,서초구,우면산 산골약수터,방배동 산 92-1 외,윗몸일으켜기,1,02-2155-6882,2022-08-04
서울특별시,서초구,우면산 산골약수터,방배동 산 92-1 외,발걸기,1,02-2155-6882,2022-08-04
서울특별시,서초구,우면산 태극약수터,방배동 산 92-1 외,발걸고눕기대,1,02-2155-6882,2022-08-04
서울특별시,서초구,우면산 태극약수터,방배동 산 92-1 외,싸이클,1,02-2155-6882,2022-08-04
서울특별시,서초구,우면산 태극약수터,방배동 산 92-1 외,허리돌리기,1,02-2155-6882,2022-08-04
서울특별시,서초구,우면산 태극약수터,방배동 산 92-1 외,허리운동(타이어),2,02-2155-6882,2022-08-04
서울특별시,서초구,우면산 태극약수터,방배동 산 92-1 외,허리돌리기,1,02-2155-6882,2022-08-04
서울특별시,서초구,우면산 태극약수터,방배동 산 92-1 외,공중걷기,1,02-2155-6882,2022-08-04
서울특별시,서초구,우면산 유점사쉼터공군부대 사이,방배동 산 92-1 외,평행봉,1,02-2155-6882,2022-08-04
서울특별시,서초구,우면산 유점사쉼터공군부대 사이,방배동 산 92-1 외,발거치대,1,02-2155-6882,2022-08-04
서울특별시,서초구,우면산 유점사쉼터공군부대 사이,방배동 산 92-1 외,허리돌리기,1,02-2155-6882,2022-08-04
서울특별시,서초구,우면산 유점사쉼터공군부대 사이,방배동 산 92-1 외,들어올리기,1,02-2155-6882,2022-08-04
서울특별시,서초구,우면산 유점사쉼터공군부대 사이,방배동 산 92-1 외,허리운동(타이어),1,02-2155-6882,2022-08-04
서울특별시,서초구,우면산 인재개발원 뒤,방배동 산 92-1 외,허리운동(타이어),1,02-2155-6882,2022-08-04
서울특별시,서초구,우면산 인재개발원 뒤,방배동 산 92-1 외,허리돌리기,1,02-2155-6882,2022-08-04
서울특별시,서초구,우면산 우면정 우심약수터,방배동 산 92-1 외,허리돌리기,1,02-2155-6882,2022-08-04
서울특별시,서초구,우면산 우면정 우심약수터,방배동 산 92-1 외,나무철봉,1,02-2155-6882,2022-08-04
서울특별시,서초구,우면산 아까시쉼터,방배동 산 92-1 외,허리돌리기,1,02-2155-6882,2022-08-04
서울특별시,서초구,우면산 아까시쉼터,방배동 산 92-1 외,평행봉,2,02-2155-6882,2022-08-04
서울특별시,서초구,우면산 아까시쉼터,방배동 산 92-1 외,발걸이,2,02-2155-6882,2022-08-04
서울특별시,서초구,우면산 아까시쉼터,방배동 산 92-1 외,턱걸이철봉,3,02-2155-6882,2022-08-04
서울특별시,서초구,우면산 아까시쉼터,방배동 산 92-1 외,오버턴 스트레칭,1,02-2155-6882,2022-08-04
서울특별시,서초구,우면산 아까시쉼터,방배동 산 92-1 외,하늘걷기,1,02-2155-6882,2022-08-04
서울특별시,서초구,우면산 아까시쉼터,방배동 산 92-1 외,윗몸일으키기,1,02-2155-6882,2022-08-04
서울특별시,서초구,도구머리근린공원 이수중 뒤편,방배동 산 75-4 ,입식사이클(2),1,02-2155-6878,2022-08-04
서울특별시,서초구,도구머리근린공원 이수중 뒤편,방배동 산 75-4 ,롤링웨이스트(2),1,02-2155-6878,2022-08-04
서울특별시,서초구,도구머리근린공원 이수중 뒤편,방배동 산 75-4 ,풀웨이트(2),1,02-2155-6878,2022-08-04
서울특별시,서초구,도구머리근린공원 이수중 뒤편,방배동 산 75-4 ,체어웨이트(2),1,02-2155-6878,2022-08-04
서울특별시,서초구,도구머리근린공원 이수중 뒤편,방배동 산 75-4 ,크로스컨트리(2),1,02-2155-6878,2022-08-04
서울특별시,서초구,도구머리근린공원 이수중 뒤편,방배동 산 75-4 ,스텝사이클(2),1,02-2155-6878,2022-08-04
서울특별시,서초구,도구머리근린공원 이수중 뒤편,방배동 산 75-4 ,트윈트위스트(2),1,02-2155-6878,2022-08-04
서울특별시,서초구,도구머리근린공원 이수중 뒤편,방배동 산 75-4 ,바웨이트(2),1,02-2155-6878,2022-08-04
서울특별시,서초구,도구머리근린공원 이수중 뒤편,방배동 산 75-4 ,워밍암(2),1,02-2155-6878,2022-08-04
서울특별시,서초구,도구머리근린공원 이수중 뒤편,방배동 산 75-4 ,거꾸로메달리기(1),1,02-2155-6878,2022-08-04
서울특별시,서초구,도구머리근린공원 정자 쉼터,방배동 산 75-4 ,조합운동기구A,1,02-2155-6878,2022-08-04
서울특별시,서초구,도구머리근린공원 정자 쉼터,방배동 산 75-4 ,조합운동기구B,1,02-2155-6878,2022-08-04
서울특별시,서초구,도구머리근린공원 정자 쉼터,방배동 산 75-4 ,체스트프레스머신,1,02-2155-6878,2022-08-04
서울특별시,서초구,도구머리근린공원 정자 쉼터,방배동 산 75-4 ,레그익스텐션머신,1,02-2155-6878,2022-08-04
서울특별시,서초구,도구머리근린공원 정자 쉼터,방배동 산 75-4 ,어깨유연성+등허리지압기,1,02-2155-6878,2022-08-04
서울특별시,서초구,도구머리근린공원 정자 쉼터,방배동 산 75-4 ,상체근육풀기(2),1,02-2155-6878,2022-08-04
서울특별시,서초구,도구머리근린공원 정자 쉼터,방배동 산 75-4 ,평행봉(1),1,02-2155-6878,2022-08-04
서울특별시,서초구,도구머리근린공원 정자 쉼터,방배동 산 75-4 ,허리돌리기(2),1,02-2155-6878,2022-08-04
서울특별시,서초구,도구머리근린공원 정자 쉼터,방배동 산 75-4 ,발거치대,4,02-2155-6878,2022-08-04
서울특별시,서초구,도구머리근린공원 정자 쉼터,방배동 산 75-4 ,역기내리기(2),1,02-2155-6878,2022-08-04
서울특별시,서초구,도구머리근린공원 정자 쉼터,방배동 산 75-4 ,역기올리기(2),1,02-2155-6878,2022-08-04
서울특별시,서초구,도구머리근린공원 정자쉼터2,방배동 산 75-4 ,레그컬머신,1,02-2155-6878,2022-08-04
서울특별시,서초구,도구머리근린공원 정자쉼터2,방배동 산 75-4 ,체스트웨이트,1,02-2155-6878,2022-08-04
서울특별시,서초구,도구머리근린공원 정자쉼터2,방배동 산 75-4 ,레그프레스머신,1,02-2155-6878,2022-08-04
서울특별시,서초구,도구머리근린공원 정자쉼터2,방배동 산 75-4 ,인트라인체스트프레스,1,02-2155-6878,2022-08-04
서울특별시,서초구,도구머리근린공원 정자쉼터2,방배동 산 75-4 ,평벤치,1,02-2155-6878,2022-08-04
서울특별시,서초구,도구머리근린공원 정자쉼터2,방배동 산 75-4 ,벤치프레스,1,02-2155-6878,2022-08-04
서울특별시,서초구,도구머리근린공원 정자쉼터2,방배동 산 75-4 ,스쿼트랙,1,02-2155-6878,2022-08-04
서울특별시,서초구,도구머리근린공원 정자쉼터2,방배동 산 75-4 ,치닝,1,02-2155-6878,2022-08-04
서울특별시,서초구,도구머리근린공원 정자쉼터2,방배동 산 75-4 ,평행봉(1),1,02-2155-6878,2022-08-04
서울특별시,서초구,도구머리근린공원 정자쉼터2,방배동 산 75-4 ,하체근육풀기(2),1,02-2155-6878,2022-08-04
서울특별시,서초구,도구머리근린공원 정자쉼터2,방배동 산 75-4 ,평행봉(1),1,02-2155-6878,2022-08-04
서울특별시,서초구,도구머리근린공원 정자쉼터2,방배동 산 75-4 ,상체일으키기(1),1,02-2155-6878,2022-08-04
서울특별시,서초구,도구머리근린공원 정자쉼터2,방배동 산 75-4 ,공중걷기(1),1,02-2155-6878,2022-08-04
서울특별시,서초구,도구머리근린공원 정자쉼터2,방배동 산 75-4 ,오금펴기(2),1,02-2155-6878,2022-08-04
서울특별시,서초구,도구머리근린공원 정자쉼터2,방배동 산 75-4 ,허리운동(타이어),2,02-2155-6878,2022-08-04
서울특별시,서초구,도구머리근린공원 정자쉼터2,방배동 산 75-4 ,입식헬스싸이클(2),1,02-2155-6878,2022-08-04
서울특별시,서초구,도구머리근린공원 정자쉼터2,방배동 산 75-4 ,트리플트위스트(3),1,02-2155-6878,2022-08-04
서울특별시,서초구,도구머리근린공원 정자쉼터2,방배동 산 75-4 ,오버턴스트레이트(1),1,02-2155-6878,2022-08-04
서울특별시,서초구,도구머리근린공원 정자쉼터2,방배동 산 75-4 ,크로스컨트리+체어풀,1,02-2155-6878,2022-08-04
서울특별시,서초구,청계산 청계골,원지동 547 외,윗몸일으키기,1,02-2155-6870,2022-08-04
서울특별시,서초구,청계산 청계골,원지동 547 외,등허리운동기구,1,02-2155-6870,2022-08-04
서울특별시,서초구,청계산 청계골,원지동 547 외,팔올리기(역기올리기),1,02-2155-6870,2022-08-04
서울특별시,서초구,청계산 청계골,원지동 547 외,원그리기,1,02-2155-6870,2022-08-04
서울특별시,서초구,청계산 청계골,원지동 547 외,허리운동(허리돌리기),1,02-2155-6870,2022-08-04
서울특별시,서초구,청계산 천개사길,원지동 420-2 외,허리운동(허리돌리기),1,02-2155-6870,2022-08-04
서울특별시,서초구,청계산 천개사길,원지동 420-2 외,옆파도타기,1,02-2155-6870,2022-08-04
서울특별시,서초구,청계산 천개사길,원지동 420-2 외,하늘걷기(공중걷기),1,02-2155-6870,2022-08-04
서울특별시,서초구,청계산 원터골 쉼터 위,원지동 산 4-82 외,윗몸일으키기,1,02-2155-6870,2022-08-04
서울특별시,서초구,청계산 원터골 쉼터 위,원지동 산 4-82 외,등허리운동기구,1,02-2155-6870,2022-08-04
서울특별시,서초구,청계산 원터골 쉼터 위,원지동 산 4-82 외,팔올리기(역기올리기),1,02-2155-6870,2022-08-04
서울특별시,서초구,청계산 원터골 쉼터 위,원지동 산 4-82 외,원그리기,1,02-2155-6870,2022-08-04
서울특별시,서초구,청계산 원터골 쉼터 위,원지동 산 4-82 외,허리운동(허리돌리기),1,02-2155-6870,2022-08-04
서울특별시,서초구,청계산 원터골 쉼터 위,원지동 산 4-82 외,철봉,1,02-2155-6870,2022-08-04
서울특별시,서초구,청계산 어둔골약수터 건너편,원지동 산 44-3 외,윗몸일으키기,1,02-2155-6870,2022-08-04
서울특별시,서초구,청계산 어둔골약수터 건너편,원지동 산 44-3 외,등허리운동기구,1,02-2155-6870,2022-08-04
서울특별시,서초구,청계산 어둔골약수터 건너편,원지동 산 44-3 외,팔올리기(역기올리기),1,02-2155-6870,2022-08-04
서울특별시,서초구,청계산 어둔골약수터 건너편,원지동 산 44-3 외,원그리기,1,02-2155-6870,2022-08-04
서울특별시,서초구,청계산 어둔골약수터 건너편,원지동 산 44-3 외,허리운동(허리돌리기),1,02-2155-6870,2022-08-04
서울특별시,서초구,청계산 어둔골약수터 건너편,원지동 산 44-3 외,거꾸리,1,02-2155-6870,2022-08-04
서울특별시,서초구,청계산 어둔골화장실 아래,원지동 산 33 외,윗몸일으키기,1,02-2155-6870,2022-08-04
서울특별시,서초구,청계산 어둔골화장실 아래,원지동 산 33 외,팔올리기(역기올리기),1,02-2155-6870,2022-08-04
서울특별시,서초구,청계산 어둔골화장실 아래,원지동 산 33 외,허리운동(허리돌리기),1,02-2155-6870,2022-08-04
서울특별시,서초구,청계산 어둔골화장실 아래,원지동 산 33 외,옆파도타기,1,02-2155-6870,2022-08-04
서울특별시,서초구,청계산 어둔골화장실 아래,원지동 산 33 외,등허리지압기,1,02-2155-6870,2022-08-04
서울특별시,서초구,인능산 본마을,신원동 566 외,팔올리기(역기올리기),1,02-2155-6869,2022-08-04
서울특별시,서초구,인능산 본마을,신원동 566 외,원그리기,1,02-2155-6869,2022-08-04
서울특별시,서초구,인능산 본마을,신원동 566 외,가슴운동,1,02-2155-6869,2022-08-04
서울특별시,서초구,인능산 능안마을,내곡동 6-31 외,윗몸일으키기,1,02-2155-6869,2022-08-04
서울특별시,서초구,인능산 능안마을,내곡동 6-31 외,허리운동(허리돌리기),1,02-2155-6869,2022-08-04
서울특별시,서초구,인능산 능안마을,내곡동 6-31 외,하늘걷기(공중걷기),1,02-2155-6869,2022-08-04
서울특별시,서초구,인능산 능안마을,내곡동 6-31 외,철봉,1,02-2155-6869,2022-08-04
서울특별시,서초구,인능산 홍씨마을,내곡동 산12-404 외,윗몸일으키기,1,02-2155-6869,2022-08-04
서울특별시,서초구,인능산 홍씨마을,내곡동 산12-404 외,역기내리기(팔내리기),1,02-2155-6869,2022-08-04
서울특별시,서초구,인능산 홍씨마을,내곡동 산12-404 외,허리운동(허리돌리기),1,02-2155-6869,2022-08-04
서울특별시,서초구,구룡산 등산로변,염곡동 산25-1 외,윗몸일으키기,1,02-2155-6873,2022-08-04
서울특별시,서초구,구룡산 등산로변,염곡동 산25-1 외,허리운동(허리돌리기),1,02-2155-6873,2022-08-04
서울특별시,서초구,구룡산 염곡약수터 옆,염곡동 산3-4 외,허리운동(허리돌리기),1,02-2155-6873,2022-08-04
서울특별시,서초구,구룡산 염곡약수터 옆,염곡동 산3-4 외,옆파도타기,1,02-2155-6873,2022-08-04
서울특별시,서초구,구룡산 염곡약수터 옆,염곡동 산3-4 외,하늘걷기(공중걷기),1,02-2155-6873,2022-08-04
서울특별시,서초구,구룡산 염곡약수터 위,염곡동 산3-4 외,윗몸일으키기,1,02-2155-6873,2022-08-04
서울특별시,서초구,구룡산 염곡약수터 위,염곡동 산3-4 외,허리운동(허리돌리기),1,02-2155-6873,2022-08-04
서울특별시,서초구,구룡산 구룡약수터,염곡동 산2-1 외,윗몸일으키기,1,02-2155-6873,2022-08-04
서울특별시,서초구,구룡산 구룡약수터,염곡동 산2-1 외,허리운동(허리돌리기),1,02-2155-6873,2022-08-04
서울특별시,서초구,구룡산 구룡약수터,염곡동 산2-1 외,척추교정,1,02-2155-6873,2022-08-04
서울특별시,서초구,말죽거리근린공원 횃불쉼터,양재동 산 17-21 외,허리운동(허리돌리기),2,02-2155-6870,2022-08-04
서울특별시,서초구,말죽거리근린공원 횃불쉼터,양재동 산 17-21 외,평행봉,2,02-2155-6870,2022-08-04
서울특별시,서초구,말죽거리근린공원 꽃길쉼터,양재동 산 38 외,윗몸일으키기,1,02-2155-6870,2022-08-04
서울특별시,서초구,말죽거리근린공원 꽃길쉼터,양재동 산 38 외,원그리기,1,02-2155-6870,2022-08-04
서울특별시,서초구,말죽거리근린공원 꽃길쉼터,양재동 산 38 외,팔돌리기,1,02-2155-6870,2022-08-04
서울특별시,서초구,말죽거리근린공원 꽃길쉼터,양재동 산 38 외,허리운동(허리돌리기),1,02-2155-6870,2022-08-04
서울특별시,서초구,말죽거리근린공원 꽃길쉼터,양재동 산 38 외,하늘걷기(공중걷기),1,02-2155-6870,2022-08-04
서울특별시,서초구,치유쉼터,서초동 산23-16 외,윗몸일으키기,1,02-2155-6870,2022-08-04
서울특별시,서초구,치유쉼터,서초동 산23-16 외,허리운동(허리돌리기),1,02-2155-6870,2022-08-04
서울특별시,서초구,치유쉼터,서초동 산23-16 외,하늘걷기(공중걷기),1,02-2155-6870,2022-08-04
서울특별시,서초구,치유쉼터,서초동 산23-16 외,연속매달리기철봉,1,02-2155-6870,2022-08-04
서울특별시,서초구,치유쉼터,서초동 산23-16 외,평행봉,1,02-2155-6870,2022-08-04
서울특별시,서초구,마루터기쉼터,양재동 산42-6 외,등허리운동기구,1,02-2155-6870,2022-08-04
서울특별시,서초구,마루터기쉼터,양재동 산42-6 외,역기내리기(팔내리기운동),1,02-2155-6870,2022-08-04
서울특별시,서초구,마루터기쉼터,양재동 산42-6 외,허리운동(허리돌리기),1,02-2155-6870,2022-08-04
서울특별시,서초구,마루터기쉼터,양재동 산42-6 외,옆파도타기,1,02-2155-6870,2022-08-04
서울특별시,서초구,마루터기쉼터,양재동 산42-6 외,철봉,2,02-2155-6870,2022-08-04
서울특별시,서초구,마루터기쉼터,양재동 산42-6 외,평행봉,1,02-2155-6870,2022-08-04
서울특별시,서초구,외교원 뒤,서초동 산 28 외,허리운동(허리돌리기),2,02-2155-6870,2022-08-04
서울특별시,서초구,외교원 뒤,서초동 산 28 외,철봉,1,02-2155-6870,2022-08-04
서울특별시,서초구,외교원 뒤,서초동 산 28 외,평행봉,2,02-2155-6870,2022-08-04
서울특별시,서초구,쌈지공원 뒤,양재동 산 41 외,철봉,1,02-2155-6870,2022-08-04
서울특별시,서초구,쌈지공원 뒤,양재동 산 41 외,평행봉,1,02-2155-6870,2022-08-04
