설치주소,기구종류,기구수량,설치년도,관리주기,관리부서,데이터기준일자
전라북도 정읍시 신태인읍 백산리 138-1(경로당),좌식자전거타기,1,2014,상시,정읍시 시설관리사업소,2022-12-14
전라북도 정읍시 신태인읍 백산리236(경로당),"공중걷기,허리돌리기,양팔줄당기기",3,2013,상시,정읍시 시설관리사업소,2022-12-14
전라북도 정읍시 신태인읍 백산리 1149(경로당),"공중걷기,허리돌리기,양팔줄당기기",3,2013,상시,정읍시 시설관리사업소,2022-12-14
전라북도 정읍시 신태인읍 백산리 737-25(경로당),"공중걷기,허리돌리기,양팔줄당기기",3,2013,상시,정읍시 시설관리사업소,2022-12-14
전라북도 정읍시 신태인읍 신태인리 43-1(한진@),"허리돌리기,공중걷기+줄당기기",2,2022,상시,정읍시 시설관리사업소,2022-12-14
전라북도 정읍시 신태인읍 신태인리 405-10(현대@),"활차머신 및 양팔줄당기기, 공중걷기 및 허리돌리기",2,2015,상시,정읍시 시설관리사업소,2022-12-14
전라북도 정읍시 신태인읍 신태인리 285(제일교회 앞),"허리돌리기,양팔줄당기기",2,2013,상시,정읍시 시설관리사업소,2022-12-14
전라북도 정읍시 신태인읍 신태인리 267(침례교회 앞),"허리돌리기,양팔줄당기기",2,2013,상시,정읍시 시설관리사업소,2022-12-14
전라북도 정읍시 신태인리 359-2(마을공원),"공중걷기,허리돌리기,양팔줄당기기, 역기올리기",4,2012,상시,정읍시 시설관리사업소,2022-12-14
"전라북도 정읍시 신태인리 414-8, 413-6(마을공원)","공중걷기2,허리돌리기2, 양팔줄당기기2, 큰활차머신2",8,2012,상시,정읍시 시설관리사업소,2022-12-14
전라북도 정읍시 신태인읍 신태인리 66-2(북부노인복지),"공중걷기,허리돌리기,상체근육풀기,윗몸일으키기,등허리지압기,철봉,양팔중당기기,평행봉",11,2009,상시,정읍시 시설관리사업소,2022-12-14
전라북도 정읍시 신태인리 560-1(마을공원),"양팔줄당기기(2),큰활차머신,허리돌리기,공중걷기",4,2012,상시,정읍시 시설관리사업소,2022-12-14
전라북도 정읍시 신태인리 542-16(마을공원),"공중걷기,허리돌리기,큰활차머신,양팔줄당기기",4,2012,상시,정읍시 시설관리사업소,2022-12-14
전라북도 정읍시 신태인읍 신태인리 736-1(주공@),"공중걷기,큰활차머신,허리돌리기 및 윗몸일으키기",3,2009,상시,정읍시 시설관리사업소,2022-12-14
전라북도 정읍시 신태인읍 연정리 100-2(경로당),"공중걷기+양팔줄당기기,허리돌리기+파도타기, 등허리지압기+노르딕머신",3,2013,상시,정읍시 시설관리사업소,2022-12-14
전라북도 정읍시 신태인읍 연정리 396-3(경로당),"공중걷기+양팔줄당기기,허리돌리기+파도타기, 등허리지압기+노르딕머신",3,2013,상시,정읍시 시설관리사업소,2022-12-14
전라북도 정읍시 신태인읍 양괴리 360-2(경로당),"허리돌리기,큰활차머신",2,2014,상시,정읍시 시설관리사업소,2022-12-14
전라북도 정읍시 정우면 대사리 876(신태인축구장),"윗몸일으키기,큰활차머신,등허리지압기,파도타기,공중걷기,허리돌리기,노르딕머신",6,2016,상시,정읍시 시설관리사업소,2022-12-14
전라북도 정읍시 신태인읍 화호리 766-2(공원),"오금펴기,윗몸일으키기,허리돌리기,양팔줄당기기,평행봉",5,2006,상시,정읍시 시설관리사업소,2022-12-14
전라북도 정읍시 신태인읍 화호리 7길27(경로당),"입식자전거 및 큰활차머신, 상체근육풀기 및 허리돌리기",2,2017,상시,정읍시 시설관리사업소,2022-12-14
전라북도 정읍시 신태인읍 화호리 6길13(경로당),"좌식자전거 및 양팔줄당기기, 허리돌리기",2,2017,상시,정읍시 시설관리사업소,2022-12-14
전라북도 정읍시 신태인읍 연정리661,"공중걷기, 허리돌리기, 큰활차머신",3,2018,상시,정읍시 시설관리사업소,2022-12-14
전라북도 정읍시 신태인읍 대사리 876(신태인축구장),허리돌리기,1,2018,상시,정읍시 시설관리사업소,2022-12-14
전라북도 정읍시 신태인읍 석지로 436(경로당),"공중걷기,허리돌리기,어깨근육풀기",3,2018,상시,정읍시 시설관리사업소,2022-12-14
전라북도 정읍시 신태인읍 우령3길 19(마을회관),"달리기운동,상체근육풀기,허리돌리기",3,2018,상시,정읍시 시설관리사업소,2022-12-14
전라북도 정읍시 신태인읍 신태인리 158-26(모정 앞),"파도타기+공중걷기, 양팔줄당기기+허리돌리기",2,2019,상시,정읍시 시설관리사업소,2022-12-14
전라북도 정읍시 신태인읍 신용리 1730 (장교마을 모정 옆),"허리돌리기+달리기운동, 큰활차머신+작은활차머신",2,2020,상시,정읍시 시설관리사업소,2022-12-14
전라북도 정읍시 신태인읍 괴동1길 67,"양팔줄당기기, 상체근육풀기+허리돌리기",2,2020,상시,정읍시 시설관리사업소,2022-12-14
전라북도 정읍시 신태인읍 청천리 659-19(상서 마을회관),"허리돌리기+달리기운동, 큰활차머신+작은활차머신",2,2020,상시,정읍시 시설관리사업소,2022-12-14
전라북도 정읍시 신태인읍 양괴리 산정2길 43-2(산정 마을회관),"허리돌리기+달리기운동, 큰활차머신+작은활차머신",2,2020,상시,정읍시 시설관리사업소,2022-12-14
전라북도 정읍시 신태인읍 우령리 우항길 15(우항 마을회관),"허리돌리기+달리기운동, 큰활차머신+작은활차머신",2,2020,상시,정읍시 시설관리사업소,2022-12-14
전라북도 정읍시 신태인읍 신덕리 177-13,"상체근육풀기+옆파도타기, 공중걷기+허리돌리기",2,2021,상시,정읍시 시설관리사업소,2022-12-14
전라북도 정읍시 신태인읍 구석리 50-4,"허리돌리기+옆파도타기, 달리기+작은활차머신",2,2021,상시,정읍시 시설관리사업소,2022-12-14
전라북도 정읍시 신태인시장 주차장,"파도타기, 공중걷기, 큰활차머신, 허리돌리기, 양팔줄달리기",5,2021,상시,정읍시 시설관리사업소,2022-12-14
전라북도 정읍시 신태인읍 신용리 화전마을 일원,"상체근육풀기+옆파도타기, 공중걷기+허리돌리기",2,2021,상시,정읍시 시설관리사업소,2022-12-14
전라북도 정읍시 신태인읍 신덕리 고산마을 일원,"어깨근육풀기+상체근육풀기, 공중걷기+허리돌리기",2,2021,상시,정읍시 시설관리사업소,2022-12-14
전라북도 정읍시 신태인읍 신용리 1406,"상체근육풀기(대.소), 공중걷기+허리돌리기",2,2022,상시,정읍시 시설관리사업소,2022-12-14
전라북도 정읍시 신태인읍 양괴리 산121,"상체근육풀기(대.소), 공중걷기+허리돌리기",2,2022,상시,정읍시 시설관리사업소,2022-12-14
전라북도 정읍시 신태인읍 백산리 1175-14,"상체근육풀기+달리기, 공중걷기+허리돌리기",2,2022,상시,정읍시 시설관리사업소,2022-12-14
전라북도 정읍시 신태인읍 하신양2길 37,"상체근육풀기+줄당기기, 공중걷기+허리돌리기",2,2022,상시,정읍시 시설관리사업소,2022-12-14
전라북도 정읍시 북면 화해리 4-35 성원@(b동 뒤편 마을공터),"오금펴기, 위몸일으키기, 3단철봉, 무릎펴기, 허리돌리기(2), 양팔줄당기기(2)",9,2007,상시,정읍시 시설관리사업소,2022-12-14
전라북도 정읍시 북면 화해리 574-5(체육공원),"공중걷기, 상체근육풀기, 파도타기, 허리돌리기",4,2008,상시,정읍시 시설관리사업소,2022-12-14
전라북도 정읍시 북면 한교리 1665(한교리1670 모정 앞),"허리돌리기,공중걷기",2,2010,상시,정읍시 시설관리사업소,2022-12-14
"전라북도 정읍시 북면 복흥리 95-1외2필지(95-2, 912)(마을진입로 전공터)","허리돌리기, 양팔줄당기기, 오금펴기",3,2007,상시,정읍시 시설관리사업소,2022-12-14
전라북도 정읍시 북면 마정리 596(북면 칠북로 371 마태교회 공터),"양팔줄당기기, 허리돌리기",2,2010,상시,정읍시 시설관리사업소,2022-12-14
전라북도 정읍시 북면 태곡리 936(북면3공단 공원),"허리돌리기,양팔줄당기기",2,2009,상시,정읍시 시설관리사업소,2022-12-14
전라북도 정읍시 북면 마정리 1172(북면원마정 2길33 경로당 앞),"양팔줄당기기,허리돌리기",2,2014,상시,정읍시 시설관리사업소,2022-12-14
전라북도 정읍시 북면 화해리 219-1(북면 가전길 115 경로당 옆),허리돌리기,1,2014,상시,정읍시 시설관리사업소,2022-12-14
전라북도 정읍시 북면 승부리 406-4(북면 금곡길 34-19 경로당 앞),허리돌리기,1,2014,상시,정읍시 시설관리사업소,2022-12-14
전라북도 정읍시 북면 복흥리 774(북면 용북길 319복흥보건소 옆),"허리돌리기, 상체근육풀기,파도타기",3,2014,상시,정읍시 시설관리사업소,2022-12-14
전라북도 정읍시 북면 남산리 290-1(북면 이문길 43 농협창고앞),"파도타기, 공중걷기, 허리돌리기",3,2015,상시,정읍시 시설관리사업소,2022-12-14
전라북도 정읍시 북면 마정리 106-18(북면 평촌2길 52-12 모정앞),"파도타기, 상체근육풀기,허리돌리기",3,2015,상시,정읍시 시설관리사업소,2022-12-14
전라북도 정읍시 북면 남산리 641-10(북면 원당길 52-4 경로당주변공터),"물결타기, 상체근육풀기, 허리돌리기",3,2015,상시,정읍시 시설관리사업소,2022-12-14
전라북도 정읍시 북면 마정리 578(북면 마태길 29 복지회관 앞 모정),"공중걷기, 양팔로프당기기",2,2015,상시,정읍시 시설관리사업소,2022-12-14
전라북도 정읍시 북면 마정리 706-13(북면 연지길 24 연지마을 경로당 부지),"양팔줄당기기, 허리돌리기, 파도타기",3,2016,상시,정읍시 시설관리사업소,2022-12-14
전라북도 정읍시 북면 한교리 366-31(북면 원한교2길 28 원한교마을회관 부지),"상체근육풀기,허리돌리기, 하늘걷기",3,2016,상시,정읍시 시설관리사업소,2022-12-14
전라북도 정읍시 북면 화해리 344-2(원불교화해성지),"허리돌리기, 양팔로프당기기, 하늘걷기",3,2016,상시,정읍시 시설관리사업소,2022-12-14
전라북도 정읍시 북면 복흥리 342-1(북면 탑성길 1 탑성마을회관 부지),"허리돌리기, 상체근육풀기",2,2016,상시,정읍시 시설관리사업소,2022-12-14
전라북도 정읍시 북면 태곡리 126-1,"파도타기, 허리돌리기",2,2017,상시,정읍시 시설관리사업소,2022-12-14
전라북도 정읍시 북면 한교리 984(복지회관),"어깨유연성+상체근육풀기, 허리돌리기, 하늘걷기",3,2018,상시,정읍시 시설관리사업소,2022-12-14
전라북도 정읍시 북면 장학1길 73-1(마을회관),"허리돌리기+달리기, 하늘걷기, 물결타기",3,2018,상시,정읍시 시설관리사업소,2022-12-14
전라북도 정읍시 북면 원승부2길 5(마을회관),"어깨유연성+상체근육풀기, 오금펴기, 하늘걷기",3,2018,상시,정읍시 시설관리사업소,2022-12-14
전라북도 정읍시 북면 원오류길 40(당산제 광장),"허리돌리기+달리기,하늘걷기,물결타기",3,2018,상시,정읍시 시설관리사업소,2022-12-14
전라북도 정읍시 북면 보림리 805-2(모정 옆),"허리돌리기+달리기,하늘걷기, 상체근육풀기",3,2019,상시,정읍시 시설관리사업소,2022-12-14
전라북도 정읍시 북면 마정리 835-3번지(경로당 앞),"양팔줄당기기+하늘걷기, 상체근육풀기+허리돌리기",2,2019,상시,정읍시 시설관리사업소,2022-12-14
전라북도 정읍시 북면 보림리 668-1(가정마을 모정 옆),"오금펴기+줄당기기, 어깨유연성+상체근육풀기",2,2020,상시,정읍시 시설관리사업소,2022-12-14
전라북도 정읍시 북면 남산리 49-2(오산마을 모정 옆),"상체근육풀기+허리돌리기, 달리기",2,2020,상시,정읍시 시설관리사업소,2022-12-14
전라북도 정읍시 북면 화해리 87-12,"줄당기기+상체근육풀기, 하늘걷기, 물결타기",3,2020,상시,정읍시 시설관리사업소,2022-12-14
전라북도 정읍시 북면 화해리 22-2,"허리돌리기+공중걷기, 큰활차머신+양팔줄당기기",2,2020,상시,정읍시 시설관리사업소,2022-12-14
전라북도 정읍시 북면 신평리 249-3,"상체근육풀기+양팔줄당기기, 허리돌리기+달리기",2,2020,상시,정읍시 시설관리사업소,2022-12-14
전라북도 정읍시 북면 정읍북로 631-26(성원아파트 모정 앞),"싸이클+등허리지압기, 하늘걷기+허리돌리기",2,2020,상시,정읍시 시설관리사업소,2022-12-14
전라북도 정읍시 입암면 접지리 1179(소공원),"줄당기기1,허리돌리기1,등허리근육풀기1,양팔끌어당기기1",4,2005,상시,정읍시 시설관리사업소,2022-12-14
전라북도 정읍시 입암면 천원리 535-4(경로당),"줄당기기1,롤링웨이스트1,허리돌리기,",3,2012,상시,정읍시 시설관리사업소,2022-12-14
전라북도 정읍시 입암면 대흥리 866(대흥통합경로당),"상체근육풀기1,줄당기기1,철봉1,허리돌리기1",4,2005,상시,정읍시 시설관리사업소,2022-12-14
전라북도 정읍시 입암면 신면572-3(소공원),"양팔줄당기기1,온몸허리돌리기1",2,2014,상시,정읍시 시설관리사업소,2022-12-14
전라북도 정읍시 입암면 하부리594-1(경로당),"양팔줄당기기1,온몸허리돌리기1",2,2014,상시,정읍시 시설관리사업소,2022-12-14
전라북도 정읍시 입암면 천원리208-3(경로당),전신하늘걷기1+크로스컨츄리1,1,2015,상시,정읍시 시설관리사업소,2022-12-14
전라북도 정읍시 입암면 신면리828-39(경로당),전신하늘걷기1+크로스컨츄리1,1,2015,상시,정읍시 시설관리사업소,2022-12-14
전라북도 정읍시 입암면 접지리 852(모정),"온몸허리돌리기+파도타기,어깨근육풀기+하늘걷기",2,2014,상시,정읍시 시설관리사업소,2022-12-14
전라북도 정읍시 입암면 천원리 96-4(면사무소 뒷산),"하늘걷기2,허리돌리기1,상체근육풀기1,달리기1",5,2012,상시,정읍시 시설관리사업소,2022-12-14
전라북도 정읍시 입암면 천원리 96-4(작은목욕탕),"온몸스텝밟기1,노젓기1",2,2016,상시,정읍시 시설관리사업소,2022-12-14
전라북도 정읍시 입암면 대흥리 429(경로당),"크로스컨츄리1,사이드파도타기1,상체근육풀기1,온몸들어올리기1",4,2016,상시,정읍시 시설관리사업소,2022-12-14
전라북도 정읍시 입암면 마석리 289-1(경로당),"사이드파도타기1,상체근육풀기1,크로스컨츄리1",3,2016,상시,정읍시 시설관리사업소,2022-12-14
전라북도 정읍시 입암면 연월리 222-5,"상체근육풀기1,허리돌리기1,싸이클&등허리지압기1,줄당기기1",4,2015,상시,정읍시 시설관리사업소,2022-12-14
전라북도 정읍시 입암면 단곡리 52-14(왕심마을회관),"허리돌리기1,하늘걷기1",2,2017,상시,정읍시 시설관리사업소,2022-12-14
전라북도 정읍시 입암면 등천리 428-7(신등마을회관),달리기&하늘걷기1,1,2017,상시,정읍시 시설관리사업소,2022-12-14
전라북도 정읍시 입압면 신면리 757-4(마을회관),"줄당기기1,상체근육풀기1,허리돌리기1,하늘걷기1",2,2017,상시,정읍시 시설관리사업소,2022-12-14
전라북도 정읍시 입암면 재내길 84(마을회관),"하늘걷기&등지압기1,달리기&허리돌리기1,상체근육풀기&줄당기기1",3,2018,상시,정읍시 시설관리사업소,2022-12-14
전라북도 정읍시 입암면 차단길30-2(마을회관),"하늘걷기&등지압기1,달리기&허리돌리기1,상체근육풀기&줄당기기1",3,2018,상시,정읍시 시설관리사업소,2022-12-14
전라북도 정읍시 입암면 가리대1길 56(마을회관),"하늘걷기&등지압기1,달리기&허리돌리기1,상체근육풀기&줄당기기1",3,2018,상시,정읍시 시설관리사업소,2022-12-14
전라북도 정읍시 입암면 원접길64(마을회관),"하늘걷기&등지압기1,달리기&허리돌리기1,상체근육풀기&줄당기기1",3,2018,상시,정읍시 시설관리사업소,2022-12-14
전라북도 정읍시 입암면 봉양리 464-5(모정 옆),허리돌리기+하늘걷기,1,2019,상시,정읍시 시설관리사업소,2022-12-14
전라북도 정읍시 입암면 봉양리 539-7(모정 옆),어깨유연성+허리돌리기,1,2019,상시,정읍시 시설관리사업소,2022-12-14
전라북도 정읍시 입암면 입암반월길 41 (반월경로당 앞),"허리돌리기+하늘걷기, 달리기",2,2020,상시,정읍시 시설관리사업소,2022-12-14
전라북도 정읍시 입암면 양지길 16-17 (양지경로당),"허리돌리기+하늘걷기, 달리기",2,2020,상시,정읍시 시설관리사업소,2022-12-14
전라북도 정읍시 입암면 천원아랫길 4,"등지압기+양팔줄당기기, 큰활차머신+허리돌리기",2,2020,상시,정읍시 시설관리사업소,2022-12-14
전라북도 정읍시 입암면 엄동길 20-4,"허리돌리기+파도타기, 큰활차머신+다리뻗치기",2,2020,상시,정읍시 시설관리사업소,2022-12-14
전라북도 정읍시 입암면 단곡월천길 16,"싸이클+허리돌리기, 어깨유연성운동+하늘걷기",2,2020,상시,정읍시 시설관리사업소,2022-12-14
전라북도 정읍시 입암면 안당 3길 35( 문당경로당 앞),"양팔줄당기기,허리돌리기+달리기운동",2,2020,상시,정읍시 시설관리사업소,2022-12-14
전라북도 정읍시 입암면 영안길 25-3(영안마을 모정 앞),"허리돌리기,하늘걷기+양팔줄당기기",2,2020,상시,정읍시 시설관리사업소,2022-12-14
전라북도 정읍시 입암면 만신길 34(만화마을 버스승강장 앞),"허리돌리기,하늘걷기+양팔줄당기기",2,2020,상시,정읍시 시설관리사업소,2022-12-14
전라북도 정읍시 입암면 대흥리 308 (마을회관 뒤편 광장),"공중걷기+양팔줄당기기, 파도타기+상체근육풀기 ",2,2022,상시,정읍시 시설관리사업소,2022-12-14
전라북도 정읍시 입암면 봉양 464-5 (봉양마을 모정),역기내리기+작은활차머신,1,2022,상시,정읍시 시설관리사업소,2022-12-14
전라북도 정읍시 입암면 봉양리 539-7 (원봉양마을 모정),양팔줄당기기+다리마사지기,1,2022,상시,정읍시 시설관리사업소,2022-12-14
"전라북도 정읍시 소성면 기린리 336-1(마을공터, 기린교회 앞)","어깨돌리기, 파도타기, 하늘걷기",3,2008,상시,정읍시 시설관리사업소,2022-12-14
"전라북도 정읍시 소성면 애당리 324-3(마을공터, 두암교회 앞)","온몸근육풀기, 옆파도타기, 온몸허리돌리기",3,2008,상시,정읍시 시설관리사업소,2022-12-14
전라북도 정읍시 소성면 주천리 주동 109-1(경로당),"치닝머신, 트위스트머신, 하늘걷기, 양팔줄당기기, 어깨근육풀기, 온몸허리돌리기, 큰활차머신, 싵업머신",8,2014,상시,정읍시 시설관리사업소,2022-12-14
전라북도 정읍시 소성면 등계마동길54-2(마동경로당),"가로하늘타기, 허리돌리기, 상체근육풀기",3,2014,상시,정읍시 시설관리사업소,2022-12-14
전라북도 정읍시 소성면 등계리 산 12-1(정읍교도소),"하늘걷기, 물결타기, 상체근육풀기",3,2016,상시,정읍시 시설관리사업소,2022-12-14
전라북도 정읍시 소성면 고교리 1052-2(모정),"허리돌리기, 어깨유연성, 상체근육풀기+줄당기기",3,2017,상시,정읍시 시설관리사업소,2022-12-14
전라북도 정읍시 소성면 신천리 407-10(마을공터),"공중걷기, 상체근육풀기, 허리돌리기",3,2017,상시,정읍시 시설관리사업소,2022-12-14
전라북도 정읍시 소성면 보애길 372(모정),"상체근육풀기, 달리기운동",2,2017,상시,정읍시 시설관리사업소,2022-12-14
전라북도 정읍시 소성면 화룡리 537-4(모정),"허리돌리기, 상체근육풀기, 달리기운동",3,2017,상시,정읍시 시설관리사업소,2022-12-14
전라북도 정읍시 소성면 고교리 336-1(모정),"허리돌리기,상체근육풀기,달리기",3,2018,상시,정읍시 시설관리사업소,2022-12-14
전라북도 정읍시 소성면 중광리 34-4(모정),"허리돌리기,어깨근육풀기,노젓기",3,2019,상시,정읍시 시설관리사업소,2022-12-14
전라북도 정읍시 소성면 원두길 21 (원두마을회관),"허리돌리기, 상체근육풀기, 공중걷기",3,2020,상시,정읍시 시설관리사업소,2022-12-14
전라북도 정읍시 소셩면 연천2길 48-36 (연천마을 모정),"허리돌리기, 어깨근육풀기, 노젓기운동",3,2020,상시,정읍시 시설관리사업소,2022-12-14
전라북도 정읍시 소성면 재경길 17 (재경마을 모정),"허리돌리기, 어꺠근육풀기",2,2020,상시,정읍시 시설관리사업소,2022-12-14
전라북도 정읍시 소성면 용산길 13(용산마을 모정),"허리돌리기, 어깨근육풀기, 등허리지압기",3,2020,상시,정읍시 시설관리사업소,2022-12-14
전라북도 정읍시 소성면 광조길 42-1(광조마을 모정),"허리돌리기, 어깨근육풀기, 노젓기운동",3,2020,상시,정읍시 시설관리사업소,2022-12-14
전라북도 정읍시 소성면 보애길 125(기정마을 모정),"허리돌리기, 어깨근육풀기, 달리기운동",3,2020,상시,정읍시 시설관리사업소,2022-12-14
전라북도 정읍시 소성면 소고길 85(소고마을 마을회관),"상체근육풀기, 어깨근육풀기, 허리돌리기",3,2021,상시,정읍시 시설관리사업소,2022-12-14
전라북도 정읍시 소성면 보화리 895-1 (와석마을 버스승강장 옆 공터),"공중걷기, 파도타기",2,2022,상시,정읍시 시설관리사업소,2022-12-14
전라북도 정읍시 고부면 교동3길 4(민속유물전시관),"로프당기기,  허리돌리기, 공중걷기",3,2012,상시,정읍시 시설관리사업소,2022-12-14
전라북도 정읍시 고부면 용흥리 629-4(마을회관),"로프당기기,  허리돌리기, 공중걷기",3,2009,상시,정읍시 시설관리사업소,2022-12-14
전라북도 정읍시 고부면 덕안리 230-12(마을회관),"로프당기기, 허리돌리기",2,2011,상시,정읍시 시설관리사업소,2022-12-14
전라북도 정읍시 고부면 강고리 128-2(마을회관),"로프당기기, 허리돌리기, 입식자전거",3,2011,상시,정읍시 시설관리사업소,2022-12-14
전라북도 정읍시 고부면 관청리 936-2 (눌제공원),"허리돌리기, 상체근육풀기, 달리기",3,2012,상시,정읍시 시설관리사업소,2022-12-14
전라북도 정읍시 고부면 관청리 571-1 (송공 경로당 앞),"로프당기기, 허리돌리기, 공중걷기",3,2012,상시,정읍시 시설관리사업소,2022-12-14
전라북도 정읍시 고부면 신흥리 592-67 (신흥마을 회관 마당),"로프당기기, 허리돌리기,  파도타기",3,2013,상시,정읍시 시설관리사업소,2022-12-14
전라북도 정읍시 고부면 상만2길 5-3 (상만 경로당 옆),"상체근육풀기, 허리돌리기, 파도타기",3,2015,상시,정읍시 시설관리사업소,2022-12-14
전라북도 정읍시 고부면 입석4길 162 (보문사 입구),"로프당기기, 파도타기, 허리돌리기",3,2011,상시,정읍시 시설관리사업소,2022-12-14
전라북도 정읍시 고부면 입석리 607-2 (입석제1저수지제방아래),"허리돌리기, 윗몸일으키기, 평행봉 ,철봉",4,2011,상시,정읍시 시설관리사업소,2022-12-14
전라북도 정읍시 고부면 고부리 201-1 (교동마을 모정 앞),"로프당기기, 허리돌리기, 오금펴기",3,2016,상시,정읍시 시설관리사업소,2022-12-14
전라북도 정읍시 고부면 용등길 38 (용등마을 회관 앞) ,"양팔줄당기기+ 상체근육풀기, 허리돌리기 + 하늘걷기",2,2017,상시,정읍시 시설관리사업소,2022-12-14
전라북도 정읍시 고부면 용흥리 591-7 (신용1마을 회관 뒤),"작은활차 + 팔근육풀기, 허리돌리기 + 하늘걷기",2,2019,상시,정읍시 시설관리사업소,2022-12-14
전라북도 정읍시 고부면 만수길 160-3 (서당마을 경로당 옆),"공중걷기 + 허리돌리기, 다리뻗치기 + 양팔줄당기기",2,2020,상시,정읍시 시설관리사업소,2022-12-14
전라북도 정읍시 고부면 입석4길 10-8 (입석리 여성노인회관),"파도타기 + 허리돌리기, 양팔줄당기기 + 상체근육풀기",2,2020,상시,정읍시 시설관리사업소,2022-12-14
전라북도 정읍시 고부면 만수리 하만길 25 (하만마을 모정 옆),"오금펴기 + 줄당기기, 어깨유연성 + 상체근육풀기",2,2020,상시,정읍시 시설관리사업소,2022-12-14
전라북도 정읍시 고부면 덕안리 224-2 (진선마을 회관 옆),"어깨유연성+상체근육풀기, 싸이클+달리기",2,2020,상시,정읍시 시설관리사업소,2022-12-14
전라북도 정읍시 고부면 관청리 312-1 (청용마을 회관 앞),"줄당기기 + 상체근육풀기, 하늘걷기, 등허리지압기",3,2020,상시,정읍시 시설관리사업소,2022-12-14
전라북도 정읍시 고부면 관청리 663-1 (관청마을 회관 옆),"하늘걷기 + 허리돌리기, 상체근육풀기 + 양팔줄당기기",2,2020,상시,정읍시 시설관리사업소,2022-12-14
전라북도 정읍시 소성면 고교리 1025-1 (종암마을 모정 옆),"큰활차머신, 허리돌리기, 로프당기기",3,2020,상시,정읍시 시설관리사업소,2022-12-14
전라북도 정읍시 고부면 장문리 229-1번지(음지마을회관 마당),"양팔줄당기기 + 사이클,  어깨근육풀기",2,2020,상시,정읍시 시설관리사업소,2022-12-14
전라북도 정읍시 고부면 백운리 378-3 (운용마을 회관 마당),"양팔줄당기기 + 사이클, 어깨근육풀기",2,2020,상시,정읍시 시설관리사업소,2022-12-14
전라북도 정읍시 덕안 덕안리 620-1(마을회관 앞 주차장),"허리돌리기+상체풀기, 물결타기+하늘걷기",2,2021,상시,정읍시 시설관리사업소,2022-12-14
전라북도 정읍시 덕안 덕안리 97-8,"공중걷기+상체풀기, 허리돌리기+양팔줄당기기",2,2021,상시,정읍시 시설관리사업소,2022-12-14
전라북도 정읍시 고부면 관청리 131-1(작산마을회관 마당),"좌식싸이클+허리돌리기, 큰활차머신+양팔줄다리기",2,2022,상시,정읍시 시설관리사업소,2022-12-14
전라북도 정읍시 고부면 만화리 208-1(만화마을경로당 마당),"어깨근윧풀기+오금펴기, 상체근육운동+허리돌리기",2,2022,상시,정읍시 시설관리사업소,2022-12-14
전라북도 정읍시 영원면 장재1길 60 (장재마을회관 앞),"허리돌리기, 어깨유연성운동+상체근육풀기, 양팔줄당기기+싸이클",3,2020,상시,정읍시 시설관리사업소,2022-12-14
전라북도 정읍시 영원면 장재2길 27(신기마을 경로당),"상체근육풀기+허리돌리기, 어깨유연성+양팔로프당기기",2,2022,상시,정읍시 시설관리사업소,2022-12-14
전라북도 정읍시 영원면 장재리 56-16,"공중걷기, 상체근육풀기, 허리돌리기",3,2017,상시,정읍시 시설관리사업소,2022-12-14
전라북도 정읍시 영원면 주촌길 32-2 (경로당 뒤),하늘걷기+허리돌리기,1,2015,상시,정읍시 시설관리사업소,2022-12-14
전라북도 정읍시 영원면 장재리 2080-1(모정),"양팔줄당기기+역기올리기, 허리돌리기+달리기",2,2018,상시,정읍시 시설관리사업소,2022-12-14
전라북도 정읍시 영원면 장재리 130-4,"상체근육풀기+허리돌리기, 싸이클+하늘걷기",2,2022,상시,정읍시 시설관리사업소,2022-12-14
전라북도 정읍시 영원면 앵성리 105-1,"줄당기기+상체근육풀기, 하늘걷기, 물결타기",3,2020,상시,정읍시 시설관리사업소,2022-12-14
전라북도 정읍시 영원면 앵성리 161-1,"허리돌리기2, 철봉, 평행봉 / 양팔줄당기기+상체근육풀기 / 싸이클+달리기",6,2004,상시,정읍시 시설관리사업소,2022-12-14
전라북도 정읍시 영원면 수성길 15(모정)  앵성리 610-47(수성마을광장),"상체근육풀기, 허리돌리기 / 파도타기, 달리기+공중걷기",4,2016,상시,정읍시 시설관리사업소,2022-12-14
전라북도 정읍시 영원면 앵성리 603-24(신성마을회관 앞),"허리돌리기+달리기, 큰활차머신",2,2020,상시,정읍시 시설관리사업소,2022-12-14
전라북도 정읍시 영원면 앵성리 704-26 / 앵성리 1269-7,"파도타기+공중걷기, 줄당기기+허리돌리기, 양팔줄당기기+싸이클, 큰활차머신+허리돌리기",4,2020,상시,정읍시 시설관리사업소,2022-12-14
전라북도 정읍시 영원면 운학리 569-1(모정) /영원면 금곡2길 13(마을회관) ,"파도타기+공중걷기, 허리돌리기+달리기 / 어깨근육풀기, 양팔줄당기기+싸이클",4,"2019, 2020",상시,정읍시 시설관리사업소,2022-12-14
전라북도 정읍시 영원면 운학리362-1,"하늘걷기, 큰활차머신, 허리돌리기, 양팔줄당기기, 옆파도타기",5,2006,상시,정읍시 시설관리사업소,2022-12-14
전라북도 정읍시 영원면 운학2길 8-2(경로당),"상체근육풀기, 하늘걷기",2,2016,상시,정읍시 시설관리사업소,2022-12-14
전라북도 정읍시 영원면 은선리 646 (경로당 옆),"파도타기+공중걷기, 허리돌리기+달리기운동",2,2019,상시,정읍시 시설관리사업소,2022-12-14
전라북도 정읍시 영원면 은선리 581-25(모정),"달리기+싸이클, 하늘걷기+큰활차돌리기",2,2021,상시,정읍시 시설관리사업소,2022-12-14
전라북도 정읍시 영원면 은선리79-1(모정),"작은활차머신+공중걷기, 허리돌리기+달리기, 윗몸일으키기",3,2018,상시,정읍시 시설관리사업소,2022-12-14
전라북도 정읍시 영원면 은선리 928(백정기기념관 앞),"오금펴기, 무릅펴기, 허리돌리기, 양팔줄당기기, 3단철봉",5,2006,상시,정읍시 시설관리사업소,2022-12-14
전라북도 정읍시 영원면 풍월리 292 (마을회관 앞),"양팔줄당기기, 허리돌리기, 파도타기",3,2013,상시,정읍시 시설관리사업소,2022-12-14
전라북도 정읍시 영원면 풍월리 269-3,"상체근육풀기+양팔줄당기기, 파도타기+허리돌리기",2,2020,상시,정읍시 시설관리사업소,2022-12-14
전라북도 정읍시 영원면 풍월리 202-15(마을광장),"공중걷기, 상체근육풀기, 허리돌리기",3,2017,상시,정읍시 시설관리사업소,2022-12-14
전라북도 정읍시 영원면 풍월리 689-2(마을회관 옆),"파도타기+공중걷기, 달리기+허리돌리기",2,2019,상시,정읍시 시설관리사업소,2022-12-14
전라북도 정읍시 영원면 풍월리 445-25(풍월보건진료지소 앞 광장),"파도타기+공중걷기, 허리돌리기+달리기운동 / 등허리젖히기, 양팔중당기기, 3단철봉",5,2019,상시,정읍시 시설관리사업소,2022-12-14
전라북도 정읍시 영원면 풍월리 840-52 (경로당 앞),"등허리지압기+어깨근육풀기, 하늘걷기+허리돌리기",2,2019,상시,정읍시 시설관리사업소,2022-12-14
전라북도 정읍시 영원면 신영리 400-1(마을공터),"워킹트레이너머신, 스윙워커머신, 허리돌리기",3,2010,상시,정읍시 시설관리사업소,2022-12-14
전라북도 정읍시 영원면 후지리 710,"줄당기기+근육풀기, 허리돌리기 세트",2,2020,상시,정읍시 시설관리사업소,2022-12-14
전라북도 정읍시 영원면 후지리 239-1 (경로당 옆),"파도타기+공중걷기, 허리돌리기+달리기운동",2,2019,상시,정읍시 시설관리사업소,2022-12-14
전라북도 정읍시 영원면 후지리 479-1,"파도타기+공중걷기, 큰활차머신+허리돌리기",2,2020,상시,정읍시 시설관리사업소,2022-12-14
전라북도 정읍시 덕천면 상학리 703-12,"양팔당기기,허리돌리기,하늘걷기, 등허리지압기",4,2012,상시,정읍시 시설관리사업소,2022-12-14
전라북도 정읍시 덕천면 상학리 644-1(상학복지회관),"허리돌리기, 양팔당기기, 하늘걷기, 3인 허리돌리기",4,2012,상시,정읍시 시설관리사업소,2022-12-14
전라북도 정읍시 덕천면 달천리 968-6,"양팔당기기, 허리돌리기, 하늘걷기",3,2009,상시,정읍시 시설관리사업소,2022-12-14
전라북도 정읍시 덕천면 달천리 938-3(모정 앞),"온몸근육풀기, 허리돌리기",2,2011,상시,정읍시 시설관리사업소,2022-12-14
전라북도 정읍시 덕천면 우덕리 526-1,"양팔당기기, 허리돌리기",2,2009,상시,정읍시 시설관리사업소,2022-12-14
전라북도 정읍시 덕천면 신월리 433-2(경로당),"양팔줄당기기, 허리돌리기,하늘걷기",3,2012,상시,정읍시 시설관리사업소,2022-12-14
전라북도 정읍시 덕천면 우덕리 997-33(경로당),"양팔줄당기기, 허리돌리기, 하늘걷기",3,2012,상시,정읍시 시설관리사업소,2022-12-14
전라북도 정읍시 덕천면 하학리 680-1(모정 앞),"양팔줄당기기, 허리돌리기, 파도타기",3,2012,상시,정읍시 시설관리사업소,2022-12-14
전라북도 정읍시 가정마을경로당,"양팔당기기,허리돌리기,하늘걷기, 등허리지압기",4,2012,상시,정읍시 시설관리사업소,2022-12-14
전라북도 정읍시 덕천면 신월리 261-10(신월마을경로당),허리돌리기,1,2012,상시,정읍시 시설관리사업소,2022-12-14
전라북도 정읍시 덕천면 161-6(삼봉마을경로당),"양팔줄당기기, 허리돌리기, 하늘걷기, 등허리지압기",3,2012,상시,정읍시 시설관리사업소,2022-12-14
전라북도 정읍시 제야마을경로당,"양팔줄당기기, 허리돌리기, 하늘걷기, 등허리지압기",4,2012,상시,정읍시 시설관리사업소,2022-12-14
전라북도 정읍시 두지2길 3-3(모정 뒤),"양팔당기기, 허리돌리기, 하늘걷기, 등허리지압기",3,2012,상시,정읍시 시설관리사업소,2022-12-14
전라북도 정읍시 덕천면 우덕리 758-1(용전마을경로당),"양팔로프당기기, 허리돌리기, 하늘걷기",3,2013,상시,정읍시 시설관리사업소,2022-12-14
전라북도 정읍시 덕천면 하학리 437-4(모정 앞),"양팔줄당기기, 허리돌리기, 파도타기",3,2013,상시,정읍시 시설관리사업소,2022-12-14
전라북도 정읍시 덕천면 황토현로 796(덕천경로당),"양팔줄당기기, 허리돌리기, 파도타기",3,2014,상시,정읍시 시설관리사업소,2022-12-14
전라북도 정읍시 덕천면학전길19(경로당),"물결타기, 허리돌리기,어깨유연성운동",3,2014,상시,정읍시 시설관리사업소,2022-12-14
전라북도 정읍시 덕천금계2길17-5(경로당),"물결타기, 허리돌리기, 어깨유연성운동",3,2014,상시,정읍시 시설관리사업소,2022-12-14
전라북도 정읍시 덕천면 달천리 938-3(모정 앞),"물결타기,달리기, 등허리지압기",3,2015,상시,정읍시 시설관리사업소,2022-12-14
전라북도 정읍시 덕천면 상학리8(대죽경로당),"공중걷기, 상체근육풀기, 허리돌리기",3,2017,상시,정읍시 시설관리사업소,2022-12-14
전라북도 정읍시 덕천면 내정1길 12(내정마을 모정 옆),"양팔줄당기기+파도타기, 허리돌리기",2,2020,상시,정읍시 시설관리사업소,2022-12-14
전라북도 정읍시 덕천면 신월송산길 16(신송마을회관 옆),"양팔줄당기기+파도타기, 허리돌리기",2,2020,상시,정읍시 시설관리사업소,2022-12-14
전라북도 정읍시 이평말목장터길9-4(무릉마을경로당),"물결타기, 하늘걷기, 상체근육풀기",3,2014,상시,정읍시 시설관리사업소,2022-12-14
전라북도 정읍시 이평 하송리 33-2(만석보 제방),"양팔줄당기기, 하늘걷기",2,2009,상시,정읍시 시설관리사업소,2022-12-14
전라북도 정읍시 이평 장내리 542-6(전봉준고택 앞),"양팔줄당기기, 허리돌리기, 거꾸로매달리기",3,2011,상시,정읍시 시설관리사업소,2022-12-14
전라북도 정읍시 이평면 요골길60(경로당),"양팔줄당기기, 허리돌리기, 하늘걷기",3,2012,상시,정읍시 시설관리사업소,2022-12-14
전라북도 정읍시 이평 장내리 60-1 (모정앞),"양팔줄당기기, 허리돌리기",2,2009,상시,정읍시 시설관리사업소,2022-12-14
전라북도 정읍시 이평 팔선리 141-1(마을공터),"양팔줄당기기, 허리돌리기, 파도타기",3,2013,상시,정읍시 시설관리사업소,2022-12-14
전라북도 정읍시 이평 평령리 63-2(경로당),"양팔줄당기기, 허리돌리기, 파도타기",3,2013,상시,정읍시 시설관리사업소,2022-12-14
전라북도 정읍시 이평면 두전리 687-1(경로당),"양팔줄당기기, 허리돌리기, 파도타기",3,2013,상시,정읍시 시설관리사업소,2022-12-14
전라북도 정읍시 이평면 오산2길296-2(모정),"양팔줄당기기, 허리돌리기",2,2014,상시,정읍시 시설관리사업소,2022-12-14
전라북도 정읍시 이평 창골길9-12(창동 쉼터),"파도타기, 온몸근육풀기, 평행봉",3,,상시,정읍시 시설관리사업소,2022-12-14
전라북도 정읍시 이평 창동2길 6(신송 경로당),"허리돌리기, 하체흔들기, 로프당기기",3,2015,상시,정읍시 시설관리사업소,2022-12-14
전라북도 정읍시 이평면 창전1길 24-5(창전 경로당),"하늘걷기+달리기, 양팔줄당기기+철봉기, 거꾸로매달리기",3,2015,상시,정읍시 시설관리사업소,2022-12-14
전라북도 정읍시 이평면 황전1길25-10(황전경로당),"하늘타기, 달리기, 허리돌리기, 팔관절운동+원그리기",4,2015,상시,정읍시 시설관리사업소,2022-12-14
전라북도 정읍시 이평 산매길130-1(산매경로당),"팔관절운동+원그리기, 앉아당기기+앉아밀어주기",2,2015,상시,정읍시 시설관리사업소,2022-12-14
전라북도 정읍시 이평 오금양지길63-1(양지 경로당),"허리돌리기, 하체흔들기, 로프당기기",3,2015,상시,정읍시 시설관리사업소,2022-12-14
전라북도 정읍시 이평면 평령396-1(지지 경로당),"허리돌리기, 어꺠유연성운동기, 물결타기",3,2015,상시,정읍시 시설관리사업소,2022-12-14
전라북도 정읍시 이평 대량길 20(마을공터),팔관절운동+원그리기,1,2015,상시,정읍시 시설관리사업소,2022-12-14
전라북도 정읍시 이평면 팔선리 379-2(모정),"상체근육풀기, 물결타기",2,2016,상시,정읍시 시설관리사업소,2022-12-14
전라북도 정읍시 이평면 오금리 1134(정부양곡창고),"파도타기, 허리돌리기, 스텝밟기, 어깨근육풀기",4,2016,상시,정읍시 시설관리사업소,2022-12-14
전라북도 정읍시 이평면 오금리 847-4(모정),"허리돌리기, 하늘걷기",2,2016,상시,정읍시 시설관리사업소,2022-12-14
전라북도 정읍시 이평면 산내리 90-1(모정),"허리돌리기, 하늘걷기, 상체근육풀기",3,2017,상시,정읍시 시설관리사업소,2022-12-14
전라북도 정읍시 이평면 마항리 141-5,"상체근육풀기, 허리돌리기, 노젖기운동",3,2017,상시,정읍시 시설관리사업소,2022-12-14
전라북도 정읍시 이평면 오금리 754-3(마을회관),"하체근육풀기, 어깨유연성운동, 허리돌리기",3,2018,상시,정읍시 시설관리사업소,2022-12-14
전라북도 정읍시 이평면 오금리 898-5(마을회관),"파도타기+공중걷기, 달리기+허리돌리기",2,2018,상시,정읍시 시설관리사업소,2022-12-14
전라북도 정읍시 이평면 청량리 165-25(모정),"잔은활차머신+공중걷기, 허리돌리기+달리기",2,2018,상시,정읍시 시설관리사업소,2022-12-14
전라북도 정읍시 이평면 두지리 29-1(모정),"허리돌리기,파도타기,큰활차머신",3,2019,상시,정읍시 시설관리사업소,2022-12-14
전라북도 정읍시 이평면 하송리 252-1,"줄당기기+상체근육풀기, 하늘걷기+싸이클",2,2019,상시,정읍시 시설관리사업소,2022-12-14
전라북도 정읍시 이평면 창동리 133-6,"줄당기기+상체근육풀기, 허리돌리기+하늘걷기",2,2019,상시,정읍시 시설관리사업소,2022-12-14
전라북도 정읍시 이평면 월서길 6(월산마을회관 앞),"하늘걷기+허리돌리기, 줄당기기+상체근육풀기",2,2020,상시,정읍시 시설관리사업소,2022-12-14
전라북도 정읍시 이평면 하송길 5(하송마을회관 앞),"하늘걷기+허리돌리기, 줄당기기+상체근육풀기",2,2020,상시,정읍시 시설관리사업소,2022-12-14
전라북도 정읍시 이평면 평령리 136-1,"싸이클+등허리압기, 상체근육풀기+허리돌리기",2,2020,상시,정읍시 시설관리사업소,2022-12-14
전라북도 정읍시 이평면 소송길 13,"상체근육풀기, 거꾸로매달리기, 물결타기",3,2020,상시,정읍시 시설관리사업소,2022-12-14
전라북도 정읍시 이평면 도천길 58,"줄당기기+상체근육풀기, 싸이클+달리기",2,2020,상시,정읍시 시설관리사업소,2022-12-14
전라북도 정읍시 이평면 두지리 68-3,"허리돌리기+싸이클, 파도타기+상체근육풀기",2,2020,상시,정읍시 시설관리사업소,2022-12-14
전라북도 정읍시 이평면 석정길 23(석정마을회관 앞),"양팔줄당기기+싸이클, 물결타기+하늘걷기",2,2020,상시,정읍시 시설관리사업소,2022-12-14
전라북도 정읍시 이평면 평령리 620-1 (한수마을회관 앞),"허리돌리기+물결타기, 등허리지압기+상체근육풀기",2,2022,상시,정읍시 시설관리사업소,2022-12-14
전라북도 정읍시 정우 초강리 172-3(천덕경로당),"허리돌리기, 로프당기기, 공중걷기",3,2010,상시,정읍시 시설관리사업소,2022-12-14
전라북도 정읍시 정우면 수금리 658(정우연립 회관),"로프당기기, 허리돌리기, 좌우흔들기",3,2012,상시,정읍시 시설관리사업소,2022-12-14
전라북도 정읍시 정우 화천리577-9(마을회관),"로프당기기, 허리돌리기, 공중걷기",3,2014,상시,정읍시 시설관리사업소,2022-12-14
전라북도 정읍시 정우면 장순리 802(모정),"로프당기기, 허리돌리기, 공중걷기",3,2014,상시,정읍시 시설관리사업소,2022-12-14
전라북도 정읍시 정우면 대산리 6-10(모정),"로프당기기, 허리돌리기",2,2014,상시,정읍시 시설관리사업소,2022-12-14
전라북도 정읍시 정우면 우산리 389-3(회관앞),"로프당기기, 허리돌리기",2,2014,상시,정읍시 시설관리사업소,2022-12-14
전라북도 정읍시 정우면 송배1길 46-4(경로당),"로프당기기, 허리돌리기, 공중걷기",3,2016,상시,정읍시 시설관리사업소,2022-12-14
전라북도 정읍시 정우면 장순리 161-4(마을회관),"양팔줄당기기,공중걷기,허리돌리기",3,2018,상시,정읍시 시설관리사업소,2022-12-14
전라북도 정읍시 정우면 태고로 1013-4,"달리기+어깨유연성운동,노젓기, 등허리젖히기",3,2018,상시,정읍시 시설관리사업소,2022-12-14
전라북도 정읍시 정우면 수회길 76-6(마을 승강장 뒤),"작은활차머신+공중걷기, 허리돌리기+달리기운동",2,2019,상시,정읍시 시설관리사업소,2022-12-14
전라북도 정읍시 정우면 대서1길 28(마을회관),"작은활차머신+공중걷기, 허리돌리기+달리기운동",2,2019,상시,정읍시 시설관리사업소,2022-12-14
전라북도 정읍시 정우면 구성길 5-4(마을회관 앞 광장),"허리돌리기+달리기, 작은활차머신+공중걷기",2,2019,상시,정읍시 시설관리사업소,2022-12-14
전라북도 정읍시 정우면 우일리 147-1,"허리돌리기+달리기, 작은활차머신+공중걷기",2,2020,상시,정읍시 시설관리사업소,2022-12-14
전라북도 정읍시 정우면 화천2길,"허리돌리기+달리기, 작은활차머신+공중걷기",2,2020,상시,정읍시 시설관리사업소,2022-12-14
전라북도 정읍시 정우면 망담1길 10-2 ,"파도타기+상체근육풀기,하늘걷기+허리돌리기(2020), 등허리지압기, 싸이클링+어깨근육풀기(2022)",4,2020,상시,정읍시 시설관리사업소,2022-12-14
전라북도 정읍시 정우면 초강6길 36 ,"물결타기+어깨유연성운동, 하늘걷기+허리돌리기",2,2020,상시,정읍시 시설관리사업소,2022-12-14
전라북도 정읍시 태인면 태남리 277-3(백암초등학교 운동장),"하늘걷기, 파도타기, 양팔줄당기기, 허리돌리기",4,2010,상시,정읍시 시설관리사업소,2022-12-14
전라북도 정읍시  태인 태용신길 29(샘들내@),달리기+어깨유연성운동,1,2018,상시,정읍시 시설관리사업소,2022-12-14
전라북도 정읍시 태인면 매계리산1-8(모정),"양팔줄당기기, 상체근육풀기, 허리돌리기",1,2018,상시,정읍시 시설관리사업소,2022-12-14
전라북도 정읍시 태인면 태창리130-1(실내게이트볼장 옆),"공중걷기, 상체근육풀기, 허리돌리기",3,2018,상시,정읍시 시설관리사업소,2022-12-14
전라북도 정읍시 태인면 오봉리 344-1(모정 옆),"작은활차머신+공중걷기, 허리돌리기+달리기운동",2,2019,상시,정읍시 시설관리사업소,2022-12-14
전라북도 정읍시 태인면 박산리 353,"하늘걷기+어깨유연성,허리돌리기+달리기",2,2019,상시,정읍시 시설관리사업소,2022-12-14
전라북도 정읍시 태인면 고천리 274-10(원고천마을 경로당 앞),"허리돌리기, 양팔줄당기기",2,2020,상시,정읍시 시설관리사업소,2022-12-14
전라북도 정읍시 태인면 태서리 684 (분동마을 모정 옆),"상체근육풀기+달리기, 허리돌리기",2,2020,상시,정읍시 시설관리사업소,2022-12-14
전라북도 정읍시 태인면 오류리 107 ,"달리기+허리돌리기,줄당기기+상체근육풀기",2,2020,상시,정읍시 시설관리사업소,2022-12-14
전라북도 정읍시 태인면 태성리 492-2 ,"싸이클+허리돌리기, 양팔로프당기기",2,2020,상시,정읍시 시설관리사업소,2022-12-14
전라북도 정읍시 태인면 거산리 663(상동구마을 모정 옆),양팔줄당기기+허리돌리기,1,2020,상시,정읍시 시설관리사업소,2022-12-14
전라북도 정읍시 태인면 태서리 146-58(하동구 마을회관 옆 공터),양팔줄당기기+허리돌리기,1,2020,상시,정읍시 시설관리사업소,2022-12-14
전라북도 정읍시  태인면 태시기길 29-1 (시기 마을회관),"달리기+로프당기기, 하늘걷기",2,2022,상시,정읍시 시설관리사업소,2022-12-14
전라북도 정읍시 감곡 방교리 561-2(체육공원),"공중걷기, 파도타기, 허리돌리기,양팔줄당기기",4,2010,상시,정읍시 시설관리사업소,2022-12-14
전라북도 정읍시 반룡2길 17(경로당),"허리돌리기, 양팔줄당기기",2,2014,상시,정읍시 시설관리사업소,2022-12-14
전라북도 정읍시 감곡면 옥학길 103-5(경로당),"양팔줄당기기, 허리돌리기, 하늘걷기",3,2016,상시,정읍시 시설관리사업소,2022-12-14
전라북도 정읍시 감곡면 순촌1길 43-1(경로당),허리돌리기+하늘걷기,1,2016,상시,정읍시 시설관리사업소,2022-12-14
전라북도 정읍시 감곡면 장촌길 9-9(모정),"허리돌리기, 하늘걷기",2,2016,상시,정읍시 시설관리사업소,2022-12-14
전라북도 정읍시 감고견 중평길72(경로당),허리돌리기+하늘걷기,1,2016,상시,정읍시 시설관리사업소,2022-12-14
전라북도 정읍시 감곡면 오주길 84(경로당),"허리돌리기+하늘걷기, 달리기",2,2016,상시,정읍시 시설관리사업소,2022-12-14
전라북도 정읍시 용오길 32(경로당),"양팔줄당기기, 하늘걷기+등허리지압기",2,2017,상시,정읍시 시설관리사업소,2022-12-14
전라북도 정읍시 석점1길 43-14(경로당),"허리돌리기+하늘걷기, 양팔줄당리기",2,2017,상시,정읍시 시설관리사업소,2022-12-14
전라북도 정읍시 감곡면 화봉리 132-4(모정),"허리돌리기+하늘걷기, 양팔줄당리기",2,2017,상시,정읍시 시설관리사업소,2022-12-14
전라북도 정읍시 감곡면 계룔리 153-1(경로당),"허리돌리기+하늘걷기, 양팔줄당리기",2,2017,상시,정읍시 시설관리사업소,2022-12-14
전라북도 정읍시 감곡면 유정리1176-1(경로당),"양팔중당기기, 상체근육풀기+허리돌리기, 하늘걷기",3,2018,상시,정읍시 시설관리사업소,2022-12-14
전라북도 정읍시 감곡면 진흥리 756-12(경로당),"줄당기기+상체근육풀기, 허리돌리기+하늘걷기",2,2019,상시,정읍시 시설관리사업소,2022-12-14
전라북도 정읍시 감곡면 화봉리 201-11(모정),"양팔줄당기기+하늘걷기, 상체근육풀기+허리돌리기",2,2019,상시,정읍시 시설관리사업소,2022-12-14
전라북도 정읍시 감곡면 학이길 8 (학이마을회관),"양팔줄당기기+하늘걷기, 상체근육풀기+허리돌리기",2,2020,상시,정읍시 시설관리사업소,2022-12-14
전라북도 정읍시 감곡면 풍촌길 64 (풍촌마을 광장),"양팔줄당기기+하늘걷기, 상체근육풀기+허리돌리기",2,2020,상시,정읍시 시설관리사업소,2022-12-14
"전라북도 정읍시 감곡면 과반1길 20(모정), 과반2길 31(모정)","하늘걷기+허리돌리기, 하늘걷기+등허리지압기, 하늘걷기+싸이클",3,2020,상시,정읍시 시설관리사업소,2022-12-14
전라북도 정읍시 감곡면 모산2길 11(경로당),"철봉+양팔줄당기기, 오금펴기+어깨유연성운동",2,2020,상시,정읍시 시설관리사업소,2022-12-14
전라북도 정읍시 감곡면 신평길 57-4(신평마을회관),"파도타기+공중걷기, 허리돌리기+큰활차머신",2,2020,상시,정읍시 시설관리사업소,2022-12-14
전라북도 정읍시 옹동면 매정리 1855-1(농촌건강장수마을),"어깨펴기, 달리기, 허리돌리기, 자전거타기",3,2014,상시,정읍시 시설관리사업소,2022-12-14
전라북도 정읍시 옹동면 산성리 699(화엄사),"공중걷기, 로프당기기, 몸통돌리기",3,2005,상시,정읍시 시설관리사업소,2022-12-14
전라북도 정읍시 옹동면 오성길 54,"양팔로프당기기, 허리돌리기, 하늘걷기",3,2016,상시,정읍시 시설관리사업소,2022-12-14
전라북도 정읍시 옹동면 삼리1길 21(경로당),"입식허리돌리기+공중걷기,옆으로몸통흔들기+큰팔돌리기",2,2017,상시,정읍시 시설관리사업소,2022-12-14
전라북도 정읍시 옹동면 산성길 13(경로당),"입식허리돌리기+공중걷기, 옆으로몸통흔들기+큰팔돌리기",2,2017,상시,정읍시 시설관리사업소,2022-12-14
전라북도 정읍시 옹동면 칠석리 748-59(마을회관),"입식허리돌리기+공중걷기, 싸이클론+상체근육풀기",2,2017,상시,정읍시 시설관리사업소,2022-12-14
전라북도 정읍시 옹동면 외칠길102(경로당),"입식허리돌리기+공중걷기, 옆파도타기+상체근육풀기",2,2018,상시,정읍시 시설관리사업소,2022-12-14
전라북도 정읍시 옹동면 내동2길 1-3,"작은활차머신+공중걷기, 허리돌리기+달리기",2,2018,상시,정읍시 시설관리사업소,2022-12-14
전라북도 정읍시 옹동면 정동길 3(정동경로당 앞),"싸이클+달리기, 허리돌리기+어깨근육풀기",2,2019,상시,정읍시 시설관리사업소,2022-12-14
전라북도 정읍시 옹동면 칠석리 172-13(옹동노휴제),"큰활차머신+공중걷기,허리돌리기+달리기",2,2019,상시,정읍시 시설관리사업소,2022-12-14
전라북도 정읍시 옹동면 내칠길 16 (내칠마을 모정 옆) ,"어꺠유연성운동+하늘걷기, 허리돌리기(2인용)",2,2020,상시,정읍시 시설관리사업소,2022-12-14
전라북도 정읍시 옹동면 용호리 619-1 (송월경로당 앞),"하늘걷기+허리돌리기, 줄당기기+상체근육풀기",2,2020,상시,정읍시 시설관리사업소,2022-12-14
전라북도 정읍시 옹동면 상산2길 16-8(용상경로당 앞),"달리기+등지압기, 큰활차+양팔줄당기기",2,2020,상시,정읍시 시설관리사업소,2022-12-14
전라북도 정읍시 옹동면 비봉리 251(수암마을 마을회관 옆),"허리돌리기+달리기운동, 큰활차머신, 거꾸로 매달리기",3,2021,상시,정읍시 시설관리사업소,2022-12-14
전라북도 정읍시 칠보면 백암리 1625(원백마을회관 앞),"철봉, 윗몸일으키기, 그네, 평행봉, 역기, 팔굽혀펴기2, 허리돌리기3",8,2010,상시,정읍시 시설관리사업소,2022-12-14
전라북도 정읍시 칠보면 시산리 1222-35(게이트볼장 옆),"하늘걷기, 파도타기, 양팔줄당기기, 허리돌리기",4,,상시,정읍시 시설관리사업소,2022-12-14
전라북도 정읍시 칠보 반곡리 76-15(세류경로당),"하늘걷기, 원그리기, 허리돌리기",3,,상시,정읍시 시설관리사업소,2022-12-14
전라북도 정읍시 칠보 무성리 29-5(경로당),"양팔줄당기기, 허리돌리기, 파도타기",3,2013,상시,정읍시 시설관리사업소,2022-12-14
전라북도 정읍시 칠보 시산리577-2(중앙노소재),"역기올리기 원그리기, 옆파도타기",3,2014,상시,정읍시 시설관리사업소,2022-12-14
전라북도 정읍시 칠보면 시산리 525-1(영벽정),"가로하늘타기+앉아다리밀기, 윗몸일으키기, 등허리지압기, 원그리기, 온몸허리돌리기, 철봉기+양팔줄당기기",6,2014,상시,정읍시 시설관리사업소,2022-12-14
전라북도 정읍시 칠보면 백암 475(경로당),"원그리기, 허리돌리기, 하늘걷기, 파도타기",4,2015,상시,정읍시 시설관리사업소,2022-12-14
전라북도 정읍시 칠보면 시산리 1258,"원그리기, 허리돌리기, 하늘걷기",3,2016,상시,정읍시 시설관리사업소,2022-12-14
전라북도 정읍시 칠보면 반곡리 401-2(마을회관),"하늘걷기, 허리돌리기, 원그리기",3,2017,상시,정읍시 시설관리사업소,2022-12-14
전라북도 정읍시 칠보면 백암리2142,"하늘걷기, 허리돌리기, 원그리기",3,2018,상시,정읍시 시설관리사업소,2022-12-14
전라북도 정읍시 칠보면 백암리 1379(모정),"큰활차머신,허리돌리기,양팔줄당기기",3,2019,상시,정읍시 시설관리사업소,2022-12-14
전라북도 정읍시 칠보면 백암길 79 (흥이마을회관 광장),"하늘걷기+어깨유연성, 허리돌리기+상체근육풀기",2,2020,상시,정읍시 시설관리사업소,2022-12-14
전라북도 정읍시 칠보면 벌수1길 39 (벌수마을회관 광장),"하늘걷기+어깨유연성, 허리돌리기+상체근육풀기",2,2020,상시,정읍시 시설관리사업소,2022-12-14
전라북도 정읍시 칠보면 와우리 705-1,"허리돌리기+하늘걷기, 줄당기기+상체근육풀기",2,2020,상시,정읍시 시설관리사업소,2022-12-14
전라북도 정읍시 칠보면 축현리 70(축촌마을회관 옆),"하늘걷기+양팔줄당기기, 허리돌리기",2,2020,상시,정읍시 시설관리사업소,2022-12-14
전라북도 정읍시 칠보면 반곡리 1012(여옥마을회관 옆),"싸이클+하늘걷기, 달리기",2,2021,상시,정읍시 시설관리사업소,2022-12-14
전라북도 정읍시 정읍시 칠보면 반곡리 1436 (벌수마을회관 앞),"싸이클, 양팔로프당기기",2,2022,상시,정읍시 시설관리사업소,2022-12-14
전라북도 정읍시 산내면 능교리 649-2(게이트볼장),"허리돌리기, 하늘걷기, 상체근육풀기",3,2014,상시,정읍시 시설관리사업소,2022-12-14
전라북도 정읍시 산내면 장금리 790-7(평천경로당),"하늘걷기, 허리돌리기, 상체근육풀기, 평의자",3,2017,상시,정읍시 시설관리사업소,2022-12-14
전라북도 정읍시 산내면 종성리 1378(이화동경로당),"하늘걷기, 허리돌리기, 줄당기기, 상체근육풀기",2,2017,상시,정읍시 시설관리사업소,2022-12-14
전라북도 정읍시 산내면 사승2길 1(마을회관),"물결타기,허리돌리기,양팔로프당기기",3,2018,상시,정읍시 시설관리사업소,2022-12-14
전라북도 정읍시 산내면 능교리 579-2,"양팔줄당기기+파도타기, 등허리지압기+상체근육풀기",2,2019,상시,정읍시 시설관리사업소,2022-12-14
전라북도 정읍시 산내면 매죽리 310-1 (매대마을회관 앞),"파도타기+상체근육풀기, 하늘걷기+허리돌리기",2,2020,상시,정읍시 시설관리사업소,2022-12-14
전라북도 정읍시 산내면 장금리 990 (광장),"역기내리기+오금펴기, 하늘걷기+허리돌리기",2,2020,상시,정읍시 시설관리사업소,2022-12-14
전라북도 정읍시 산내면 능교리 1062-2 (허궁실 마을회관 앞),"허리돌리기+달리기,하늘걷기+어깨유연성",2,2020,상시,정읍시 시설관리사업소,2022-12-14
전라북도 정읍시 산내면 종성리 1184-5,"상체근육풀기+허리돌리기, 양팔로프돌리기+물결타기",2,2022,상시,정읍시 시설관리사업소,2022-12-14
전라북도 정읍시 산외면 동곡리 산197-1(채계산전망대),"허리돌리기, 어깨팔 늘리기",2,2014,상시,정읍시 시설관리사업소,2022-12-14
전라북도 정읍시 산외면 동곡리 산197-1(채계산 정상),"온몸근육풀기, 양팔 줄 당기기, 철봉, 거꾸로 매달리기, 허리돌리기",5,2001,상시,정읍시 시설관리사업소,2022-12-14
전라북도 정읍시 산외면 평사리 122-1(척곡제 쉼터),"사이드 스윙, 싸이클론, 터닝 암",3,2013,상시,정읍시 시설관리사업소,2022-12-14
전라북도 정읍시 산외면 상두리 980-1(동진경로당),"옆파도타기, 온몸 근육풀기, 마라톤운동",3,2016,상시,정읍시 시설관리사업소,2022-12-14
전라북도 정읍시 산외면 동곡리 산197-1(채계산 등산로),"온몸근육풀기, 양팔 줄 당기기, 철봉, 거꾸로 매달리기, 허리돌리기",5,2001,상시,정읍시 시설관리사업소,2022-12-14
전라북도 정읍시 산외면 정량리 967-1(향토기념관 내),"온몸 허리돌리기, 온몸 역기 올리기, 다리 뻗치기, 마라톤 운동, 온몸 근육풀기, 온몸 노젓기",6,2002,상시,정읍시 시설관리사업소,2022-12-14
전라북도 정읍시 산외면 평사리 444-1(근린생활체육센터 내),"다리오므리기+양팔당기기, 하늘걷기+y자걷기, 양팔밀기+앉아다리밀기, 지압마사지+사이클",4,2016,상시,정읍시 시설관리사업소,2022-12-14
전라북도 정읍시 산외면 화죽리 1179-1(모정),"상체근육풀기, 허리돌리기, 하늘걷기",3,2017,상시,정읍시 시설관리사업소,2022-12-14
전라북도 정읍시 산외면 산외로 474-1(수성재경로당),"양팔 줄당기기, 싸이클+허리돌리기",2,2017,상시,정읍시 시설관리사업소,2022-12-14
전라북도 정읍시 산외면 오공리 1625(모정 앞),"자전거타기,허리돌리기+줄당기기",2,2019,상시,정읍시 시설관리사업소,2022-12-14
전라북도 정읍시 산외면 평사리 550(평사마을 경로당 앞),"달리기, 하늘걷기+허리돌리기",2,2020,상시,정읍시 시설관리사업소,2022-12-14
전라북도 정읍시 산외면 종산리 689 (종산리 버스승강장 옆),"로프당기기+상체근육풀기, 하늘걷기+허리돌리기",2,2020,상시,정읍시 시설관리사업소,2022-12-14
전라북도 정읍시 산외면 화죽리 690-1 (사가마을 모정 앞),"역기내리기+상체근육풀기, 하늘걷기+허리돌리기",2,2020,상시,정읍시 시설관리사업소,2022-12-14
전라북도 정읍시 산외면 엄계길 6 (엄계마을 마을회관),"싸이클, 하늘걷기+상체근육풀기",2,2022,상시,정읍시 시설관리사업소,2022-12-14
전라북도 정읍시 충무경로당(충열사)수성동 산 87-1(성황산1길 12-22),"어깨근육풀기, 허리돌리기",2,2010,상시,정읍시 시설관리사업소,2022-12-14
전라북도 정읍시 구미경로당구미길 79,"허리돌리기, 줄당기기",2,2010,상시,정읍시 시설관리사업소,2022-12-14
전라북도 정읍시 시청 충무주차장(일광사 앞) 성황산길 50,"허리돌리기, 상체근육풀기",2,2017,상시,정읍시 시설관리사업소,2022-12-14
전라북도 정읍시 수성동 299-33 (8통 마을게시대-일송정 앞),"양팔줄당기기+파도타기, 허리돌리기",2,2020,상시,정읍시 시설관리사업소,2022-12-14
전라북도 정읍시 보건소(수성동 958-2),"온몸근육풀기, 공중걷기, 작은활차, 온몸노젓기, 달리기운동, 줄당기기, 허리돌리기",7,2009,상시,정읍시 시설관리사업소,2022-12-14
전라북도 정읍시 근린공원/약수터(수성동 931)9통,"물결타기, 온몸근육풀기, 싯업보드, 줄당기기, 공중걷기, 허리돌리기 2",8,2011,상시,정읍시 시설관리사업소,2022-12-14
전라북도 정읍시 수성택지2길 65 뉴캐슬아파트(101동 놀이터) ,"윗몸일으키기,자전거타기",2,2018,상시,정읍시 시설관리사업소,2022-12-14
전라북도 정읍시 수성택지2길 65 뉴캐슬아파트(101동 놀이터) ,양팔줄당기기,1,2020,상시,정읍시 시설관리사업소,2022-12-14
전라북도 정읍시 마곡경로당옆 공원(수성동 1018-4),"다리벌리기+허리돌리기, 등허리지압기",2,2017,상시,정읍시 시설관리사업소,2022-12-14
전라북도 정읍시 무지개공원(수성6로 11-1),"오금펴기, 파도타기, 공중걷기",2,2017,상시,정읍시 시설관리사업소,2022-12-14
전라북도 정읍시 오정경로당(하북2길 26),온몸근육풀기,1,2010,상시,정읍시 시설관리사업소,2022-12-14
전라북도 정읍시 박동경로당(박동길 30),"상체근육풀기, 하늘걷기+파도타기",2,2021,상시,정읍시 시설관리사업소,2022-12-14
전라북도 정읍시 수성2로 13-12(주공1차아파트 103동앞),"허리돌리기, 하늘걷기, 물결타기",4,2017,상시,정읍시 시설관리사업소,2022-12-14
전라북도 정읍시 주공1차 택시승강장 앞(수성2로 13-12),"풀웨이트, 윗몸일으키기, 체어웨이트, 롤링웨이트, 양팔줄당기기",5,2008,상시,정읍시 시설관리사업소,2022-12-14
전라북도 정읍시 수성주공@104동 앞(수성2로 13-12),"허리돌리기, 옆파도타기, 하늘걷기,로프당기기",4,2015,상시,정읍시 시설관리사업소,2022-12-14
전라북도 정읍시 수성2로 13-11(202동),"상체근육풀기, 허리돌리기, 등허리지압기, 등의자(벤치)",3,2018,상시,정읍시 시설관리사업소,2022-12-14
전라북도 정읍시 주공2차 205동 앞(수성2로 13-11),"양팔줄당기기, 트렁크롤러, 작은활차머신",3,2011,상시,정읍시 시설관리사업소,2022-12-14
전라북도 정읍시 주공3차 수성초등 체육관옆(수성3로 9),허리돌리기,1,2011,상시,정읍시 시설관리사업소,2022-12-14
전라북도 정읍시 수성동 917 주공3차A(주공3차A 놀이터 내),양팔줄당기기+하늘걷기,1,2020,상시,정읍시 시설관리사업소,2022-12-14
전라북도 정읍시 수성택지2길17(부영1차@112동),"온몸근육풀기, 허리지압, 하늘걷기",2,2017,상시,정읍시 시설관리사업소,2022-12-14
전라북도 정읍시 수성택지2길17(부영1차@112동),온몸허리돌리기,1,2018,상시,정읍시 시설관리사업소,2022-12-14
전라북도 정읍시 수성택지2길17(부영1차@112동),"거꾸로매달리기+허리돌리기,로프당기기",2,2018,상시,정읍시 시설관리사업소,2022-12-14
전라북도 정읍시 부영2차@ (209동 206동 사이),"허리돌리기+하늘걷기,상체근육풀기",2,2018,상시,정읍시 시설관리사업소,2022-12-14
전라북도 정읍시 보석사우나 뒤편 공원(수성동 1042),"하늘걷기, 허리돌리기, 달리기, 팔관절운동",4,2012,상시,정읍시 시설관리사업소,2022-12-14
전라북도 정읍시 힐스타운 옆 공원(수성3로 49-20),"상체근육풀기, 공중걷기, 줄당기기, 작은활차, 다리펴기",5,2015,상시,정읍시 시설관리사업소,2022-12-14
전라북도 정읍시 수성동 1031-1 (36통 녹색공원 내),거꾸로매달리기,1,2020,상시,정읍시 시설관리사업소,2022-12-14
전라북도 정읍시 수성3로 43-6(힐스타운앞 녹색공원),"3단철봉, 평행봉",2,2017,상시,정읍시 시설관리사업소,2022-12-14
전라북도 정읍시 장명동 산1(성황산 등산로 정상),거꾸로매달리기,1,2018,상시,정읍시 시설관리사업소,2022-12-14
전라북도 정읍시 수성3로 12(수성공원),"오금펴기, 등허리지압기, 역기내리기",3,2014,상시,정읍시 시설관리사업소,2022-12-14
전라북도 정읍시 수성3로12(수성공원),양팔줄당기기,1,2020,상시,정읍시 시설관리사업소,2022-12-14
전라북도 정읍시 수성3로12(수성공원),"Y자걷기, 옆파도타기, 작은활차+공중걷기2, 허리돌리기",5,,상시,정읍시 시설관리사업소,2022-12-14
전라북도 정읍시 구룡동 348-4(경로당 앞 구량마을회 부지),"공중걷기, 양팔줄당기기, 파도타기, 허리돌리기, 팔돌리기",5,2009,상시,정읍시 시설관리사업소,2022-12-14
전라북도 정읍시 장명동 1-4(말고개공원),"파도타기, 팔돌리기",2,,상시,정읍시 시설관리사업소,2022-12-14
전라북도 정읍시 장명동 179-2(각시다리공원),"공중걷기, 양팔줄당기기, 파도타기, 팔돌리기, 허리돌리기(2)",6,2008,상시,정읍시 시설관리사업소,2022-12-14
전라북도 정읍시 장명동153-6(동부노인당),"공중걷기, 팔돌리기, 파도타기, 양팔줄당기기, 허리돌리기",5,2011,상시,정읍시 시설관리사업소,2022-12-14
전라북도 정읍시 구룡동 886-1(모정 앞 공터),"양팔줄당기기, 온몸허리돌리기, 어깨근육풀기",3,2013,상시,정읍시 시설관리사업소,2022-12-14
전라북도 정읍시 상동 456-1(모정 앞),"공중걷기, 양팔줄당기기, 허리돌리기",3,2013,상시,정읍시 시설관리사업소,2022-12-14
전라북도 정읍시 상동 373-2(영광교회 앞 포켓공원),"달리기/공중걷기, 허리돌리기, 오금펴기, 양팔줄당기기(철거)",3,,상시,정읍시 시설관리사업소,2022-12-14
전라북도 정읍시 구룡동 650-9(영창아파트 102동 옆),"물결타기, 상체근육풀기, 허리돌리기",3,2016,상시,정읍시 시설관리사업소,2022-12-14
전라북도 정읍시 구룡동 650-9(영창아파트 102동 모정 앞),"양팔로프당기기, 오금펴기",2,2014,상시,정읍시 시설관리사업소,2022-12-14
전라북도 정읍시 장명동 2-5(자율방범대 사무실 앞),"팔돌리기(상체근육풀기), 하늘걷기/허리돌리기",2,2022,상시,정읍시 시설관리사업소,2022-12-14
전라북도 정읍시 학산로 121(명성교회 주차장),"허리돌리기, 하늘걷기, 로프당기기",3,2009,상시,정읍시 시설관리사업소,2022-12-14
전라북도 정읍시 신경2길 18(자치센터 앞 쉼터),자전거발전입식싸이클,1,2015,상시,정읍시 시설관리사업소,2022-12-14
전라북도 정읍시 상동 305-6,양팔로프당기기,1,2017,상시,정읍시 시설관리사업소,2022-12-14
전라북도 정읍시 상동 305-6,허리돌리기+하늘걷기,1,2017,상시,정읍시 시설관리사업소,2022-12-14
전라북도 정읍시 정읍시 상동중앙로 27(정주맨션 1동 뒤),"양팔줄당기기, 허리돌리기",2,2020,상시,정읍시 시설관리사업소,2022-12-14
전라북도 정읍시 벚꽃로 429-7(중사3호 소공원),"줄당기기, 허리돌리기+온몸허리돌리기, 앉아당기기+앉아밀어주기, 하늘걷기+달리기",4,2013,상시,정읍시 시설관리사업소,2022-12-14
전라북도 정읍시 상동 283-29(상사경로당),"양팔로프당기기, 허리돌리기, 상체근육풀기",3,2017,상시,정읍시 시설관리사업소,2022-12-14
전라북도 정읍시 상동 685-11(소공원),상체근육풀기+파도타기,1,2018,상시,정읍시 시설관리사업소,2022-12-14
전라북도 정읍시 상동 413-12(하신경로당 옆),"양팔줄당기기, 트윈트위스트, 싸이클+하늘걷기",3,2011,상시,정읍시 시설관리사업소,2022-12-14
전라북도 정읍시 정읍시 충정로 94-7(하신경로당 내),양팔줄당기기+파도타기,1,2020,상시,정읍시 시설관리사업소,2022-12-14
전라북도 정읍시 상동 중앙로 41(미소지움@),"양팔줄당기기, 거꾸로매달기, 허리돌리기, 크로스워킹, 체어웨이드, 자유철봉",6,2009,상시,정읍시 시설관리사업소,2022-12-14
전라북도 정읍시 관통로 57-66(중사경로당 앞),"상체근육풀기, 자전거타기, 허리돌리기, 양팔로프당기기, 옆파도타기",5,2015,상시,정읍시 시설관리사업소,2022-12-14
전라북도 정읍시 상동 743-43(중사2호 소공원),"줄당기기, 허리돌리기+온몸허리돌리기, 앉아당기기+앉아밀어주기, 하늘걷기+달리기",4,2010,상시,정읍시 시설관리사업소,2022-12-14
전라북도 정읍시 상동 373-2(영광교회앞),"허리돌리기, 앉아당기기, 하늘걷기, 양팔줄당기기",4,,상시,정읍시 시설관리사업소,2022-12-14
전라북도 정읍시 상동 179-1(학산고앞소공원),"양팔줄당기기, 허리돌리기, 파도타기, 하늘걷기, 윗몸일으키기",5,2013,상시,정읍시 시설관리사업소,2022-12-14
전라북도 정읍시 상동 456-1(모정앞),"양팔줄당기기, 온몸허리돌리기, 하늘걷기",3,2013,상시,정읍시 시설관리사업소,2022-12-14
전라북도 정읍시 상동 91,역기올리기+오금펴기,1,2019,상시,정읍시 시설관리사업소,2022-12-14
전라북도 정읍시 금붕1길 190(내장산 실버아파트 103동 모정 옆),"하늘타기, 상체근육풀기, 허리돌리기",3,2017,상시,정읍시 시설관리사업소,2022-12-14
전라북도 정읍시 금붕1길 190(내장산 실버아파트 103동 모정 옆),"양팔줄당기기,하늘걷기",2,2019,상시,정읍시 시설관리사업소,2022-12-14
전라북도 정읍시 상동 553-6(입석3호 소공원),"줄당기기, 온몸허리돌리기+허리돌리기, 앉아밀어주기+앉아당기기, 달리기+하늘걷기",4,2013,상시,정읍시 시설관리사업소,2022-12-14
전라북도 정읍시 상동 354-3(입석4호 소공원),"줄당기기, 온몸허리돌리기+허리돌리기, 앉아밀어주기+앉아당기기,달리기+하늘걷기",4,2013,상시,정읍시 시설관리사업소,2022-12-14
전라북도 정읍시 금붕1길 1-1(대림@),"허리돌리기, 양팔줄당기기",2,2011,상시,정읍시 시설관리사업소,2022-12-14
전라북도 정읍시 금붕1길 1-1(대림@ ),"공중걷기, 싸이클+어깨유연성운동",2,2016,상시,정읍시 시설관리사업소,2022-12-14
전라북도 정읍시 상동 253-8,"양팔로프당기기,싸이클+달리기",2,2019,상시,정읍시 시설관리사업소,2022-12-14
전라북도 정읍시 상동 253-8,"파도타기+허리돌리기,상체근육풀기",2,2019,상시,정읍시 시설관리사업소,2022-12-14
전라북도 정읍시 상동중앙로 62-13(현대3차아파트),"양팔로프당기기, 윗몸일으키기, 달리기",3,2015,상시,정읍시 시설관리사업소,2022-12-14
전라북도 정읍시 상동 146-1(현대3차@),어깨근육풀기,1,2017,상시,정읍시 시설관리사업소,2022-12-14
전라북도 정읍시 상사3길47(엘지@),"양팔줄당기기, 허리돌리기",2,2011,상시,정읍시 시설관리사업소,2022-12-14
전라북도 정읍시 상사3길47(엘지@),물결타기+오금펴기,1,2017,상시,정읍시 시설관리사업소,2022-12-14
전라북도 정읍시 학산로95(우미@),"하늘걷기, 마라톤달리기, 어깨근육풀기, 양팔줄당기기 2",5,2012,상시,정읍시 시설관리사업소,2022-12-14
전라북도 정읍시 상동 82,거꾸로매달리기,1,2017,상시,정읍시 시설관리사업소,2022-12-14
전라북도 정읍시 금붕동 103-2(경로당),"허리돌리기+하늘걷기, 줄당기기+상체근육풀기",2,2018,상시,정읍시 시설관리사업소,2022-12-14
전라북도 정읍시 금붕동 305-7(경로당),"허리돌리기+하늘걷기, 줄당기기+상체근육풀기",2,2018,상시,정읍시 시설관리사업소,2022-12-14
전라북도 정읍시 금붕동 658-6(행정마을모정옆),"크로스컨트리, 트윈트위스트, 양팔줄당기기",3,2009,상시,정읍시 시설관리사업소,2022-12-14
전라북도 정읍시 금붕3길 22(금붕마을 회관),"로프당기기, 팔관절운동, 허리돌리기",3,2015,상시,정읍시 시설관리사업소,2022-12-14
전라북도 정읍시 금붕2길 5(아랫마을 회관),"줄당기기, 허리돌리기",2,2016,상시,정읍시 시설관리사업소,2022-12-14
전라북도 정읍시 정읍시 송산1길 150-12(마을회관 옆),양팔줄당기기+허리돌리기,1,2020,상시,정읍시 시설관리사업소,2022-12-14
전라북도 정읍시 송산동 420-2(마을공터 전두환기념비 철거장소),"줄당기기+어깨돌리기, 허리돌리기+물결타기",2,2020,상시,정읍시 시설관리사업소,2022-12-14
전라북도 정읍시 송산동 95-3(종산마을광장),"상체근육풀기, 윗몸일으키기+허리돌리기, 양팔줄당기기",3,2017,상시,정읍시 시설관리사업소,2022-12-14
전라북도 정읍시 부무길 42(경로당 옆),"줄당기기+어깨돌리기, 허리돌리기+물결타기",2,2020,상시,정읍시 시설관리사업소,2022-12-14
전라북도 정읍시 부무길 42(경로당 옆),"거꾸로매달리기, 역기올리기+역기내리기",2,2021,상시,정읍시 시설관리사업소,2022-12-14
전라북도 정읍시 부전동 130(마을회관),허리돌리기+달리기,1,2018,상시,정읍시 시설관리사업소,2022-12-14
전라북도 정읍시 월영1길 62(월영경로당),"원그리기, 온몸허리돌리기, 앉아밀어주기, 하늘걷기",4,2012,상시,정읍시 시설관리사업소,2022-12-14
전라북도 정읍시 쌍암동 774-1(경로당),"달리기+어깨유연성, 줄당기기+상체근육풀기",2,2018,상시,정읍시 시설관리사업소,2022-12-14
전라북도 정읍시 부여길25(모정),"상체근육풀기, 싸이클+허리돌리기",2,2014,상시,정읍시 시설관리사업소,2022-12-14
전라북도 정읍시 학산로 89-71(2단지 휴먼시아),"상체근육풀기, 허리돌리기, 양팔로프당기기, 역기내리기+역기올리기, 달리기+하늘걷기, 거꾸로매달리기",6,2015,상시,정읍시 시설관리사업소,2022-12-14
전라북도 정읍시 학산로 89-72(3단지 휴먼시아),"Y자걷기+하늘걷기, 싸이클+지압마사지기, 다리오므리기+양팔당기기, 양팔밀기+앉아다리밀기, 파도타기+활차, 양팔줄당기기",6,2014,상시,정읍시 시설관리사업소,2022-12-14
전라북도 정읍시 학산로 89-25(수목토@ 101동),"허리돌리기, 자유철봉, 역기올리기, 윗몸일으키기, 트렁크로라, 달리기운동",6,2014,상시,정읍시 시설관리사업소,2022-12-14
전라북도 정읍시 학산로 89-25(수목토@ 102동),"작은활차머신, 다리뻗치기, 등허리젖히기, 공중걷기, 파도타기, 큰활차머신",6,2011,상시,정읍시 시설관리사업소,2022-12-14
전라북도 정읍시 학산로 89-25(수목토@ 103동),"트렁크로라, 양팔줄당기기, 달리기운동, 허벅지근육풀기, 다리뻗치기",5,2011,상시,정읍시 시설관리사업소,2022-12-14
전라북도 정읍시 학산로 89-11(대광로제비앙@ 모정 옆),"줄당기기+어깨돌리기, 허리돌리기+물결타기",2,2020,상시,정읍시 시설관리사업소,2022-12-14
전라북도 정읍시 시기동409-5(제1시장김제묘목장),양팔로프당기기,1,2008,상시,정읍시 시설관리사업소,2022-12-14
전라북도 정읍시 시기동280-4(구시장 다목적광장),"허리돌리기, 상체근육풀기",2,2008,상시,정읍시 시설관리사업소,2022-12-14
전라북도 정읍시  샘골시장 고객쉼터 앞,"큰활차+작은활차,파도타기+노젓기",2,2021,상시,정읍시 시설관리사업소,2022-12-14
전라북도 정읍시 시기동375-5(정읍 애육원 앞),"파도타기, 하늘걷기, 상체근육풀기",4,2012,상시,정읍시 시설관리사업소,2022-12-14
전라북도 정읍시 시기동225-40(금강모텔뒤 소공원),"윗몸일으키기, 상체근육풀기, 허리돌리기, 양팔로프당기기, 하늘걷기",5,2015,상시,정읍시 시설관리사업소,2022-12-14
전라북도 정읍시 시기동400(시기동 주민센터뒤),"허리돌리기, 윗몸일으키기, 상체근육풀기, 하늘걷기",4,2008,상시,정읍시 시설관리사업소,2022-12-14
전라북도 정읍시 시기동198-59대흥 노휴제 앞),"양팔로프당기기, 허리돌리기, 하늘걷기",3,2010,상시,정읍시 시설관리사업소,2022-12-14
전라북도 정읍시 시기동400(시기동 주민센터뒤),양팔줄당기기,1,2020,상시,정읍시 시설관리사업소,2022-12-14
전라북도 정읍시 시기동 512-12(2통 모정 옆),"양팔줄당기기, 허리돌리기, 상체근육풀기",3,2018,상시,정읍시 시설관리사업소,2022-12-14
전라북도 정읍시 시기동 141-3(아양경로당 앞),"허리돌리기, 하체근육풀기, 어깨유연성운동",3,2010,상시,정읍시 시설관리사업소,2022-12-14
전라북도 정읍시 시기동 451-24,"허리돌리기+양팔줄당기기, 오금펴기+역기올리기",2,2022,상시,정읍시 시설관리사업소,2022-12-14
전라북도 정읍시 시기동 558-46(효자마을 정자 옆),"트위스트, 스카이워킹, 등배지앞기, 양팔줄당기기, 터닝암, 역기내리기+오금펴기",6,2008,상시,정읍시 시설관리사업소,2022-12-14
전라북도 정읍시 시기동 1-1(시영연립 단지내뒤),"양팔줄당기기, 트위스트, 윗몸일으키기, 등허리펴기",4,2009,상시,정읍시 시설관리사업소,2022-12-14
전라북도 정읍시 시기동 13(시기주공아파트 관리실 옆),"싸이클+등허리지압기, 하늘걷기,상체근육풀기",3,2019,상시,정읍시 시설관리사업소,2022-12-14
전라북도 정읍시 시기동811-1(당현모정광장 내),"터닝암, 어깨풀기, 트위스트, 양팔줄당기기, 스카이워킹",5,2016,상시,정읍시 시설관리사업소,2022-12-14
전라북도 정읍시 시기동112-7(영화@놀이터내),"터닝암, 물결타기",2,2009,상시,정읍시 시설관리사업소,2022-12-14
전라북도 정읍시 시기동480-3(신기메이플 관리사무소 옆),허리돌리기,1,2009,상시,정읍시 시설관리사업소,2022-12-14
전라북도 정읍시 시기동13 시기주공(시기주공아파트 104동 쉼터 옆),"트위스트, 등허리굽히기",2,2009,상시,정읍시 시설관리사업소,2022-12-14
전라북도 정읍시 시기동523 유창1차@(경로당 앞),"양팔줄당기기, 온몸근육풀기, 하늘걷기",3,,상시,정읍시 시설관리사업소,2022-12-14
전라북도 정읍시 시기동100 센트럴카운티(관리사무소옆),"양팔줄당기기, 스카이워킹, 트위스트",3,2009,상시,정읍시 시설관리사업소,2022-12-14
전라북도 정읍시 시기동13 시기주공@(시기주공아파트 관리실 옆),"양팔줄당기기, 트위스트, 트위스트2, 등허리지압기",4,2014,상시,정읍시 시설관리사업소,2022-12-14
전라북도 정읍시 시기동 1012 양우내안애(나래 어린이집앞),"허리돌리기, 상체근육풀기, 역기내리기",3,,상시,정읍시 시설관리사업소,2022-12-14
전라북도 정읍시 시기동 1012 양우내안애(102동 뒷편),"공중하늘걷기, 온몸역기올리기, 가로하늘타기, 어깨유연성운동",4,2009,상시,정읍시 시설관리사업소,2022-12-14
전라북도 정읍시 시기동 506-14 시기현대@(남자경로당),"상체근육풀기, 허리돌리기, 오금펴기+역기올리기",3,2016,상시,정읍시 시설관리사업소,2022-12-14
전라북도 정읍시 시기동 506-14 시기현대@(남자경로당),"공중걷기+사이클, 등허리지압기",2,2017,상시,정읍시 시설관리사업소,2022-12-14
전라북도 정읍시 시기동 506-14 시기현대@(남자경로당),달리기+윗몸일으키기,1,2021,상시,정읍시 시설관리사업소,2022-12-14
전라북도 정읍시 시기동 480-3(신기메이플 관리사무소 옆),"역기올리기+오금펴기, 허리돌리기+등허리지압기",2,2017,상시,정읍시 시설관리사업소,2022-12-14
전라북도 정읍시 시기동 480-3(신기메이플 관리사무소 옆),상체근육풀기,1,2019,상시,정읍시 시설관리사업소,2022-12-14
전라북도 정읍시 시기동490-1(놀이터),"상체근육풀기, 오금펴기, 등허리지압기",3,2018,상시,정읍시 시설관리사업소,2022-12-14
전라북도 정읍시 시기동490-1(놀이터),"하늘걷기+싸이클, 허리돌리기, 양팔줄당기기",3,2019,상시,정읍시 시설관리사업소,2022-12-14
전라북도 정읍시 시기동 1012(105동),"상체근육풀기,허리돌리기",2,2018,상시,정읍시 시설관리사업소,2022-12-14
전라북도 정읍시 시기1길 22 (센트럴카운티 아파트 모정 옆),역기내리기+오금펴기,1,2020,상시,정읍시 시설관리사업소,2022-12-14
전라북도 정읍시 시기동 558-46(7통 모정 옆),"달리기+싸이클, 거꾸로매달리기",2,2020,상시,정읍시 시설관리사업소,2022-12-14
전라북도 정읍시 연지동253-1(큰샘어린이집 앞),"양팔줄당기기, 트윈트위스",2,2013,상시,정읍시 시설관리사업소,2022-12-14
전라북도 정읍시 연지3길 86(경로당 앞),"파도타기,공중걷기, 다리마사지기, 자전거타기",4,2019,상시,정읍시 시설관리사업소,2022-12-14
전라북도 정읍시 연지동 292-8(포켓공원),"로프당기기, 하늘걷기, 허리돌리기, 파도타기, 실외걷기",5,,상시,정읍시 시설관리사업소,2022-12-14
전라북도 정읍시 연지동 518-20(연지2통경로당 앞),"양팔 로프당기기+어깨 유연성운동, 허리돌리기",2,2022,상시,정읍시 시설관리사업소,2022-12-14
전라북도 정읍시 연지동191-1,"크로스컨츄리, 상체근육풀기, 롤링웨이스트, 양팔줄당기기, 트리플트위스트",5,2014,상시,정읍시 시설관리사업소,2022-12-14
전라북도 정읍시 연지동140-1(대실 모정),"파도타기, 오금펴기, 허리돌리기, 상체근육풀기, 실외걷기",5,2014,상시,정읍시 시설관리사업소,2022-12-14
전라북도 정읍시 연지동65-6(동부경로당),"로프당기기, 실외걷기, 다리뻗기, 파도타기, 상체근육풀기",6,2010,상시,정읍시 시설관리사업소,2022-12-14
전라북도 정읍시 연지동48-9(현대연립내),"허리돌리기, 하늘걷기, 실외걷기, 로프당기기",4,2014,상시,정읍시 시설관리사업소,2022-12-14
전라북도 정읍시 연지동33-25(포켓공원),"허리돌리기, 실외걷기, 로프당기기, 트위스트, 상체근육풀기",5,2009,상시,정읍시 시설관리사업소,2022-12-14
전라북도 정읍시 연지동21-84(죽림),"허리돌리기, 실외걷기, 로프당기기, 상체근육풀기",4,2013,상시,정읍시 시설관리사업소,2022-12-14
전라북도 정읍시 연지동302-5(신흥단풍@내),"허리돌리기, 파도타기, 상체근육풀기",3,2013,상시,정읍시 시설관리사업소,2022-12-14
전라북도 정읍시 연지동49-33(터미널택시승강장),"허리돌리기, 양팔로프당기기",2,2016,상시,정읍시 시설관리사업소,2022-12-14
전라북도 정읍시 연지동 도 343-33(정읍역택시승강장 앞),"양팔로프당기기, 허리돌리기",2,2017,상시,정읍시 시설관리사업소,2022-12-14
전라북도 정읍시 연지시장2길 20 (5통 서부여성경로당 앞),"상체근육풀기+양팔줄당기기, 하늘걷기+허리돌리기",2,2020,상시,정읍시 시설관리사업소,2022-12-14
전라북도 정읍시 연지동 16통 대실우수저류시설 옆 포켓공원,"3단 철봉, 윗몸일으키기",2,2020,상시,정읍시 시설관리사업소,2022-12-14
전라북도 정읍시 연지시장2길 20 (5통 서부여성경로당 앞),"등허리지압기+달리기, 윗몸일으키기",2,2021,상시,정읍시 시설관리사업소,2022-12-14
전라북도 정읍시 공평동 284-18(마을공터),"허리돌리기, 상체근육풀기, 윗몸일으키기, 팔굽혀펴기, 허리운동기구, 양팔줄당기기",6,2004,상시,정읍시 시설관리사업소,2022-12-14
전라북도 정읍시 공평동 284-19(마을공터),"물결타기+하늘걷기, 어깨유연성운동+상체근육풀기",2,2022,상시,정읍시 시설관리사업소,2022-12-14
전라북도 정읍시 농소동 1520 주공@(마을공터),"공중걷기, 파도타기, 허리돌리기, 상체근육풀기, 윗몸일으키기, 노젓기, 양팔줄달리기",7,2008,상시,정읍시 시설관리사업소,2022-12-14
전라북도 정읍시 농소동 1520 주공@마을공터,"등허리지압기, 역기내리기",2,2015,상시,정읍시 시설관리사업소,2022-12-14
전라북도 정읍시 복룡길 57마을공터,"공중걷기, 윗몸일으키기",2,2008,상시,정읍시 시설관리사업소,2022-12-14
전라북도 정읍시 망제동104-15,"허리돌리기, 하늘걷기, 양팔줄당기기",3,2002,상시,정읍시 시설관리사업소,2022-12-14
전라북도 정읍시 용계동489-1(마을공터),양팔줄당기기,1,2004,상시,정읍시 시설관리사업소,2022-12-14
전라북도 정읍시 용계동 791-17(마을회관),"공중걷기+두팔노젓기, 다리뻗치기+등지압기",2,2019,상시,정읍시 시설관리사업소,2022-12-14
전라북도 정읍시 망제동417,허리돌리기,1,2009,상시,정읍시 시설관리사업소,2022-12-14
전라북도 정읍시 충정로531-3(목련2차),"허리돌리기, 양팔줄당기기",2,2010,상시,정읍시 시설관리사업소,2022-12-14
전라북도 정읍시 농소동49-100(효죽마을 모정 옆),"상체근육풀기, 허리돌리기, 양팔줄당기기",3,2015,상시,정읍시 시설관리사업소,2022-12-14
전라북도 정읍시 흑암동235-2,"양팔줄당기기, 허리돌리기, 어깨근육풀기",3,2015,상시,정읍시 시설관리사업소,2022-12-14
전라북도 정읍시 용계동157-4,"허리돌리기, 상체근육풀기",2,2002,상시,정읍시 시설관리사업소,2022-12-14
전라북도 정읍시 현암1길 34-2(경로당),"양팔줄당기기, 허리돌리기, 상체근육풀기",3,2016,상시,정읍시 시설관리사업소,2022-12-14
전라북도 정읍시 흑암동 528-1 (신흥마을 회관 앞),"허리돌리기, 양팔줄당기기+하늘걷기",2,2020,상시,정읍시 시설관리사업소,2022-12-14
전라북도 정읍시 용계동 63-6 (구암마을 회관 앞),"큰활차머신+파도타기, 양팔줄당기기+자전거타기",2,2020,상시,정읍시 시설관리사업소,2022-12-14
전라북도 정읍시 농소동 1222-1(기산마을 회관 앞),"상체근육풀기+양팔줄당기기,파도타기+허리돌리기",2,2020,상시,정읍시 시설관리사업소,2022-12-14
전라북도 정읍시 공평동 115-7(목련아파트 마을 회관 앞),"큰활차머신+허리돌리기,다리뻗치기+파도타기",2,2020,상시,정읍시 시설관리사업소,2022-12-14
전라북도 정읍시 공평동 586(공평마을 회관 앞),"파도타기+공중걷기,큰활차머신+허리돌리기",2,2020,상시,정읍시 시설관리사업소,2022-12-14
전라북도 정읍시 농소동 33-45 일원(효죽마을 회관 앞),"다리뻗치기+달리기운동, 윗몸일으키기",2,2020,상시,정읍시 시설관리사업소,2022-12-14
전라북도 정읍시 망제동 403-1,"양팔줄당기기+허리돌리기,싸이클+어깨유연성운동",2,2022,상시,정읍시 시설관리사업소,2022-12-14
전라북도 정읍시 영파동 83-8 일원(가곡마을 회관 앞),"양팔줄당기기+상체근육풀기, 공중걷기",2,2020,상시,정읍시 시설관리사업소,2022-12-14
전라북도 정읍시 신월동683,"상체근육풀기, 허리 돌리기, 거꾸로매달리기",3,2011,상시,정읍시 시설관리사업소,2022-12-14
전라북도 정읍시 상평동 102-9(신흥장미1차@),"양팔로프당기기, 허리돌리기, 턱걸이, 상체근풀기",4,2010,상시,정읍시 시설관리사업소,2022-12-14
전라북도 정읍시 교암동458-1,"상체근육풀기,  양팔로프당기기, 허리 돌리기",4,2012,상시,정읍시 시설관리사업소,2022-12-14
전라북도 정읍시 삼산동 747-1,"상체근육풀기, 허리돌리기",2,2011,상시,정읍시 시설관리사업소,2022-12-14
전라북도 정읍시 하모동 417-4(경로당),"양팔로프당기기, 허리 돌리기,하늘걷기",3,2013,상시,정읍시 시설관리사업소,2022-12-14
전라북도 정읍시 진산동 355(경로당),"등허리지압기, 양팔로프당기기",1,2016,상시,정읍시 시설관리사업소,2022-12-14
전라북도 정읍시 용산동 422-1(경로당),"양팔로프당기기, 파도타기, 허리돌리기",3,2016,상시,정읍시 시설관리사업소,2022-12-14
전라북도 정읍시 상평동 97-4(신흥장미2차@),"양팔로프당기기, 허리돌리기, 파도타기",3,2016,상시,정읍시 시설관리사업소,2022-12-14
전라북도 정읍시 상평동 97-4(신흥장미2차@),"달리기+하늘걷기,거꾸로매달리기",2,2019,상시,정읍시 시설관리사업소,2022-12-14
전라북도 정읍시 과교동377(모정),"상체근육풀기, 양팔로프당기기, 허리돌리기",3,2016,상시,정읍시 시설관리사업소,2022-12-14
전라북도 정읍시 신정동1456-1(마을뒤),"윗몸일르키기, 허리돌리기, 공중걷기,오금펴기,자전거타기,파도타기",2,2012,상시,정읍시 시설관리사업소,2022-12-14
전라북도 정읍시 신정동575-2(마을입구 버스정류장 맞은편),"오금펴기, 파도타기, 공중걷기, 자전거타기",4,2012,상시,정읍시 시설관리사업소,2022-12-14
전라북도 정읍시 진산동 106-1(삼군마을 당산나무),"양팔로프당기기, 허리돌리기",3,2017,상시,정읍시 시설관리사업소,2022-12-14
전라북도 정읍시 진산1길 31(진산경로당),"양팔로프당기기, 등지압기",2,2017,상시,정읍시 시설관리사업소,2022-12-14
전라북도 정읍시 신월동 647-5(모정옆),"달리기, 상체근육풀기+허리돌리기, 파도타기",3,2017,상시,정읍시 시설관리사업소,2022-12-14
전라북도 정읍시 과교동 351(마을회관),"하늘걷기+허리돌리기, 양팔로프당기기",2,2018,상시,정읍시 시설관리사업소,2022-12-14
전라북도 정읍시 과교동 130-3(마을회관),"하늘걷기+허리돌리기, 양팔로프당기기",2,2018,상시,정읍시 시설관리사업소,2022-12-14
전라북도 정읍시 상교동산 15-10(필야정),"허리돌리기+ 상체근육풀기, 오금펴기+상체근육운동기, 위몸일르키기,철봉,거꼬로매달리기",2,2018,상시,정읍시 시설관리사업소,2022-12-14
전라북도 정읍시 상평동 400-5(마을회관),"하늘걷기+허리돌리기,양팔로프당기기",2,2018,상시,정읍시 시설관리사업소,2022-12-14
전라북도 정읍시 상평동 77-6(마을회관),"하늘걷기+허리돌리기,양팔로프당기기",2,2018,상시,정읍시 시설관리사업소,2022-12-14
전라북도 정읍시 신정동 691-1(마을회관),"하늘걷기+허리돌리기,양팔로프당기기",2,2018,상시,정읍시 시설관리사업소,2022-12-14
전라북도 정읍시 원상평길 18(마을회관),"하늘걷기+허리돌리기, 줄당기기+상체근육풀기",2,2019,상시,정읍시 시설관리사업소,2022-12-14
전라북도 정읍시 백학2길 115(마을회관),"싸이클+달리기,하늘걷기+등허리지압기",2,2019,상시,정읍시 시설관리사업소,2022-12-14
전라북도 정읍시 용산동 788-7,"허리돌리기+하늘걷기, 줄당기기+상체근육풀기",2,2019,상시,정읍시 시설관리사업소,2022-12-14
전라북도 정읍시 신정동 1469-3(경로당),"허리돌리기+하늘걷기, 줄당기기+상체근육풀기",2,2019,상시,정읍시 시설관리사업소,2022-12-14
전라북도 정읍시 삼산동 938-15 (신구마을 모정 옆),"상체근육풀기+양팔줄당기기, 등허리지압기, 싸이클+허리돌리기",3,2020,상시,정읍시 시설관리사업소,2022-12-14
전라북도 정읍시 신정동 564-3 (전지마을 경로당 옆),"상체근육풀기+양팔줄당기기, 등허리지압기, 싸이클+허리돌리기",3,2020,상시,정읍시 시설관리사업소,2022-12-14
전라북도 정읍시 상평동 795-1(향지마을 모정 옆),"상체근육풀기+양팡줄당기기, 등허리지압기, 싸이클+허리돌리기",3,2020,상시,정읍시 시설관리사업소,2022-12-14
전라북도 정읍시 상평동 927-1(칠정1마을 진입로 앞),"상체근육풀기+양팔줄당기기, 등허리지압기, 싸이클+허리돌리기",3,2020,상시,정읍시 시설관리사업소,2022-12-14
전라북도 정읍시 교암동 652-6(조월마을 모정 앞),"달리기+허리돌리기, 양팔줄당기기+싸이클",2,2020,상시,정읍시 시설관리사업소,2022-12-14
전라북도 정읍시 신정동 1454(신정마을 경로당 앞),"역기내리기+허리돌리기, 상체근육풀기+줄당기기",2,2020,상시,정읍시 시설관리사업소,2022-12-14
전라북도 정읍시 신정동 813-2(금구마을 모정 앞),"상체근육풀기+양팔줄당기기, 등허리지압기, 싸이클+허리돌리기",3,2020,상시,정읍시 시설관리사업소,2022-12-14
전라북도 정읍시 용신길73(신기마을모정옆),"허리돌리기+상체근육풀기, 양팔로프당기기+어깨유연성",2,2022,상시,정읍시 시설관리사업소,2022-12-14
전라북도 정읍시 삼산동927(내동마을회관앞),"양팔줄당기기+싸이클, 큰활차머신+허리돌리기",2,2022,상시,정읍시 시설관리사업소,2022-12-14
전라북도 정읍시 유성길61(음성마을모정옆),"양팔로프당기기+하늘걷기, 어깨유연성+상체근육풀기",2,2022,상시,정읍시 시설관리사업소,2022-12-14
전라북도 정읍시 석고길31(석고모정 옆),"로프당기기+어깨유연성, 상체근욱풀기+물결타기",2,2022,상시,정읍시 시설관리사업소,2022-12-14
전라북도 정읍시 신성길161(신성경로당앞),"로프당기기+어깨유연성, 허리돌리기+물결타기",2,2022,상시,정읍시 시설관리사업소,2022-12-14
전라북도 정읍시 신우길(산재마을회관앞),"앙팔로프당기기+어깨유연성, 허리돌리기",2,2022,상시,정읍시 시설관리사업소,2022-12-14
