시도명,시군구명,설치장소,주소,행정동명,운동기구명,수량,관리부서,관리부서연락처,설치년도,데이터기준
대구광역시,수성구,매호천,시지로 3길,시지동,윗몸일으키기,1,건설과,053-666-2995,2018,2023-04-12
대구광역시,수성구,매호천,시지로 3길,시지동,파도타기+역기올리기,1,건설과,053-666-2995,2018,2023-04-12
대구광역시,수성구,매호천,시지로 3길,시지동,노젓기운동+허리돌리기,1,건설과,053-666-2995,2018,2023-04-12
대구광역시,수성구,매호천,시지로 3길,시지동,등허리근육풀기,1,건설과,053-666-2995,2018,2023-04-12
대구광역시,수성구,구민운동장,동대구로50길 121-7,범어1동,평행봉,1,체육진흥과,053-666-2194,2019,2023-04-12
대구광역시,수성구,구민운동장,동대구로50길 121-7,범어1동,다리로밀기,1,체육진흥과,053-666-2194,2019,2023-04-12
대구광역시,수성구,구민운동장,동대구로50길 121-7,범어1동,다리근육풀기,1,체육진흥과,053-666-2194,2019,2023-04-12
대구광역시,수성구,구민운동장,동대구로50길 121-7,범어1동,윗몸일으키기,1,체육진흥과,053-666-2194,2019,2023-04-12
대구광역시,수성구,구민운동장,동대구로50길 121-7,범어1동,공중걷기,1,체육진흥과,053-666-2194,2019,2023-04-12
대구광역시,수성구,구민운동장,동대구로50길 121-7,범어1동,달리기운동,1,체육진흥과,053-666-2194,2019,2023-04-12
대구광역시,수성구,구민운동장,동대구로50길 121-7,범어1동,허리돌리기,1,체육진흥과,053-666-2194,2019,2023-04-12
대구광역시,수성구,구민운동장,동대구로50길 121-7,범어1동,등허리지압기,1,체육진흥과,053-666-2194,2019,2023-04-12
대구광역시,수성구,구민운동장,동대구로50길 121-7,범어1동,두팔노젖기,2,체육진흥과,053-666-2194,2019,2023-04-12
대구광역시,수성구,구민운동장,동대구로50길 121-7,범어1동,자전거타기,1,체육진흥과,053-666-2194,2019,2023-04-12
대구광역시,수성구,구민운동장,동대구로50길 121-7,범어1동,파도타기,1,체육진흥과,053-666-2194,2019,2023-04-12
대구광역시,수성구,구민운동장,동대구로50길 121-7,범어1동,큰활차머신양팔줄당기기,1,체육진흥과,053-666-2194,2019,2023-04-12
대구광역시,수성구,구민운동장,동대구로50길 121-7,범어1동,역기내리기,1,체육진흥과,053-666-2194,2019,2023-04-12
대구광역시,수성구,구민운동장,동대구로50길 121-7,범어1동,달리기운동,1,체육진흥과,053-666-2194,2019,2023-04-12
대구광역시,수성구,구민운동장,동대구로50길 121-7,범어1동,작은활차머신,1,체육진흥과,053-666-2194,2019,2023-04-12
대구광역시,수성구,구민운동장,동대구로50길 121-7,범어1동,역기올리기,1,체육진흥과,053-666-2194,2019,2023-04-12
대구광역시,수성구,구민운동장,동대구로50길 121-7,범어1동,등허리지압기,1,체육진흥과,053-666-2194,2019,2023-04-12
대구광역시,수성구,구민운동장,동대구로50길 121-7,범어1동,허리돌기기,1,체육진흥과,053-666-2194,2019,2023-04-12
대구광역시,수성구,구민운동장,동대구로50길 121-7,범어1동,거꾸로매달리기,1,체육진흥과,053-666-2194,2019,2023-04-12
대구광역시,수성구,구민운동장,동대구로50길 121-7,범어1동,클활차머신,1,체육진흥과,053-666-2194,2019,2023-04-12
대구광역시,수성구,구민운동장,동대구로50길 121-7,범어1동,파도타기,1,체육진흥과,053-666-2194,2019,2023-04-12
대구광역시,수성구,구민운동장,동대구로50길 121-7,범어1동,자전거타기,1,체육진흥과,053-666-2194,2019,2023-04-12
대구광역시,수성구,구민운동장,동대구로50길 121-7,범어1동,두팔노젖기,1,체육진흥과,053-666-2194,2019,2023-04-12
대구광역시,수성구,구민운동장,동대구로50길 121-7,범어1동,3단철봉(구형),1,체육진흥과,053-666-2194,2019,2023-04-12
대구광역시,수성구,구민운동장,동대구로50길 121-7,범어1동,평행봉(구형),1,체육진흥과,053-666-2194,2019,2023-04-12
대구광역시,수성구,동문고교,효행로 17,만촌1동,트윈바디싵업,1,체육진흥과,053-666-2194,2007,2023-04-12
대구광역시,수성구,동문고교,효행로 17,만촌1동,레그프레스,1,체육진흥과,053-666-2194,2007,2023-04-12
대구광역시,수성구,동문고교,효행로 17,만촌1동,스텝싸이클,1,체육진흥과,053-666-2194,2007,2023-04-12
대구광역시,수성구,동문고교,효행로 17,만촌1동,스트레칭로라,1,체육진흥과,053-666-2194,2007,2023-04-12
대구광역시,수성구,동문고교,효행로 17,만촌1동,워밍암,1,체육진흥과,053-666-2194,2007,2023-04-12
대구광역시,수성구,동문고교,효행로 17,만촌1동,롤링웨이스트,1,체육진흥과,053-666-2194,2007,2023-04-12
대구광역시,수성구,동문고교,효행로 17,만촌1동,크로스컨트리,1,체육진흥과,053-666-2194,2007,2023-04-12
대구광역시,수성구,동문고교,효행로 17,만촌1동,트윈트위스트,1,체육진흥과,053-666-2194,2007,2023-04-12
대구광역시,수성구,동문고교,효행로 17,만촌1동,평행봉(구형),1,체육진흥과,053-666-2194,2007,2023-04-12
대구광역시,수성구,수성대학교 후문,달구벌대로522길 97-7,만촌3동,작은활차+큰활차,1,체육진흥과,053-666-2194,2020,2023-04-12
대구광역시,수성구,수성대학교 후문,달구벌대로522길 97-7,만촌3동,등허리지압기,1,체육진흥과,053-666-2194,2020,2023-04-12
대구광역시,수성구,수성대학교 후문,달구벌대로522길 97-7,만촌3동,파도타기+허리돌리기,1,체육진흥과,053-666-2194,2020,2023-04-12
대구광역시,수성구,수성대학교 후문,달구벌대로522길 97-7,만촌3동,공중걷기+달리기,1,체육진흥과,053-666-2194,2020,2023-04-12
대구광역시,수성구,수성대학교 후문,달구벌대로522길 97-7,만촌3동,2단철봉,1,체육진흥과,053-666-2194,2021,2023-04-12
대구광역시,수성구,수성대학교 후문,달구벌대로522길 97-7,만촌3동,아래로당기기,1,체육진흥과,053-666-2194,2022,2023-04-12
대구광역시,수성구,삼익아파트,신천동로 278,수성1가,허리돌리기,1,체육진흥과,053-666-2194,2021,2023-04-12
대구광역시,수성구,삼익아파트,신천동로 278,수성1가,허리마사지,1,체육진흥과,053-666-2194,2021,2023-04-12
대구광역시,수성구,삼익아파트,신천동로 278,수성1가,가로하늘타기,1,체육진흥과,053-666-2194,2021,2023-04-12
대구광역시,수성구,삼익아파트,신천동로 278,수성1가,큰활차,1,체육진흥과,053-666-2194,2021,2023-04-12
대구광역시,수성구,삼익아파트,신천동로 278,수성1가,달리기,2,체육진흥과,053-666-2194,2021,2023-04-12
대구광역시,수성구,삼익아파트,신천동로 278,수성1가,하늘걷기,2,체육진흥과,053-666-2194,2021,2023-04-12
대구광역시,수성구,삼익아파트,신천동로 278,수성1가,말타기+윗몸일으키기,1,체육진흥과,053-666-2194,2021,2023-04-12
대구광역시,수성구,삼익아파트,신천동로 278,수성1가,거꾸로매달리기,1,체육진흥과,053-666-2194,2021,2023-04-12
대구광역시,수성구,삼익아파트,신천동로 278,수성1가,앉아당기기+앉아밀어주기,1,체육진흥과,053-666-2194,2021,2023-04-12
대구광역시,수성구,삼익아파트,신천동로 278,수성1가,앉아밀기,1,체육진흥과,053-666-2194,2021,2023-04-12
대구광역시,수성구,남산고,신천동로 364,수성1가,앉아밀기,1,체육진흥과,053-666-2194,2021,2023-04-12
대구광역시,수성구,남산고,신천동로 364,수성1가,자전거타기,1,체육진흥과,053-666-2194,2021,2023-04-12
대구광역시,수성구,남산고,신천동로 364,수성1가,팔관절+원그리기,1,체육진흥과,053-666-2194,2021,2023-04-12
대구광역시,수성구,남산고,신천동로 364,수성1가,앉아당기기+앉아밀어주기,1,체육진흥과,053-666-2194,2021,2023-04-12
대구광역시,수성구,대구교육청,수성로76길 11,"수성2,3가",허리돌리기,1,체육진흥과,053-666-2194,2021,2023-04-12
대구광역시,수성구,대구교육청,수성로76길 11,"수성2,3가",공중걷기,1,체육진흥과,053-666-2194,2021,2023-04-12
대구광역시,수성구,대구교육청,수성로76길 11,"수성2,3가",하체흔들기,1,체육진흥과,053-666-2194,2021,2023-04-12
대구광역시,수성구,수성4가동경로당,범어천로 151,수성4가,등허리지압기,1,체육진흥과,053-666-2194,2015,2023-04-12
대구광역시,수성구,수성4가동경로당,범어천로 151,수성4가,온몸근육풀기+하체흔들기,1,체육진흥과,053-666-2194,2015,2023-04-12
대구광역시,수성구,수성4가동경로당,범어천로 151,수성4가,허리돌리기+공중걷기,1,체육진흥과,053-666-2194,2015,2023-04-12
대구광역시,수성구,수성4가 동네체육시설(삼수장어 앞),수성동4가 1291-1,수성4가,하늘걷기,1,체육진흥과,053-666-2194,2019,2023-04-12
대구광역시,수성구,수성4가 동네체육시설(삼수장어 앞),수성동4가 1291-1,수성4가,다리뻗치기,1,체육진흥과,053-666-2194,2019,2023-04-12
대구광역시,수성구,수성4가 동네체육시설(삼수장어 앞),수성동4가 1291-1,수성4가,달리기운동,1,체육진흥과,053-666-2194,2019,2023-04-12
대구광역시,수성구,수성4가 동네체육시설(삼수장어 앞),수성동4가 1291-1,수성4가,허리돌리기,1,체육진흥과,053-666-2194,2019,2023-04-12
대구광역시,수성구,수성4가 동네체육시설(삼수장어 앞),수성동4가 1291-1,수성4가,옆파도타기,1,체육진흥과,053-666-2194,2019,2023-04-12
대구광역시,수성구,수성4가 동네체육시설(삼수장어 앞),수성동4가 1291-1,수성4가,큰활차머신,1,체육진흥과,053-666-2194,2019,2023-04-12
대구광역시,수성구,수성4가 동네체육시설(삼수장어 앞),수성동4가 1291-1,수성4가,크로스컨트리,1,체육진흥과,053-666-2194,2019,2023-04-12
대구광역시,수성구,수성4가 동네체육시설(삼수장어 앞),수성동4가 1291-1,수성4가,윗몸일으키기,1,체육진흥과,053-666-2194,2019,2023-04-12
대구광역시,수성구,수성4가 동네체육시설(삼수장어 앞),수성동4가 1291-1,수성4가,다리마사지기,1,체육진흥과,053-666-2194,2019,2023-04-12
대구광역시,수성구,수성4가 동네체육시설(삼수장어 앞),수성동4가 1291-1,수성4가,허벅지근육풀기,1,체육진흥과,053-666-2194,2019,2023-04-12
대구광역시,수성구,수성4가 동네체육시설(삼수장어 앞),수성동4가 1291-1,수성4가,양팔당기기,1,체육진흥과,053-666-2194,2022,2023-04-12
대구광역시,수성구,수성4가 동네체육시설(삼수장어 앞),수성동4가 1291-1,수성4가,역기올리기내리기,1,체육진흥과,053-666-2194,2022,2023-04-12
대구광역시,수성구,수성4가 동네체육시설(삼수장어 앞),수성동4가 1291-1,수성4가,입식자전거좌식자전거,1,체육진흥과,053-666-2194,2022,2023-04-12
대구광역시,수성구,수성4가 동네체육시설(삼수장어 앞),수성동4가 1291-1,수성4가,작은활차머신,1,체육진흥과,053-666-2194,2022,2023-04-12
대구광역시,수성구,황금꽃길,황금동 562,황금1동,역기(구형),1,체육진흥과,053-666-2194,2002,2023-04-12
대구광역시,수성구,황금꽃길,황금동 562,황금1동,허리돌리기(구형),2,체육진흥과,053-666-2194,2002,2023-04-12
대구광역시,수성구,황금꽃길,황금동 562,황금1동,다리뻗치기,1,체육진흥과,053-666-2194,2007,2023-04-12
대구광역시,수성구,황금꽃길,황금동 562,황금1동,온몸허리돌리기,1,체육진흥과,053-666-2194,2007,2023-04-12
대구광역시,수성구,황금꽃길,황금동 562,황금1동,윗몸일으키기,1,체육진흥과,053-666-2194,2007,2023-04-12
대구광역시,수성구,청소년수련관,청수로45길 100,황금1동,트윈트위스트,1,체육진흥과,053-666-2194,2009,2023-04-12
대구광역시,수성구,청소년수련관,청수로45길 100,황금1동,크로스컨트리,1,체육진흥과,053-666-2194,2009,2023-04-12
대구광역시,수성구,청소년수련관,청수로45길 100,황금1동,달리기,1,체육진흥과,053-666-2194,2019,2023-04-12
대구광역시,수성구,청소년수련관,청수로45길 100,황금1동,말타기,1,체육진흥과,053-666-2194,2019,2023-04-12
대구광역시,수성구,청소년수련관,청수로45길 100,황금1동,어깨근육풀기,1,체육진흥과,053-666-2194,2019,2023-04-12
대구광역시,수성구,청소년수련관,청수로45길 100,황금1동,하체흔들기,1,체육진흥과,053-666-2194,2019,2023-04-12
대구광역시,수성구,청소년수련관,청수로45길 100,황금1동,윗몸일으키기(구형),1,체육진흥과,053-666-2194,2019,2023-04-12
대구광역시,수성구,청소년수련관,청수로45길 100,황금1동,3단철봉(구형),1,체육진흥과,053-666-2194,2019,2023-04-12
대구광역시,수성구,황금3주공장미공원,황금동 965,황금1동,큰활차,1,체육진흥과,053-666-2194,2023,2023-04-12
대구광역시,수성구,황금3주공장미공원,황금동 965,황금1동,허리돌리기,1,체육진흥과,053-666-2194,2023,2023-04-12
대구광역시,수성구,황금3주공장미공원,황금동 965,황금1동,하늘걷기,1,체육진흥과,053-666-2194,2023,2023-04-12
대구광역시,수성구,수성소방서,청호로 87,범물1동,앉아밀기,1,체육진흥과,053-666-2194,2021,2023-04-12
대구광역시,수성구,수성소방서,청호로 87,범물1동,2단철봉,1,체육진흥과,053-666-2194,2021,2023-04-12
대구광역시,수성구,수성소방서,청호로 87,범물1동,평행봉,1,체육진흥과,053-666-2194,2021,2023-04-12
대구광역시,수성구,화성양로원,신천동로 73,상동,온몸근육풀기,1,체육진흥과,053-666-2194,2019,2023-04-12
대구광역시,수성구,화성양로원,신천동로 73,상동,공중걷기,1,체육진흥과,053-666-2194,2019,2023-04-12
대구광역시,수성구,화성양로원,신천동로 73,상동,허리돌리기,1,체육진흥과,053-666-2194,2019,2023-04-12
대구광역시,수성구,화성양로원,신천동로 73,상동,아래로당기기,1,체육진흥과,053-666-2194,2019,2023-04-12
대구광역시,수성구,화성양로원,신천동로 73,상동,하체흔들기,1,체육진흥과,053-666-2194,2019,2023-04-12
대구광역시,수성구,화성양로원,신천동로 73,상동,윗몸일으키기,1,체육진흥과,053-666-2194,2019,2023-04-12
대구광역시,수성구,상동교 옆 신천변(타이어테크 뒤편),상동 667-53,상동,허리돌리기,1,체육진흥과,053-666-2194,2010,2023-04-12
대구광역시,수성구,상동교 옆 신천변(타이어테크 뒤편),상동 667-53,상동,파도타기,1,체육진흥과,053-666-2194,2010,2023-04-12
대구광역시,수성구,상동교 옆 신천변(타이어테크 뒤편),상동 667-53,상동,달리기운동,1,체육진흥과,053-666-2194,2010,2023-04-12
대구광역시,수성구,상동교 옆 신천변(타이어테크 뒤편),상동 667-53,상동,평행봉,1,체육진흥과,053-666-2194,2010,2023-04-12
대구광역시,수성구,상동교 옆 신천변(타이어테크 뒤편),상동 667-53,상동,상체근육풀기,1,체육진흥과,053-666-2194,2010,2023-04-12
대구광역시,수성구,상동교 옆 신천변(타이어테크 뒤편),상동 667-53,상동,2단철봉,1,체육진흥과,053-666-2194,2010,2023-04-12
대구광역시,수성구,상동교 옆 신천변(타이어테크 뒤편),상동 667-53,상동,등허리지압기,1,체육진흥과,053-666-2194,2010,2023-04-12
대구광역시,수성구,상동교 옆 신천변(타이어테크 뒤편),상동 667-53,상동,어깨유연성운동,1,체육진흥과,053-666-2194,2010,2023-04-12
대구광역시,수성구,대영빌라 천변(청룡사 앞),파동로3길 28,파동,레그프레스,1,체육진흥과,053-666-2194,2021,2023-04-12
대구광역시,수성구,대영빌라 천변(청룡사 앞),파동로3길 28,파동,크로스컨트리,1,체육진흥과,053-666-2194,2021,2023-04-12
대구광역시,수성구,대영빌라 천변(청룡사 앞),파동로3길 28,파동,스텝싸이클,1,체육진흥과,053-666-2194,2021,2023-04-12
대구광역시,수성구,대영빌라 천변(청룡사 앞),파동로3길 28,파동,옆파도타기,1,체육진흥과,053-666-2194,2021,2023-04-12
대구광역시,수성구,대영빌라 천변(청룡사 앞),파동로3길 28,파동,온몸허리돌리기,1,체육진흥과,053-666-2194,2021,2023-04-12
대구광역시,수성구,대영빌라 천변(청룡사 앞),파동로3길 28,파동,윗몸일으키기,1,체육진흥과,053-666-2194,2021,2023-04-12
대구광역시,수성구,대영빌라 천변(청룡사 앞),파동로3길 28,파동,온몸근육풀기,1,체육진흥과,053-666-2194,2021,2023-04-12
대구광역시,수성구,태왕리더스,파동로 105,파동,워밍암,1,체육진흥과,053-666-2194,2009,2023-04-12
대구광역시,수성구,태왕리더스,파동로 105,파동,트윈바디싵업,1,체육진흥과,053-666-2194,2009,2023-04-12
대구광역시,수성구,태왕리더스,파동로 105,파동,스텝싸이클,1,체육진흥과,053-666-2194,2009,2023-04-12
대구광역시,수성구,태왕리더스,파동로 105,파동,롤링웨이스트,1,체육진흥과,053-666-2194,2009,2023-04-12
대구광역시,수성구,태왕리더스,파동로 105,파동,레그프레스,1,체육진흥과,053-666-2194,2009,2023-04-12
대구광역시,수성구,태왕리더스,파동로 105,파동,오금펴기(구형),2,체육진흥과,053-666-2194,2009,2023-04-12
대구광역시,수성구,태왕리더스,파동로 105,파동,팔굽혀펴기(구형),1,체육진흥과,053-666-2194,2009,2023-04-12
대구광역시,수성구,태왕리더스,파동로 105,파동,3단철봉(구형),1,체육진흥과,053-666-2194,2009,2023-04-12
대구광역시,수성구,태왕리더스,파동로 105,파동,평행봉(구형),1,체육진흥과,053-666-2194,2009,2023-04-12
대구광역시,수성구,태왕리더스,파동로 105,파동,허리돌리기,1,체육진흥과,053-666-2194,2019,2023-04-12
대구광역시,수성구,태왕리더스,파동로 105,파동,거꾸로매달리기,1,체육진흥과,053-666-2194,2019,2023-04-12
대구광역시,수성구,자율방범대초소,파동로3길 116,파동,스텝싸이클,1,체육진흥과,053-666-2194,2009,2023-04-12
대구광역시,수성구,자율방범대초소,파동로3길 116,파동,워밍암,1,체육진흥과,053-666-2194,2009,2023-04-12
대구광역시,수성구,자율방범대초소,파동로3길 116,파동,레그프레스,1,체육진흥과,053-666-2194,2009,2023-04-12
대구광역시,수성구,자율방범대초소,파동로3길 116,파동,롤링웨이스트,1,체육진흥과,053-666-2194,2009,2023-04-12
대구광역시,수성구,파동 사랑의 쉼터,파동로25길 70 앞,파동,윗몸일으키기,1,체육진흥과,053-666-2194,2009,2023-04-12
대구광역시,수성구,파동 사랑의 쉼터,파동로25길 70 앞,파동,워밍암,1,체육진흥과,053-666-2194,2009,2023-04-12
대구광역시,수성구,파동 사랑의 쉼터,파동로25길 70 앞,파동,롤링웨이스트,1,체육진흥과,053-666-2194,2009,2023-04-12
대구광역시,수성구,파동 사랑의 쉼터,파동로25길 70 앞,파동,크로스컨트리,1,체육진흥과,053-666-2194,2009,2023-04-12
대구광역시,수성구,파동 사랑의 쉼터,파동로25길 70 앞,파동,트윈트위스트,1,체육진흥과,053-666-2194,2009,2023-04-12
대구광역시,수성구,파동 사랑의 쉼터,파동로25길 70 앞,파동,스텝싸이클,1,체육진흥과,053-666-2194,2009,2023-04-12
대구광역시,수성구,파동 사랑의 쉼터,파동로25길 70 앞,파동,역기내리기+역기올리기,1,체육진흥과,053-666-2194,2021,2023-04-12
대구광역시,수성구,실리안아파트,파동 581-1,파동,아래로당기기,1,체육진흥과,053-666-2194,2019,2023-04-12
대구광역시,수성구,실리안아파트,파동 581-1,파동,하체흔들기,1,체육진흥과,053-666-2194,2019,2023-04-12
대구광역시,수성구,실리안아파트,파동 581-1,파동,윗몸일으키기,1,체육진흥과,053-666-2194,2019,2023-04-12
대구광역시,수성구,실리안아파트,파동 581-1,파동,온몸근육풀기,1,체육진흥과,053-666-2194,2019,2023-04-12
대구광역시,수성구,실리안아파트,파동 581-1,파동,공중걷기,1,체육진흥과,053-666-2194,2019,2023-04-12
대구광역시,수성구,실리안아파트,파동 581-1,파동,허리돌리기,1,체육진흥과,053-666-2194,2019,2023-04-12
대구광역시,수성구,실리안아파트,파동 581-1,파동,거꾸로매달리기,1,체육진흥과,053-666-2194,2020,2023-04-12
대구광역시,수성구,실리안아파트,파동 581-1,파동,다리로밀기,1,체육진흥과,053-666-2194,2020,2023-04-12
대구광역시,수성구,실리안아파트,파동 581-1,파동,팔굽혀펴기(구형),2,체육진흥과,053-666-2194,2020,2023-04-12
대구광역시,수성구,지산5단지 건너,지산동 1298,지산1동,허리돌기기,1,체육진흥과,053-666-2194,2011,2023-04-12
대구광역시,수성구,지산5단지 건너,지산동 1298,지산1동,달리기운동,1,체육진흥과,053-666-2194,2011,2023-04-12
대구광역시,수성구,지산5단지 건너,지산동 1298,지산1동,상체근육풀기,1,체육진흥과,053-666-2194,2011,2023-04-12
대구광역시,수성구,지산5단지 건너,지산동 1298,지산1동,등허리지압운동,1,체육진흥과,053-666-2194,2021,2023-04-12
대구광역시,수성구,지산5단지 건너,지산동 1298,지산1동,체스트프레스하이플리,1,체육진흥과,053-666-2194,2021,2023-04-12
대구광역시,수성구,지산5단지 건너,지산동 1298,지산1동,하체흔들기,1,체육진흥과,053-666-2194,2021,2023-04-12
대구광역시,수성구,지산5단지 건너,지산동 1298,지산1동,로프당기기,1,체육진흥과,053-666-2194,2022,2023-04-12
대구광역시,수성구,수성아트피아,무학로 180,지산1동,터닝트위스트,1,체육진흥과,053-666-2194,2010,2023-04-12
대구광역시,수성구,수성아트피아,무학로 180,지산1동,스텝싸이클,1,체육진흥과,053-666-2194,2010,2023-04-12
대구광역시,수성구,수성아트피아,무학로 180,지산1동,크로스컨트리,1,체육진흥과,053-666-2194,2010,2023-04-12
대구광역시,수성구,수성아트피아,무학로 180,지산1동,워밍암,1,체육진흥과,053-666-2194,2010,2023-04-12
대구광역시,수성구,대구경찰시민공원,무학로 227,지산1동,앉아밀기+가로말타기,1,체육진흥과,053-666-2194,2020,2023-04-12
대구광역시,수성구,대구경찰시민공원,무학로 227,지산1동,허리돌리기,1,체육진흥과,053-666-2194,2020,2023-04-12
대구광역시,수성구,대구경찰시민공원,무학로 227,지산1동,하늘걷기+달리기,1,체육진흥과,053-666-2194,2020,2023-04-12
대구광역시,수성구,신매광장,신매동 568-7,고산1동,트윈워밍암,1,체육진흥과,053-666-2194,2010,2023-04-12
대구광역시,수성구,신매광장,신매동 568-7,고산1동,크로스컨트리,1,체육진흥과,053-666-2194,2010,2023-04-12
대구광역시,수성구,신매광장,신매동 568-7,고산1동,트윈바디싵업,1,체육진흥과,053-666-2194,2010,2023-04-12
대구광역시,수성구,신매광장,신매동 568-7,고산1동,풀웨이트,1,체육진흥과,053-666-2194,2010,2023-04-12
대구광역시,수성구,신매광장,신매동 568-7,고산1동,바웨이트,1,체육진흥과,053-666-2194,2010,2023-04-12
대구광역시,수성구,신매광장,신매동 568-7,고산1동,터닝트위스트,1,체육진흥과,053-666-2194,2010,2023-04-12
대구광역시,수성구,욱수골 프리테니스장,유니버시아드로 358-3,고산1동,등허리젖히기,1,체육진흥과,053-666-2194,2008,2023-04-12
대구광역시,수성구,욱수골 프리테니스장,유니버시아드로 358-3,고산1동,자유철봉,1,체육진흥과,053-666-2194,2008,2023-04-12
대구광역시,수성구,욱수골 프리테니스장,유니버시아드로 358-3,고산1동,다리뻗치기,1,체육진흥과,053-666-2194,2008,2023-04-12
대구광역시,수성구,욱수골 프리테니스장,유니버시아드로 358-3,고산1동,윗몸일으키기,1,체육진흥과,053-666-2194,2008,2023-04-12
대구광역시,수성구,욱수골 프리테니스장,유니버시아드로 358-3,고산1동,온몸허리돌리기,1,체육진흥과,053-666-2194,2008,2023-04-12
대구광역시,수성구,봉암식당 건너,욱수동 470-4,고산1동,허리돌리기,1,체육진흥과,053-666-2194,1992,2023-04-12
대구광역시,수성구,봉암식당 건너,욱수동 470-4,고산1동,온몸역기올리기,1,체육진흥과,053-666-2194,1992,2023-04-12
대구광역시,수성구,봉암식당 건너,욱수동 470-4,고산1동,달리기,1,체육진흥과,053-666-2194,1992,2023-04-12
대구광역시,수성구,봉암식당 건너,욱수동 470-4,고산1동,하늘걷기,1,체육진흥과,053-666-2194,1992,2023-04-12
대구광역시,수성구,삼덕동(대구미술관 건너),월드컵로5안길 40,고산2동,레그프레스,1,체육진흥과,053-666-2194,2018,2023-04-12
대구광역시,수성구,삼덕동(대구미술관 건너),월드컵로5안길 40,고산2동,온몸근육풀기,1,체육진흥과,053-666-2194,2018,2023-04-12
대구광역시,수성구,삼덕동(대구미술관 건너),월드컵로5안길 40,고산2동,윗몸일으키기+허리돌리기,1,체육진흥과,053-666-2194,2018,2023-04-12
대구광역시,수성구,삼덕동(대구미술관 건너),월드컵로5안길 40,고산2동,체어풀,1,체육진흥과,053-666-2194,2018,2023-04-12
대구광역시,수성구,삼덕동(대구미술관 건너),월드컵로5안길 40,고산2동,하체흔들기,1,체육진흥과,053-666-2194,2018,2023-04-12
대구광역시,수성구,삼덕동(대구미술관 건너),월드컵로5안길 40,고산2동,달리기,1,체육진흥과,053-666-2194,2018,2023-04-12
대구광역시,수성구,삼덕동(대구미술관 건너),월드컵로5안길 40,고산2동,하이풀리+체스트프레스,1,체육진흥과,053-666-2194,2020,2023-04-12
대구광역시,수성구,삼덕동(대구미술관 건너),월드컵로5안길 40,고산2동,공중걷기,1,체육진흥과,053-666-2194,2020,2023-04-12
대구광역시,수성구,가천교 하부,가천동 385-1,고산2동,하이풀리,1,체육진흥과,053-666-2194,2018,2023-04-12
대구광역시,수성구,가천교 하부,가천동 385-1,고산2동,하체흔들기,1,체육진흥과,053-666-2194,2018,2023-04-12
대구광역시,수성구,가천교 하부,가천동 385-1,고산2동,공중걷기,1,체육진흥과,053-666-2194,2018,2023-04-12
대구광역시,수성구,가천교 하부,가천동 385-1,고산2동,허리돌리기,1,체육진흥과,053-666-2194,2018,2023-04-12
대구광역시,수성구,가천교 하부,가천동 385-1,고산2동,달리기,1,체육진흥과,053-666-2194,2018,2023-04-12
대구광역시,수성구,가천교 하부,가천동 385-1,고산2동,윗몸일으키기,1,체육진흥과,053-666-2194,2019,2023-04-12
대구광역시,수성구,가천교 하부,가천동 385-1,고산2동,체어풀,1,체육진흥과,053-666-2194,2019,2023-04-12
대구광역시,수성구,가천교 하부,가천동 385-1,고산2동,철봉,1,체육진흥과,053-666-2194,2019,2023-04-12
대구광역시,수성구,가천교 하부,가천동 385-1,고산2동,어깨근육풀기,1,체육진흥과,053-666-2194,2019,2023-04-12
대구광역시,수성구,가천교 하부,가천동 385-1,고산2동,양팔줄당기기,1,체육진흥과,053-666-2194,2019,2023-04-12
대구광역시,수성구,가천교 하부,가천동 385-1,고산2동,온몸근육풀기,1,체육진흥과,053-666-2194,2019,2023-04-12
대구광역시,수성구,가천교 하부,가천동 385-1,고산2동,체스트프레스,1,체육진흥과,053-666-2194,2019,2023-04-12
대구광역시,수성구,연호고가교(연호 게이트볼장),연호동 22-8,고산2동,워밍암,1,체육진흥과,053-666-2194,2012,2023-04-12
대구광역시,수성구,연호고가교(연호 게이트볼장),연호동 22-8,고산2동,스텝싸이클,1,체육진흥과,053-666-2194,2012,2023-04-12
대구광역시,수성구,연호고가교(연호 게이트볼장),연호동 22-8,고산2동,롤링웨이스트,1,체육진흥과,053-666-2194,2012,2023-04-12
대구광역시,수성구,연호고가교(연호 게이트볼장),연호동 22-8,고산2동,트윈트위스트,1,체육진흥과,053-666-2194,2012,2023-04-12
대구광역시,수성구,하연지 마을회관,달구벌대로576길 50,고산2동,워밍암,1,체육진흥과,053-666-2194,2012,2023-04-12
대구광역시,수성구,하연지 마을회관,달구벌대로576길 50,고산2동,스텝싸이클,1,체육진흥과,053-666-2194,2012,2023-04-12
대구광역시,수성구,하연지 마을회관,달구벌대로576길 50,고산2동,트윈트위스트,1,체육진흥과,053-666-2194,2012,2023-04-12
대구광역시,수성구,연호내지,연호동 422,고산2동,크로스컨트리,1,체육진흥과,053-666-2194,2011,2023-04-12
대구광역시,수성구,연호내지,연호동 422,고산2동,등허리지압기,1,체육진흥과,053-666-2194,2011,2023-04-12
대구광역시,수성구,연호내지,연호동 422,고산2동,하체흔들기,1,체육진흥과,053-666-2194,2011,2023-04-12
대구광역시,수성구,연호내지,연호동 422,고산2동,온몸근육풀기,1,체육진흥과,053-666-2194,2011,2023-04-12
대구광역시,수성구,연호내지,연호동 422,고산2동,옆파도타기,1,체육진흥과,053-666-2194,2011,2023-04-12
대구광역시,수성구,고모건강쉼터,고모동 산 25,고산2동,하체근육풀기,1,체육진흥과,053-666-2194,2013,2023-04-12
대구광역시,수성구,고모건강쉼터,고모동 산 25,고산2동,허리돌리기,2,체육진흥과,053-666-2194,2013,2023-04-12
대구광역시,수성구,고모건강쉼터,고모동 산 25,고산2동,상체근육풀기,1,체육진흥과,053-666-2194,2013,2023-04-12
대구광역시,수성구,고모건강쉼터,고모동 산 25,고산2동,달리기,1,체육진흥과,053-666-2194,2013,2023-04-12
대구광역시,수성구,고모건강쉼터,고모동 산 25,고산2동,하늘걷기,1,체육진흥과,053-666-2194,2013,2023-04-12
대구광역시,수성구,이천경로당,이천동 477-12,고산2동,허리돌리기,1,체육진흥과,053-666-2194,2009,2023-04-12
대구광역시,수성구,이천경로당,이천동 477-12,고산2동,공중걷기,1,체육진흥과,053-666-2194,2009,2023-04-12
대구광역시,수성구,이천경로당,이천동 477-12,고산2동,어깨근육풀기,1,체육진흥과,053-666-2194,2009,2023-04-12
대구광역시,수성구,이천경로당,이천동 477-12,고산2동,달리기,1,체육진흥과,053-666-2194,2009,2023-04-12
대구광역시,수성구,대흥동,대흥동 441,고산2동,롤링웨이스트,1,체육진흥과,053-666-2194,2012,2023-04-12
대구광역시,수성구,대흥동,대흥동 441,고산2동,워밍암,1,체육진흥과,053-666-2194,2012,2023-04-12
대구광역시,수성구,대흥동,대흥동 441,고산2동,스텝싸이클,1,체육진흥과,053-666-2194,2012,2023-04-12
대구광역시,수성구,대흥동,대흥동 441,고산2동,허리돌리기,1,체육진흥과,053-666-2194,2012,2023-04-12
대구광역시,수성구,대흥동,대흥동 441,고산2동,싸이클,1,체육진흥과,053-666-2194,2017,2023-04-12
대구광역시,수성구,대흥동,대흥동 441,고산2동,레그프레스,1,체육진흥과,053-666-2194,2017,2023-04-12
대구광역시,수성구,대흥동,대흥동 441,고산2동,윗몸일으키기,1,체육진흥과,053-666-2194,2017,2023-04-12
대구광역시,수성구,대흥동,대흥동 441,고산2동,평행봉,1,체육진흥과,053-666-2194,2023,2023-04-12
대구광역시,수성구,대흥동,대흥동 441,고산2동,하늘달리기,1,체육진흥과,053-666-2194,2023,2023-04-12
대구광역시,수성구,고모경로당,고모로39길 20,고산2동,어깨근육풀기,1,체육진흥과,053-666-2194,2021,2023-04-12
대구광역시,수성구,고모경로당,고모로39길 20,고산2동,등허리지압기,1,체육진흥과,053-666-2194,2021,2023-04-12
대구광역시,수성구,삼덕동,삼덕동 106,고산2동,온몸근육풀기,1,체육진흥과,053-666-2194,2023,2023-04-12
대구광역시,수성구,삼덕동,삼덕동 106,고산2동,윗몸일으키기,1,체육진흥과,053-666-2194,2023,2023-04-12
대구광역시,수성구,삼덕동,삼덕동 106,고산2동,등허리지압운동,1,체육진흥과,053-666-2194,2023,2023-04-12
대구광역시,수성구,삼덕동,삼덕동 106,고산2동,하체흔들기,1,체육진흥과,053-666-2194,2023,2023-04-12
대구광역시,수성구,삼덕동,삼덕동 106,고산2동,하늘달리기,1,체육진흥과,053-666-2194,2023,2023-04-12
대구광역시,수성구,사월동 욱수천변(사월동동네체육공원),욱수천로 133,고산3동,윗몸일으키기(구형),2,체육진흥과,053-666-2194,2004,2023-04-12
대구광역시,수성구,사월동 욱수천변(사월동동네체육공원),욱수천로 133,고산3동,윗몸일으키기(신형),2,체육진흥과,053-666-2194,2004,2023-04-12
대구광역시,수성구,사월동 욱수천변(사월동동네체육공원),욱수천로 133,고산3동,3단철봉,1,체육진흥과,053-666-2194,2004,2023-04-12
대구광역시,수성구,사월동 욱수천변(사월동동네체육공원),욱수천로 133,고산3동,온몸근육풀기,1,체육진흥과,053-666-2194,2016,2023-04-12
대구광역시,수성구,사월동 욱수천변(사월동동네체육공원),욱수천로 133,고산3동,하늘걷기,1,체육진흥과,053-666-2194,2016,2023-04-12
대구광역시,수성구,사월동 욱수천변(사월동동네체육공원),욱수천로 133,고산3동,마라톤운동,1,체육진흥과,053-666-2194,2016,2023-04-12
대구광역시,수성구,사월동 욱수천변(사월동동네체육공원),욱수천로 133,고산3동,옆파도타기,1,체육진흥과,053-666-2194,2016,2023-04-12
대구광역시,수성구,사월동 욱수천변(사월동동네체육공원),욱수천로 133,고산3동,등허리지압기,1,체육진흥과,053-666-2194,2016,2023-04-12
대구광역시,수성구,사월동 욱수천변(사월동동네체육공원),욱수천로 133,고산3동,역기올리기+역기내리기,1,체육진흥과,053-666-2194,2019,2023-04-12
대구광역시,수성구,사월동 욱수천변(사월동동네체육공원),욱수천로 133,고산3동,윗몸일으키기,1,체육진흥과,053-666-2194,2019,2023-04-12
대구광역시,수성구,사월동 욱수천변(사월동동네체육공원),욱수천로 133,고산3동,거꾸로매달리기,2,체육진흥과,053-666-2194,2019,2023-04-12
대구광역시,수성구,사월동 욱수천변(사월동동네체육공원),욱수천로 133,고산3동,자전거,1,체육진흥과,053-666-2194,2020,2023-04-12
대구광역시,수성구,사월동 욱수천변(사월동동네체육공원),욱수천로 133,고산3동,오금펴기,2,체육진흥과,053-666-2194,2021,2023-04-12
대구광역시,수성구,사월동 욱수천변(사월동동네체육공원),욱수천로 133,고산3동,허리돌리기,2,체육진흥과,053-666-2194,2021,2023-04-12
대구광역시,수성구,사월동 욱수천변(사월동동네체육공원),욱수천로 133,고산3동,오금펴기,1,체육진흥과,053-666-2194,2022,2023-04-12
대구광역시,수성구,사월동 욱수천변(사월동동네체육공원),욱수천로 133,고산3동,팔굽혀펴기(구형),1,체육진흥과,053-666-2194,2016,2023-04-12
대구광역시,수성구,매호동 효성백년가약 앞,매호 1099-3,고산3동,옆파도타기,1,체육진흥과,053-666-2194,2023,2023-04-12
대구광역시,수성구,매호동 효성백년가약 앞,매호 1099-3,고산3동,큰활차머신,1,체육진흥과,053-666-2194,2023,2023-04-12
대구광역시,수성구,매호동 효성백년가약 앞,매호 1099-3,고산3동,다리뻗치기,1,체육진흥과,053-666-2194,2023,2023-04-12
대구광역시,수성구,매호동 효성백년가약 앞,매호 1099-3,고산3동,양팔당기기,1,체육진흥과,053-666-2194,2023,2023-04-12
대구광역시,수성구,매호동 효성백년가약 앞,매호 1099-3,고산3동,달리기운동,1,체육진흥과,053-666-2194,2023,2023-04-12
대구광역시,수성구,범물동 1202-5,범물동 1202-5,범물1동,입식사이클,1,공원녹지과,053-666-2853,2021,2023-04-12
대구광역시,수성구,범물동 1202-5,범물동 1202-5,범물1동,레그프레스,1,공원녹지과,053-666-2853,2021,2023-04-12
대구광역시,수성구,사월동 484 일원(경부고속철도변 녹지),사월동 484 일원(경부고속철도변 녹지),고산3동,스텝사이클,1,공원녹지과,053-666-2853,2010,2023-04-12
대구광역시,수성구,사월동 484 일원(경부고속철도변 녹지),사월동 484 일원(경부고속철도변 녹지),고산3동,크로스컨트리,1,공원녹지과,053-666-2853,2010,2023-04-12
대구광역시,수성구,사월동 484 일원(경부고속철도변 녹지),사월동 484 일원(경부고속철도변 녹지),고산3동,트윈워밍암,1,공원녹지과,053-666-2853,2010,2023-04-12
대구광역시,수성구,사월동 484 일원(경부고속철도변 녹지),사월동 484 일원(경부고속철도변 녹지),고산3동,평행봉,1,공원녹지과,053-666-2853,2010,2023-04-12
대구광역시,수성구,사월동 484 일원(경부고속철도변 녹지),사월동 484 일원(경부고속철도변 녹지),고산3동,공중걷기,1,공원녹지과,053-666-2853,2013,2023-04-12
대구광역시,수성구,사월동 484 일원(경부고속철도변 녹지),사월동 484 일원(경부고속철도변 녹지),고산3동,롤링웨이스트,1,공원녹지과,053-666-2853,2013,2023-04-12
대구광역시,수성구,사월동 484 일원(경부고속철도변 녹지),사월동 484 일원(경부고속철도변 녹지),고산3동,워밍암,1,공원녹지과,053-666-2853,2013,2023-04-12
대구광역시,수성구,사월동 484 일원(경부고속철도변 녹지),사월동 484 일원(경부고속철도변 녹지),고산3동,스텝사이클,1,공원녹지과,053-666-2853,2013,2023-04-12
대구광역시,수성구,사월동 484 일원(경부고속철도변 녹지),사월동 484 일원(경부고속철도변 녹지),고산3동,철봉,1,공원녹지과,053-666-2853,2021,2023-04-12
대구광역시,수성구,신매동 30 일원,신매동 30 일원,고산1동,공중걷기,1,공원녹지과,053-666-2853,2010,2023-04-12
대구광역시,수성구,신매동 30 일원,신매동 30 일원,고산1동,허리돌리기,1,공원녹지과,053-666-2853,2010,2023-04-12
대구광역시,수성구,신매동 30 일원,신매동 30 일원,고산1동,윗몸일으키기,1,공원녹지과,053-666-2853,2010,2023-04-12
대구광역시,수성구,신매동 30 일원,신매동 30 일원,고산1동,체어웨이트,1,공원녹지과,053-666-2853,2010,2023-04-12
대구광역시,수성구,신매동 30 일원,신매동 30 일원,고산1동,워밍암,1,공원녹지과,053-666-2853,2010,2023-04-12
대구광역시,수성구,신매동 30 일원,신매동 30 일원,고산1동,롤링웨이스트,1,공원녹지과,053-666-2853,2010,2023-04-12
대구광역시,수성구,신매동 30 일원,신매동 30 일원,고산1동,스트레칭로라,1,공원녹지과,053-666-2853,2010,2023-04-12
대구광역시,수성구,신매동 30 일원,신매동 30 일원,고산1동,원반잡고돌리기,1,공원녹지과,053-666-2853,2010,2023-04-12
대구광역시,수성구,신매동 30 일원,신매동 30 일원,고산1동,달리기,1,공원녹지과,053-666-2853,2010,2023-04-12
대구광역시,수성구,신매동 30 일원,신매동 30 일원,고산1동,레그스트레치,1,공원녹지과,053-666-2853,2010,2023-04-12
대구광역시,수성구,신매동 30 일원,신매동 30 일원,고산1동,체어웨이트,1,공원녹지과,053-666-2853,2010,2023-04-12
대구광역시,수성구,신매동 30 일원,신매동 30 일원,고산1동,트윈워밍암,1,공원녹지과,053-666-2853,2010,2023-04-12
대구광역시,수성구,신매동 30 일원,신매동 30 일원,고산1동,체어풀,1,공원녹지과,053-666-2853,2010,2023-04-12
대구광역시,수성구,신매동 30 일원,신매동 30 일원,고산1동,핸들웨이트,1,공원녹지과,053-666-2853,2010,2023-04-12
대구광역시,수성구,신매동 568-7(신매광장),신매동 568-7(신매광장),고산1동,트윈바디싯업,1,공원녹지과,053-666-2853,2010,2023-04-12
대구광역시,수성구,신매동 568-7(신매광장),신매동 568-7(신매광장),고산1동,크로스컨트리,1,공원녹지과,053-666-2853,2010,2023-04-12
대구광역시,수성구,신매동 568-7(신매광장),신매동 568-7(신매광장),고산1동,트윈워밍암,1,공원녹지과,053-666-2853,2010,2023-04-12
대구광역시,수성구,신매동 568-7(신매광장),신매동 568-7(신매광장),고산1동,풀웨이트,1,공원녹지과,053-666-2853,2010,2023-04-12
대구광역시,수성구,신매동 568-7(신매광장),신매동 568-7(신매광장),고산1동,바웨이트,1,공원녹지과,053-666-2853,2010,2023-04-12
대구광역시,수성구,신매동 568-7(신매광장),신매동 568-7(신매광장),고산1동,터닝트위스트,1,공원녹지과,053-666-2853,2010,2023-04-12
대구광역시,수성구,신매동 571,신매동 571,고산1동,작은활차돌리기,1,공원녹지과,053-666-2853,2010,2023-04-12
대구광역시,수성구,신매동 571,신매동 571,고산1동,하늘걷기,1,공원녹지과,053-666-2853,2010,2023-04-12
대구광역시,수성구,신매동 571,신매동 571,고산1동,허리돌리기,1,공원녹지과,053-666-2853,2010,2023-04-12
대구광역시,수성구,신매동 566-6,신매동 566-6,고산1동,입식사이클,1,공원녹지과,053-666-2853,2014,2023-04-12
대구광역시,수성구,신매동 566-6,신매동 566-6,고산1동,좌식사이클,1,공원녹지과,053-666-2853,2014,2023-04-12
대구광역시,수성구,신매동 566-6,신매동 566-6,고산1동,풀웨이트,1,공원녹지과,053-666-2853,2014,2023-04-12
대구광역시,수성구,신매동 566-6,신매동 566-6,고산1동,양팔줄당기기,1,공원녹지과,053-666-2853,2014,2023-04-12
대구광역시,수성구,신매동 566-6,신매동 566-6,고산1동,롤링웨이스트,1,공원녹지과,053-666-2853,2014,2023-04-12
대구광역시,수성구,신매동 566-6,신매동 566-6,고산1동,크로스컨트리,1,공원녹지과,053-666-2853,2014,2023-04-12
대구광역시,수성구,신매동 566-6,신매동 566-6,고산1동,레그프레스,1,공원녹지과,053-666-2853,2014,2023-04-12
대구광역시,수성구,신매동 566-6,신매동 566-6,고산1동,체어웨이트,1,공원녹지과,053-666-2853,2014,2023-04-12
대구광역시,수성구,신매동 566-6,신매동 566-6,고산1동,바디싯업,1,공원녹지과,053-666-2853,2014,2023-04-12
대구광역시,수성구,신매동 566-6,신매동 566-6,고산1동,바웨이트,1,공원녹지과,053-666-2853,2014,2023-04-12
대구광역시,수성구,신매동 566-6,신매동 566-6,고산1동,핸들웨이트,1,공원녹지과,053-666-2853,2014,2023-04-12
대구광역시,수성구,신매동 566-6,신매동 566-6,고산1동,워밍암,1,공원녹지과,053-666-2853,2014,2023-04-12
대구광역시,수성구,신매동 566-6,신매동 566-6,고산1동,스텝사이클,1,공원녹지과,053-666-2853,2021,2023-04-12
대구광역시,수성구,신매동 566-6,신매동 566-6,고산1동,풀웨이트,1,공원녹지과,053-666-2853,2021,2023-04-12
대구광역시,수성구,매호동 1330-4,매호동 1330-4,고산3동,클활차머신,4,공원녹지과,053-666-2853,2012,2023-04-12
대구광역시,수성구,매호동 1330-4,매호동 1330-4,고산3동,트위스트머신,4,공원녹지과,053-666-2853,2012,2023-04-12
대구광역시,수성구,매호동 1330-4,매호동 1330-4,고산3동,스윙워커머신,3,공원녹지과,053-666-2853,2012,2023-04-12
대구광역시,수성구,매호동 1330-4,매호동 1330-4,고산3동,써피롤링머신,3,공원녹지과,053-666-2853,2012,2023-04-12
대구광역시,수성구,매호동 1330-4,매호동 1330-4,고산3동,로라맛사지머신,2,공원녹지과,053-666-2853,2012,2023-04-12
대구광역시,수성구,매호동 1330-4,매호동 1330-4,고산3동,레그프레스머신,2,공원녹지과,053-666-2853,2012,2023-04-12
대구광역시,수성구,매호동 1346,매호동 1346,고산3동,크로스컨트리,2,공원녹지과,053-666-2853,2009,2023-04-12
대구광역시,수성구,매호동 1346,매호동 1346,고산3동,스트레칭로라,1,공원녹지과,053-666-2853,2009,2023-04-12
대구광역시,수성구,매호동 1346,매호동 1346,고산3동,롤링웨이스트,1,공원녹지과,053-666-2853,2009,2023-04-12
대구광역시,수성구,매호동 1346,매호동 1346,고산3동,바디싯업,1,공원녹지과,053-666-2853,2009,2023-04-12
대구광역시,수성구,매호동 1346,매호동 1346,고산3동,허리돌리기,1,공원녹지과,053-666-2853,2009,2023-04-12
대구광역시,수성구,매호동 1346,매호동 1346,고산3동,레그프레스,1,공원녹지과,053-666-2853,2009,2023-04-12
대구광역시,수성구,매호동 1346,매호동 1346,고산3동,스텝사이클,2,공원녹지과,053-666-2853,2009,2023-04-12
대구광역시,수성구,매호동 1346,매호동 1346,고산3동,체어풀,1,공원녹지과,053-666-2853,2009,2023-04-12
대구광역시,수성구,만촌동 342-85 외,만촌동 342-85 외,만촌1동,원그리기,4,공원녹지과,053-666-2853,2011,2023-04-12
대구광역시,수성구,만촌동 342-85 외,만촌동 342-85 외,만촌1동,역기내리기,4,공원녹지과,053-666-2853,2011,2023-04-12
대구광역시,수성구,만촌동 342-85 외,만촌동 342-85 외,만촌1동,앞파도타기,4,공원녹지과,053-666-2853,2011,2023-04-12
대구광역시,수성구,만촌동 342-85 외,만촌동 342-85 외,만촌1동,마라톤운동,4,공원녹지과,053-666-2853,2011,2023-04-12
대구광역시,수성구,만촌동 342-85 외,만촌동 342-85 외,만촌1동,허리돌리기,4,공원녹지과,053-666-2853,2011,2023-04-12
대구광역시,수성구,만촌동 342-85 외,만촌동 342-85 외,만촌1동,철봉매달리기,4,공원녹지과,053-666-2853,2011,2023-04-12
대구광역시,수성구,만촌동 342-85 외,만촌동 342-85 외,만촌1동,등허리지압기,4,공원녹지과,053-666-2853,2011,2023-04-12
대구광역시,수성구,만촌동 342-85 외,만촌동 342-85 외,만촌1동,거꾸로매달리기,4,공원녹지과,053-666-2853,2011,2023-04-12
대구광역시,수성구,만촌동 279-5,만촌동 279-5,만촌1동,달리기운동+공중걷기,1,공원녹지과,053-666-2853,2018,2023-04-12
대구광역시,수성구,만촌동 279-5,만촌동 279-5,만촌1동,상체근육풀기+철봉,1,공원녹지과,053-666-2853,2018,2023-04-12
대구광역시,수성구,만촌동 279-5,만촌동 279-5,만촌1동,노젓기운동+윗몸일으키기,1,공원녹지과,053-666-2853,2018,2023-04-12
대구광역시,수성구,만촌동 279-5,만촌동 279-5,만촌1동,공중걷기+윗몸일으키기,1,공원녹지과,053-666-2853,2018,2023-04-12
대구광역시,수성구,만촌동 279-5,만촌동 279-5,만촌1동,파도타기+역기올리기,1,공원녹지과,053-666-2853,2018,2023-04-12
대구광역시,수성구,만촌동 279-5,만촌동 279-5,만촌1동,등허리지압기+노젓기운동,1,공원녹지과,053-666-2853,2018,2023-04-12
대구광역시,수성구,파동 274,파동 274,파동,윗몸일으키기,1,공원녹지과,053-666-2853,2013,2023-04-12
대구광역시,수성구,파동 274,파동 274,파동,다리뻗치기,1,공원녹지과,053-666-2853,2013,2023-04-12
대구광역시,수성구,파동 274,파동 274,파동,등허리지압기,1,공원녹지과,053-666-2853,2013,2023-04-12
대구광역시,수성구,파동 274,파동 274,파동,온몸역기올리기,1,공원녹지과,053-666-2853,2013,2023-04-12
대구광역시,수성구,파동 274,파동 274,파동,마라톤운동,1,공원녹지과,053-666-2853,2013,2023-04-12
대구광역시,수성구,파동 274,파동 274,파동,어깨근육풀기,1,공원녹지과,053-666-2853,2013,2023-04-12
대구광역시,수성구,파동 274,파동 274,파동,자유평행봉,1,공원녹지과,053-666-2853,2013,2023-04-12
대구광역시,수성구,파동 274,파동 274,파동,온몸허리돌리기,1,공원녹지과,053-666-2853,2013,2023-04-12
대구광역시,수성구,파동 274,파동 274,파동,철봉,1,공원녹지과,053-666-2853,2021,2023-04-12
대구광역시,수성구,범어동 245,범어동 245,범어4동,옆파도타기,1,공원녹지과,053-666-2853,2009,2023-04-12
대구광역시,수성구,범어동 245,범어동 245,범어4동,마라톤운동,1,공원녹지과,053-666-2853,2009,2023-04-12
대구광역시,수성구,범어동 245,범어동 245,범어4동,하늘걷기,1,공원녹지과,053-666-2853,2009,2023-04-12
대구광역시,수성구,범어동 245,범어동 245,범어4동,온몸허리돌리기,1,공원녹지과,053-666-2853,2009,2023-04-12
대구광역시,수성구,범어동 245,범어동 245,범어4동,온몸역기올리기,1,공원녹지과,053-666-2853,2009,2023-04-12
대구광역시,수성구,범어동 245,범어동 245,범어4동,워밍암,1,공원녹지과,053-666-2853,2019,2023-04-12
대구광역시,수성구,범어동 245,범어동 245,범어4동,마라톤운동,1,공원녹지과,053-666-2853,2021,2023-04-12
대구광역시,수성구,만촌동 1046-11,만촌동 1046-11,만촌3동,바디싯업,1,공원녹지과,053-666-2853,2007,2023-04-12
대구광역시,수성구,만촌동 1046-11,만촌동 1046-11,만촌3동,롤링웨이스트,1,공원녹지과,053-666-2853,2007,2023-04-12
대구광역시,수성구,만촌동 1046-11,만촌동 1046-11,만촌3동,워밍암,1,공원녹지과,053-666-2853,2007,2023-04-12
대구광역시,수성구,만촌동 1046-11,만촌동 1046-11,만촌3동,스텝사이클,1,공원녹지과,053-666-2853,2007,2023-04-12
대구광역시,수성구,만촌동 1046-11,만촌동 1046-11,만촌3동,풀웨이트,1,공원녹지과,053-666-2853,2007,2023-04-12
대구광역시,수성구,만촌동 1046-11,만촌동 1046-11,만촌3동,허리돌리기,1,공원녹지과,053-666-2853,2007,2023-04-12
대구광역시,수성구,만촌동 1046-11,만촌동 1046-11,만촌3동,스텝퍼,1,공원녹지과,053-666-2853,2007,2023-04-12
대구광역시,수성구,범물동 1267,범물동 1267,범물1동,워밍암+스텝사이클,1,공원녹지과,053-666-2853,2017,2023-04-12
대구광역시,수성구,범물동 1267,범물동 1267,범물1동,스트레칭로라+롤링웨이스트,1,공원녹지과,053-666-2853,2017,2023-04-12
대구광역시,수성구,범물동 1267,범물동 1267,범물1동,크로스컨트리+체어플,1,공원녹지과,053-666-2853,2017,2023-04-12
대구광역시,수성구,지산동 1274,지산동 1274,지산동,롤링웨이스트,1,공원녹지과,053-666-2862,2009,2023-04-12
대구광역시,수성구,지산동 1274,지산동 1274,지산동,레그스트레치,1,공원녹지과,053-666-2862,2009,2023-04-12
대구광역시,수성구,지산동 1274,지산동 1274,지산동,트윈트위스트,1,공원녹지과,053-666-2862,2009,2023-04-12
대구광역시,수성구,지산동 1274,지산동 1274,지산동,크로스컨트리,1,공원녹지과,053-666-2862,2009,2023-04-12
대구광역시,수성구,지산동 1274,지산동 1274,지산동,양회전운동,1,공원녹지과,053-666-2862,2009,2023-04-12
대구광역시,수성구,지산동 1274,지산동 1274,지산동,팔올리기운동,1,공원녹지과,053-666-2862,2009,2023-04-12
대구광역시,수성구,지산동 1274,지산동 1274,지산동,마라톤운동,1,공원녹지과,053-666-2862,2009,2023-04-12
대구광역시,수성구,지산동 1274,지산동 1274,지산동,오버턴스트레칭,1,공원녹지과,053-666-2862,2009,2023-04-12
대구광역시,수성구,지산동 1274,지산동 1274,지산동,온몸근육풀기,1,공원녹지과,053-666-2862,2009,2023-04-12
대구광역시,수성구,지산동 1274,지산동 1274,지산동,로프당기기,1,공원녹지과,053-666-2862,2009,2023-04-12
대구광역시,수성구,지산동 1274,지산동 1274,지산동,등허리운동,1,공원녹지과,053-666-2862,2009,2023-04-12
대구광역시,수성구,지산동 1274,지산동 1274,지산동,다리운동,1,공원녹지과,053-666-2862,2009,2023-04-12
대구광역시,수성구,지산동 1274,지산동 1274,지산동,팔내리기운동,1,공원녹지과,053-666-2862,2009,2023-04-12
대구광역시,수성구,지산동 1274,지산동 1274,지산동,뱃살운동,1,공원녹지과,053-666-2862,2009,2023-04-12
대구광역시,수성구,범물동 1328-2,범물동 1328-2,범물동,앞으로밀기,1,공원녹지과,053-666-2862,2009,2023-04-12
대구광역시,수성구,범물동 1328-2,범물동 1328-2,범물동,달리기,1,공원녹지과,053-666-2862,2019,2023-04-12
대구광역시,수성구,범물동 1328-2,범물동 1328-2,범물동,다리로밀기,1,공원녹지과,053-666-2862,2019,2023-04-12
대구광역시,수성구,범물동 1328-2,범물동 1328-2,범물동,윗몸일으키기,1,공원녹지과,053-666-2862,2019,2023-04-12
대구광역시,수성구,범물동 1328-2,범물동 1328-2,범물동,등허리지압기,1,공원녹지과,053-666-2862,2019,2023-04-12
대구광역시,수성구,범물동 1328-2,범물동 1328-2,범물동,어깨근육풀기,1,공원녹지과,053-666-2862,2019,2023-04-12
대구광역시,수성구,범물동 1328-2,범물동 1328-2,범물동,온몸근육풀기,1,공원녹지과,053-666-2862,2019,2023-04-12
대구광역시,수성구,범물동 1328-2,범물동 1328-2,범물동,하체흔들기,1,공원녹지과,053-666-2862,2019,2023-04-12
대구광역시,수성구,범물동 1328-2,범물동 1328-2,범물동,입식싸이클,1,공원녹지과,053-666-2862,2019,2023-04-12
대구광역시,수성구,범물동 1328-2,범물동 1328-2,범물동,공중걷기,1,공원녹지과,053-666-2862,2019,2023-04-12
대구광역시,수성구,범물동 1328-2,범물동 1328-2,범물동,허리돌릭,1,공원녹지과,053-666-2862,2019,2023-04-12
대구광역시,수성구,범물동 1328-2,범물동 1328-2,범물동,다리근육풀기,1,공원녹지과,053-666-2862,2019,2023-04-12
대구광역시,수성구,수성4가 1090-15,수성4가 1090-15,수성4가동,허리돌리기,1,공원녹지과,053-666-2862,2019,2023-04-12
대구광역시,수성구,수성4가 1090-15,수성4가 1090-15,수성4가동,윗몸일으키기,1,공원녹지과,053-666-2862,2019,2023-04-12
대구광역시,수성구,수성4가 1090-15,수성4가 1090-15,수성4가동,달리기,1,공원녹지과,053-666-2862,2019,2023-04-12
대구광역시,수성구,수성4가 1090-15,수성4가 1090-15,수성4가동,다리근육풀기,1,공원녹지과,053-666-2862,2019,2023-04-12
대구광역시,수성구,수성4가 1090-15,수성4가 1090-15,수성4가동,등허리지압기,1,공원녹지과,053-666-2862,2019,2023-04-12
대구광역시,수성구,수성4가 1090-15,수성4가 1090-15,수성4가동,다리로밀기,1,공원녹지과,053-666-2862,2019,2023-04-12
대구광역시,수성구,수성4가 1090-15,수성4가 1090-15,수성4가동,하체흔들기,1,공원녹지과,053-666-2862,2019,2023-04-12
대구광역시,수성구,수성4가 1090-15,수성4가 1090-15,수성4가동,공중걷기,1,공원녹지과,053-666-2862,2019,2023-04-12
대구광역시,수성구,수성4가 1090-15,수성4가 1090-15,수성4가동,온몸근육풀기,1,공원녹지과,053-666-2862,2019,2023-04-12
대구광역시,수성구,수성4가 1090-15,수성4가 1090-15,수성4가동,앞으로밀기,1,공원녹지과,053-666-2862,2019,2023-04-12
대구광역시,수성구,시지동 501,시지동 501,시지동,레그스트레치(디자인파크)-2020,1,공원녹지과,053-666-2862,2008,2023-04-12
대구광역시,수성구,시지동 501,시지동 501,시지동,스트레칭로라,1,공원녹지과,053-666-2862,2008,2023-04-12
대구광역시,수성구,시지동 501,시지동 501,시지동,트윈트위스트,1,공원녹지과,053-666-2862,2008,2023-04-12
대구광역시,수성구,시지동 501,시지동 501,시지동,체이풀,1,공원녹지과,053-666-2862,2008,2023-04-12
대구광역시,수성구,시지동 501,시지동 501,시지동,스텝싸이클,1,공원녹지과,053-666-2862,2008,2023-04-12
대구광역시,수성구,시지동 501,시지동 501,시지동,크로스컨트리,1,공원녹지과,053-666-2862,2008,2023-04-12
대구광역시,수성구,시지동 501,시지동 501,시지동,트윈바디싣업,1,공원녹지과,053-666-2862,2008,2023-04-12
대구광역시,수성구,시지동 501,시지동 501,시지동,롤링웨이스트,1,공원녹지과,053-666-2862,2008,2023-04-12
대구광역시,수성구,시지동 501,시지동 501,시지동,워밍암,1,공원녹지과,053-666-2862,2008,2023-04-12
대구광역시,수성구,만촌1동 1417,만촌1동 1417,만촌1동,스텝사이클,1,공원녹지과,053-666-2862,2009,2023-04-12
대구광역시,수성구,만촌1동 1417,만촌1동 1417,만촌1동,스트레칭로라,2,공원녹지과,053-666-2862,2009,2023-04-12
대구광역시,수성구,만촌1동 1417,만촌1동 1417,만촌1동,레그프레스,2,공원녹지과,053-666-2862,2009,2023-04-12
대구광역시,수성구,만촌1동 1417,만촌1동 1417,만촌1동,바웨이트,1,공원녹지과,053-666-2862,2009,2023-04-12
대구광역시,수성구,만촌1동 1417,만촌1동 1417,만촌1동,풀웨이트,2,공원녹지과,053-666-2862,2009,2023-04-12
대구광역시,수성구,만촌1동 1417,만촌1동 1417,만촌1동,스카이워킹,1,공원녹지과,053-666-2862,2009,2023-04-12
대구광역시,수성구,만촌1동 1417,만촌1동 1417,만촌1동,오버턴스트레칭,2,공원녹지과,053-666-2862,2009,2023-04-12
대구광역시,수성구,만촌1동 1417,만촌1동 1417,만촌1동,공중걷기,3,공원녹지과,053-666-2862,2009,2023-04-12
대구광역시,수성구,만촌1동 1417,만촌1동 1417,만촌1동,하체흔들기,3,공원녹지과,053-666-2862,2009,2023-04-12
대구광역시,수성구,만촌1동 1417,만촌1동 1417,만촌1동,허리돌리기,2,공원녹지과,053-666-2862,2009,2023-04-12
대구광역시,수성구,만촌1동 1417,만촌1동 1417,만촌1동,달리기,1,공원녹지과,053-666-2862,2009,2023-04-12
대구광역시,수성구,만촌1동 1417,만촌1동 1417,만촌1동,워밍암,1,공원녹지과,053-666-2862,2009,2023-04-12
대구광역시,수성구,만촌1동 1417,만촌1동 1417,만촌1동,트윈워밍암,2,공원녹지과,053-666-2862,2009,2023-04-12
대구광역시,수성구,만촌1동 1417,만촌1동 1417,만촌1동,레그스트레치,2,공원녹지과,053-666-2862,2009,2023-04-12
대구광역시,수성구,만촌1동 1417,만촌1동 1417,만촌1동,핸들웨이트,1,공원녹지과,053-666-2862,2009,2023-04-12
대구광역시,수성구,만촌1동 1417,만촌1동 1417,만촌1동,달리기,3,공원녹지과,053-666-2862,2009,2023-04-12
대구광역시,수성구,만촌1동 1417,만촌1동 1417,만촌1동,철봉,1,공원녹지과,053-666-2862,2009,2023-04-12
대구광역시,수성구,만촌1동 1417,만촌1동 1417,만촌1동,체어플,1,공원녹지과,053-666-2862,2009,2023-04-12
대구광역시,수성구,만촌1동 1417,만촌1동 1417,만촌1동,어깨근육풀기,1,공원녹지과,053-666-2862,2009,2023-04-12
대구광역시,수성구,만촌1동 1417,만촌1동 1417,만촌1동,윗몸일으키기,3,공원녹지과,053-666-2862,2009,2023-04-12
대구광역시,수성구,만촌1동 1417,만촌1동 1417,만촌1동,다리근육풀기,1,공원녹지과,053-666-2862,2009,2023-04-12
대구광역시,수성구,신매동 590,신매동 590,신매동,롤링웨이스트,1,공원녹지과,053-666-2862,2008,2023-04-12
대구광역시,수성구,신매동 590,신매동 590,신매동,체어플,1,공원녹지과,053-666-2862,2008,2023-04-12
대구광역시,수성구,신매동 590,신매동 590,신매동,크로스컨트리,1,공원녹지과,053-666-2862,2008,2023-04-12
대구광역시,수성구,신매동 590,신매동 590,신매동,워밍암,1,공원녹지과,053-666-2862,2008,2023-04-12
대구광역시,수성구,신매동 590,신매동 590,신매동,스트레칭로라,1,공원녹지과,053-666-2862,2008,2023-04-12
대구광역시,수성구,신매동 590,신매동 590,신매동,트윈트위스트,1,공원녹지과,053-666-2862,2008,2023-04-12
대구광역시,수성구,신매동 590,신매동 590,신매동,스텝싸이클,1,공원녹지과,053-666-2862,2008,2023-04-12
대구광역시,수성구,매호동 1321,매호동 1321,매호동,온몸노젓기,1,공원녹지과,053-666-2862,2007,2023-04-12
대구광역시,수성구,매호동 1321,매호동 1321,매호동,온몸근육풀기,1,공원녹지과,053-666-2862,2007,2023-04-12
대구광역시,수성구,매호동 1321,매호동 1321,매호동,온몸허리돌리기,1,공원녹지과,053-666-2862,2007,2023-04-12
대구광역시,수성구,매호동 1321,매호동 1321,매호동,등허리지압기,1,공원녹지과,053-666-2862,2007,2023-04-12
대구광역시,수성구,매호동 1321,매호동 1321,매호동,윗몸일으키기,1,공원녹지과,053-666-2862,2007,2023-04-12
대구광역시,수성구,매호동 1321,매호동 1321,매호동,자유평행봉,1,공원녹지과,053-666-2862,2007,2023-04-12
대구광역시,수성구,매호동 1321,매호동 1321,매호동,롤링웨이스트,1,공원녹지과,053-666-2862,2007,2023-04-12
대구광역시,수성구,매호동 1321,매호동 1321,매호동,크로스웨킹,1,공원녹지과,053-666-2862,2007,2023-04-12
대구광역시,수성구,매호동 1321,매호동 1321,매호동,스카이워킹,1,공원녹지과,053-666-2862,2007,2023-04-12
대구광역시,수성구,매호동 1321,매호동 1321,매호동,3단철봉,1,공원녹지과,053-666-2862,2007,2023-04-12
대구광역시,수성구,매호동 1321,매호동 1321,매호동,구름다리,1,공원녹지과,053-666-2862,2007,2023-04-12
대구광역시,수성구,매호동 1321,매호동 1321,매호동,평균대,1,공원녹지과,053-666-2862,2007,2023-04-12
대구광역시,수성구,범어2동 416-9,범어2동 416-9,범어2동,윗몸일으키기,1,공원녹지과,053-666-2862,2009,2023-04-12
대구광역시,수성구,범어2동 416-9,범어2동 416-9,범어2동,스텝사이클,1,공원녹지과,053-666-2862,2009,2023-04-12
대구광역시,수성구,범어2동 416-9,범어2동 416-9,범어2동,레그스트레치,1,공원녹지과,053-666-2862,2009,2023-04-12
대구광역시,수성구,범어2동 416-9,범어2동 416-9,범어2동,워밍암,1,공원녹지과,053-666-2862,2009,2023-04-12
대구광역시,수성구,범어2동 416-9,범어2동 416-9,범어2동,롤링웨이스트,1,공원녹지과,053-666-2862,2009,2023-04-12
대구광역시,수성구,범어2동 416-9,범어2동 416-9,범어2동,크로스컨트리,1,공원녹지과,053-666-2862,2009,2023-04-12
대구광역시,수성구,범어2동 416-9,범어2동 416-9,범어2동,트윈트위스트,1,공원녹지과,053-666-2862,2009,2023-04-12
대구광역시,수성구,범어2동 416-9,범어2동 416-9,범어2동,역기올리기,1,공원녹지과,053-666-2862,2009,2023-04-12
대구광역시,수성구,범어2동 416-9,범어2동 416-9,범어2동,파도타기,1,공원녹지과,053-666-2862,2009,2023-04-12
대구광역시,수성구,범어3동 966-2,범어3동 966-2,범어3동,사이드스윙,1,공원녹지과,053-666-2862,2008,2023-04-12
대구광역시,수성구,범어3동 966-2,범어3동 966-2,범어3동,터닝암,1,공원녹지과,053-666-2862,2008,2023-04-12
대구광역시,수성구,범어3동 966-2,범어3동 966-2,범어3동,크로스워킹,1,공원녹지과,053-666-2862,2008,2023-04-12
대구광역시,수성구,범어3동 966-2,범어3동 966-2,범어3동,스카이워킹,1,공원녹지과,053-666-2862,2008,2023-04-12
대구광역시,수성구,만촌1동 656-3,만촌1동 656-3,만촌1동,풀웨이트+파워프레스,,공원녹지과,053-666-2862,2017,2023-04-12
대구광역시,수성구,만촌1동 656-3,만촌1동 656-3,만촌1동,사이드윙+터닝암,,공원녹지과,053-666-2862,2017,2023-04-12
대구광역시,수성구,만촌1동 656-3,만촌1동 656-3,만촌1동,스카이워킹+크로스워킹,,공원녹지과,053-666-2862,2017,2023-04-12
대구광역시,수성구,만촌2동 1006-2,만촌2동 1006-2,만촌2동,하체흔들기,1,공원녹지과,053-666-2862,2009,2023-04-12
대구광역시,수성구,만촌2동 1006-2,만촌2동 1006-2,만촌2동,스트레칭롤러,1,공원녹지과,053-666-2862,2009,2023-04-12
대구광역시,수성구,만촌2동 1006-2,만촌2동 1006-2,만촌2동,체스트프레스,1,공원녹지과,053-666-2862,2009,2023-04-12
대구광역시,수성구,만촌2동 1017-2,만촌2동 1017-2,만촌2동,스카이워킹+크로스워킹,1,공원녹지과,053-666-2862,2007,2023-04-12
대구광역시,수성구,만촌2동 1017-2,만촌2동 1017-2,만촌2동,트윈트위스트+파워사이클,1,공원녹지과,053-666-2862,2007,2023-04-12
대구광역시,수성구,만촌2동 1017-2,만촌2동 1017-2,만촌2동,롤링웨이스트,1,공원녹지과,053-666-2862,2007,2023-04-12
대구광역시,수성구,만촌2동 1017-2,만촌2동 1017-2,만촌2동,체어웨이트,1,공원녹지과,053-666-2862,2007,2023-04-12
대구광역시,수성구,만촌2동 1023-11,만촌2동 1023-11,만촌2동,파워사이클+트위스트,1,공원녹지과,053-666-2862,2011,2023-04-12
대구광역시,수성구,만촌2동 1023-11,만촌2동 1023-11,만촌2동,트위스트+싸이클론,1,공원녹지과,053-666-2862,2011,2023-04-12
대구광역시,수성구,만촌2동 1023-11,만촌2동 1023-11,만촌2동,스카이워킹,1,공원녹지과,053-666-2862,2011,2023-04-12
대구광역시,수성구,만촌2동 1023-11,만촌2동 1023-11,만촌2동,사이드스윙,1,공원녹지과,053-666-2862,2011,2023-04-12
대구광역시,수성구,만촌2동 1023-11,만촌2동 1023-11,만촌2동,푸쉬에이트,1,공원녹지과,053-666-2862,2011,2023-04-12
대구광역시,수성구,만촌2동 1023-11,만촌2동 1023-11,만촌2동,어깨돌리기,1,공원녹지과,053-666-2862,2011,2023-04-12
대구광역시,수성구,만촌2동 991-8,만촌2동 991-8,만촌2동,스카이워킹,1,공원녹지과,053-666-2862,2012,2023-04-12
대구광역시,수성구,만촌2동 991-8,만촌2동 991-8,만촌2동,레그프레스,1,공원녹지과,053-666-2862,2012,2023-04-12
대구광역시,수성구,만촌2동 991-8,만촌2동 991-8,만촌2동,러닝싸이클,1,공원녹지과,053-666-2862,2012,2023-04-12
대구광역시,수성구,만촌2동 991-8,만촌2동 991-8,만촌2동,사이드스윙+터닝암,1,공원녹지과,053-666-2862,2012,2023-04-12
대구광역시,수성구,만촌3동 852,만촌3동 852,만촌3동,롤링웨이스트,1,공원녹지과,053-666-2862,2008,2023-04-12
대구광역시,수성구,만촌3동 852,만촌3동 852,만촌3동,크로스컨트리,1,공원녹지과,053-666-2862,2008,2023-04-12
대구광역시,수성구,만촌3동 852,만촌3동 852,만촌3동,레그스트레치,1,공원녹지과,053-666-2862,2008,2023-04-12
대구광역시,수성구,만촌3동 852,만촌3동 852,만촌3동,체어풀,1,공원녹지과,053-666-2862,2008,2023-04-12
대구광역시,수성구,만촌3동 852,만촌3동 852,만촌3동,트위트위스트,1,공원녹지과,053-666-2862,2008,2023-04-12
대구광역시,수성구,만촌3동 862,만촌3동 862,만촌3동,마사지롤+스텐드업,1,공원녹지과,053-666-2862,2014,2023-04-12
대구광역시,수성구,만촌3동 862,만촌3동 862,만촌3동,풀웨이트+파워프레스,1,공원녹지과,053-666-2862,2014,2023-04-12
대구광역시,수성구,만촌3동 862,만촌3동 862,만촌3동,스카이워킹+크로스워킹,1,공원녹지과,053-666-2862,2014,2023-04-12
대구광역시,수성구,만촌3동 862,만촌3동 862,만촌3동,바디싣업,1,공원녹지과,053-666-2862,2014,2023-04-12
대구광역시,수성구,만촌3동 862,만촌3동 862,만촌3동,파워사이클+트위스트,1,공원녹지과,053-666-2862,2014,2023-04-12
대구광역시,수성구,만촌3동 862,만촌3동 862,만촌3동,푸쉬웨이트+레그프레스,1,공원녹지과,053-666-2862,2014,2023-04-12
대구광역시,수성구,만촌3동 862,만촌3동 862,만촌3동,사이드스윙+터닝암,1,공원녹지과,053-666-2862,2014,2023-04-12
대구광역시,수성구,만촌3동 870-13,만촌3동 870-13,만촌3동,트리플트위스트,1,공원녹지과,053-666-2862,2009,2023-04-12
대구광역시,수성구,만촌3동 870-13,만촌3동 870-13,만촌3동,크로스컨트리,1,공원녹지과,053-666-2862,2009,2023-04-12
대구광역시,수성구,만촌3동 870-13,만촌3동 870-13,만촌3동,스텝싸이클,1,공원녹지과,053-666-2862,2009,2023-04-12
대구광역시,수성구,만촌3동 874-2,만촌3동 874-2,만촌3동,사이드스윙,1,공원녹지과,053-666-2862,2011,2023-04-12
대구광역시,수성구,만촌3동 874-2,만촌3동 874-2,만촌3동,터닝암,1,공원녹지과,053-666-2862,2011,2023-04-12
대구광역시,수성구,만촌3동 874-2,만촌3동 874-2,만촌3동,트위스트,1,공원녹지과,053-666-2862,2011,2023-04-12
대구광역시,수성구,만촌3동 874-2,만촌3동 874-2,만촌3동,스카이워킹,1,공원녹지과,053-666-2862,2011,2023-04-12
대구광역시,수성구,만촌3동 870-13,만촌3동 870-13,만촌3동,트리플트위스트,1,공원녹지과,053-666-2862,2009,2023-04-12
대구광역시,수성구,만촌3동 870-13,만촌3동 870-13,만촌3동,크로스컨트리,1,공원녹지과,053-666-2862,2009,2023-04-12
대구광역시,수성구,만촌3동 870-13,만촌3동 870-13,만촌3동,스텝싸이클,1,공원녹지과,053-666-2862,2009,2023-04-12
대구광역시,수성구,만촌3동 870-13,만촌3동 870-13,만촌3동,사이드스윙,1,공원녹지과,053-666-2862,2011,2023-04-12
대구광역시,수성구,만촌3동 870-13,만촌3동 870-13,만촌3동,터닝암,1,공원녹지과,053-666-2862,2011,2023-04-12
대구광역시,수성구,만촌3동 870-13,만촌3동 870-13,만촌3동,트위스트,1,공원녹지과,053-666-2862,2011,2023-04-12
대구광역시,수성구,만촌3동 870-13,만촌3동 870-13,만촌3동,스카이워킹,1,공원녹지과,053-666-2862,2011,2023-04-12
대구광역시,수성구,수성3가 130-2,수성3가 130-2,수성3가동,터닝암,1,공원녹지과,053-666-2862,2009,2023-04-12
대구광역시,수성구,수성3가 130-2,수성3가 130-2,수성3가동,사이드스윙,1,공원녹지과,053-666-2862,2009,2023-04-12
대구광역시,수성구,수성3가 130-2,수성3가 130-2,수성3가동,바디싣업,1,공원녹지과,053-666-2862,2009,2023-04-12
대구광역시,수성구,수성3가 130-2,수성3가 130-2,수성3가동,스카이워킹+크로스워킹,1,공원녹지과,053-666-2862,2009,2023-04-12
대구광역시,수성구,수성3가 130-2,수성3가 130-2,수성3가동,트위스트+파워사이클,1,공원녹지과,053-666-2862,2009,2023-04-12
대구광역시,수성구,수성3가 216,수성3가 216,수성3가동,트리플트위스트,1,공원녹지과,053-666-2862,2009,2023-04-12
대구광역시,수성구,수성3가 216,수성3가 216,수성3가동,워밍암,1,공원녹지과,053-666-2862,2009,2023-04-12
대구광역시,수성구,수성3가 216,수성3가 216,수성3가동,윗몸일으키기,1,공원녹지과,053-666-2862,2009,2023-04-12
대구광역시,수성구,수성3가 216,수성3가 216,수성3가동,공중걷기,1,공원녹지과,053-666-2862,2009,2023-04-12
대구광역시,수성구,수성3가 216,수성3가 216,수성3가동,앞으로밀기,1,공원녹지과,053-666-2862,2009,2023-04-12
대구광역시,수성구,수성3가 216,수성3가 216,수성3가동,노젓기,1,공원녹지과,053-666-2862,2009,2023-04-12
대구광역시,수성구,수성3가 216,수성3가 216,수성3가동,좌식싸이클,1,공원녹지과,053-666-2862,2009,2023-04-12
대구광역시,수성구,수성3가 216,수성3가 216,수성3가동,달리기,1,공원녹지과,053-666-2862,2009,2023-04-12
대구광역시,수성구,수성4가 1009-2,수성4가 1009-2,수성4가동,레그프레스,1,공원녹지과,053-666-2862,2020,2023-04-12
대구광역시,수성구,수성4가 1009-2,수성4가 1009-2,수성4가동,온몸근육풀기,1,공원녹지과,053-666-2862,2020,2023-04-12
대구광역시,수성구,수성4가 1009-2,수성4가 1009-2,수성4가동,체스트프레서+할리풀리,1,공원녹지과,053-666-2862,2020,2023-04-12
대구광역시,수성구,수성4가 1009-2,수성4가 1009-2,수성4가동,윗몸일으키기+허리돌리기,1,공원녹지과,053-666-2862,2020,2023-04-12
대구광역시,수성구,수성4가 1009-2,수성4가 1009-2,수성4가동,공중걷기+입식싸이클,1,공원녹지과,053-666-2862,2020,2023-04-12
대구광역시,수성구,수성4가 1009-2,수성4가 1009-2,수성4가동,달리기+하체흔들기,1,공원녹지과,053-666-2862,2020,2023-04-12
대구광역시,수성구,황금2동 750,황금2동 750,황금2동,체어풀,1,공원녹지과,053-666-2862,2018,2023-04-12
대구광역시,수성구,황금2동 750,황금2동 750,황금2동,바디싣업,1,공원녹지과,053-666-2862,2018,2023-04-12
대구광역시,수성구,황금2동 750,황금2동 750,황금2동,허리돌리기,1,공원녹지과,053-666-2862,2018,2023-04-12
대구광역시,수성구,황금2동 750,황금2동 750,황금2동,하체흔들기,1,공원녹지과,053-666-2862,2018,2023-04-12
대구광역시,수성구,황금2동 750,황금2동 750,황금2동,공중걷기,1,공원녹지과,053-666-2862,2018,2023-04-12
대구광역시,수성구,황금2동 750,황금2동 750,황금2동,온몸근육풀기,1,공원녹지과,053-666-2862,2018,2023-04-12
대구광역시,수성구,황금2동 721,황금2동 721,황금2동,체어풀,1,공원녹지과,053-666-2862,2007,2023-04-12
대구광역시,수성구,황금2동 721,황금2동 721,황금2동,등허리지압기,1,공원녹지과,053-666-2862,2007,2023-04-12
대구광역시,수성구,황금2동 721,황금2동 721,황금2동,트리플트위스트,1,공원녹지과,053-666-2862,2007,2023-04-12
대구광역시,수성구,황금2동 721,황금2동 721,황금2동,윗몸일으키기,1,공원녹지과,053-666-2862,2007,2023-04-12
대구광역시,수성구,황금2동 721,황금2동 721,황금2동,달리기,1,공원녹지과,053-666-2862,2007,2023-04-12
대구광역시,수성구,황금2동 721,황금2동 721,황금2동,하늘걷기,1,공원녹지과,053-666-2862,2007,2023-04-12
대구광역시,수성구,황금2동 721,황금2동 721,황금2동,파도타기,1,공원녹지과,053-666-2862,2007,2023-04-12
대구광역시,수성구,황금2동 802,황금2동 802,황금2동,온몸근육풀기,1,공원녹지과,053-666-2862,2018,2023-04-12
대구광역시,수성구,황금2동 802,황금2동 802,황금2동,하체흔들기,1,공원녹지과,053-666-2862,2018,2023-04-12
대구광역시,수성구,황금2동 802,황금2동 802,황금2동,허리돌리기,1,공원녹지과,053-666-2862,2018,2023-04-12
대구광역시,수성구,황금2동 802,황금2동 802,황금2동,달리기,1,공원녹지과,053-666-2862,2018,2023-04-12
대구광역시,수성구,중동 12,중동 12,중동,롤링웨이스트,1,공원녹지과,053-666-2862,2008,2023-04-12
대구광역시,수성구,중동 12,중동 12,중동,레그프레스,1,공원녹지과,053-666-2862,2008,2023-04-12
대구광역시,수성구,중동 12,중동 12,중동,트윈트위스트,1,공원녹지과,053-666-2862,2008,2023-04-12
대구광역시,수성구,중동 12,중동 12,중동,워밍암,1,공원녹지과,053-666-2862,2008,2023-04-12
대구광역시,수성구,중동 12,중동 12,중동,크로스컨트리,1,공원녹지과,053-666-2862,2008,2023-04-12
대구광역시,수성구,중동 12,중동 12,중동,노젓기,1,공원녹지과,053-666-2862,2008,2023-04-12
대구광역시,수성구,중동 12,중동 12,중동,달리기,1,공원녹지과,053-666-2862,2008,2023-04-12
대구광역시,수성구,중동 12,중동 12,중동,좌식싸이클,1,공원녹지과,053-666-2862,2008,2023-04-12
대구광역시,수성구,중동 127,중동 127,중동,달리기+공중걷기,1,공원녹지과,053-666-2862,2020,2023-04-12
대구광역시,수성구,중동 127,중동 127,중동,허리돌리기+하체흔들기,1,공원녹지과,053-666-2862,2020,2023-04-12
대구광역시,수성구,중동 127,중동 127,중동,온몸근육풀기,1,공원녹지과,053-666-2862,2020,2023-04-12
대구광역시,수성구,중동 127,중동 127,중동,노젓기,1,공원녹지과,053-666-2862,2020,2023-04-12
대구광역시,수성구,중동 127,중동 127,중동,입식싸이클,1,공원녹지과,053-666-2862,2020,2023-04-12
대구광역시,수성구,중동 171,중동 171,중동,스카이워킹,1,공원녹지과,053-666-2862,2007,2023-04-12
대구광역시,수성구,중동 171,중동 171,중동,워밍암,1,공원녹지과,053-666-2862,2007,2023-04-12
대구광역시,수성구,중동 171,중동 171,중동,트리플트위스트,1,공원녹지과,053-666-2862,2007,2023-04-12
대구광역시,수성구,중동 171,중동 171,중동,윗몸일으키기,1,공원녹지과,053-666-2862,2007,2023-04-12
대구광역시,수성구,중동 171,중동 171,중동,레그프레스,1,공원녹지과,053-666-2862,2007,2023-04-12
대구광역시,수성구,중동 171,중동 171,중동,사이드스윙,1,공원녹지과,053-666-2862,2007,2023-04-12
대구광역시,수성구,중동 171,중동 171,중동,스카이워킹,1,공원녹지과,053-666-2862,2007,2023-04-12
대구광역시,수성구,중동 171,중동 171,중동,터닝암,1,공원녹지과,053-666-2862,2007,2023-04-12
대구광역시,수성구,중동 171,중동 171,중동,허리운동기구,1,공원녹지과,053-666-2862,2007,2023-04-12
대구광역시,수성구,상동 17,상동 17,상동,체어웨이트,1,공원녹지과,053-666-2862,2007,2023-04-12
대구광역시,수성구,상동 17,상동 17,상동,바디싣업,1,공원녹지과,053-666-2862,2007,2023-04-12
대구광역시,수성구,상동 17,상동 17,상동,스텝싸이클,1,공원녹지과,053-666-2862,2007,2023-04-12
대구광역시,수성구,상동 17,상동 17,상동,트리플트위스트,1,공원녹지과,053-666-2862,2007,2023-04-12
대구광역시,수성구,상동 17,상동 17,상동,롤링웨이스트,1,공원녹지과,053-666-2862,2007,2023-04-12
대구광역시,수성구,상동 17,상동 17,상동,워밍암,1,공원녹지과,053-666-2862,2007,2023-04-12
대구광역시,수성구,상동 17,상동 17,상동,크로스컨트리,1,공원녹지과,053-666-2862,2007,2023-04-12
대구광역시,수성구,상동 54,상동 54,상동,스텝싸이클,1,공원녹지과,053-666-2862,2009,2023-04-12
대구광역시,수성구,상동 54,상동 54,상동,워밍암,1,공원녹지과,053-666-2862,2009,2023-04-12
대구광역시,수성구,상동 54,상동 54,상동,트리플트위스트,1,공원녹지과,053-666-2862,2009,2023-04-12
대구광역시,수성구,상동 54,상동 54,상동,크로스컨트리,1,공원녹지과,053-666-2862,2009,2023-04-12
대구광역시,수성구,상동 343,상동 343,상동,스트레칭로라,1,공원녹지과,053-666-2862,2011,2023-04-12
대구광역시,수성구,상동 343,상동 343,상동,롤링웨이스트,1,공원녹지과,053-666-2862,2011,2023-04-12
대구광역시,수성구,상동 343,상동 343,상동,입식싸이클,1,공원녹지과,053-666-2862,2011,2023-04-12
대구광역시,수성구,상동 343,상동 343,상동,크로스컨트리,1,공원녹지과,053-666-2862,2011,2023-04-12
대구광역시,수성구,상동 343,상동 343,상동,윗몸일으키기,1,공원녹지과,053-666-2862,2011,2023-04-12
대구광역시,수성구,상동 343,상동 343,상동,온몸근육풀기,1,공원녹지과,053-666-2862,2011,2023-04-12
대구광역시,수성구,상동 343,상동 343,상동,허리돌리기,1,공원녹지과,053-666-2862,2011,2023-04-12
대구광역시,수성구,상동 400-1,상동 400-1,상동,크로스컨트리,1,공원녹지과,053-666-2862,2012,2023-04-12
대구광역시,수성구,상동 400-1,상동 400-1,상동,롤링웨이스트,1,공원녹지과,053-666-2862,2012,2023-04-12
대구광역시,수성구,상동 400-1,상동 400-1,상동,스텝싸이클,1,공원녹지과,053-666-2862,2012,2023-04-12
대구광역시,수성구,상동 400-1,상동 400-1,상동,온몸노젓기,1,공원녹지과,053-666-2862,2012,2023-04-12
대구광역시,수성구,상동 400-1,상동 400-1,상동,다리뻗치기,1,공원녹지과,053-666-2862,2012,2023-04-12
대구광역시,수성구,상동 400-1,상동 400-1,상동,윗몸일으키기,1,공원녹지과,053-666-2862,2012,2023-04-12
대구광역시,수성구,상동 400-1,상동 400-1,상동,허리돌리기,1,공원녹지과,053-666-2862,2012,2023-04-12
대구광역시,수성구,상동 400-1,상동 400-1,상동,평행봉,1,공원녹지과,053-666-2862,2012,2023-04-12
대구광역시,수성구,상동 400-1,상동 400-1,상동,온몸근육풀기,1,공원녹지과,053-666-2862,2012,2023-04-12
대구광역시,수성구,두산동 41,두산동 41,두산동,스텝싸이클,1,공원녹지과,053-666-2862,2014,2023-04-12
대구광역시,수성구,두산동 41,두산동 41,두산동,워밍암,1,공원녹지과,053-666-2862,2014,2023-04-12
대구광역시,수성구,두산동 41,두산동 41,두산동,레그스트레치,1,공원녹지과,053-666-2862,2014,2023-04-12
대구광역시,수성구,두산동 41,두산동 41,두산동,트위트위스트,1,공원녹지과,053-666-2862,2014,2023-04-12
대구광역시,수성구,두산동 41,두산동 41,두산동,롤링웨이스트,1,공원녹지과,053-666-2862,2014,2023-04-12
대구광역시,수성구,두산동 41,두산동 41,두산동,크로스컨트리,1,공원녹지과,053-666-2862,2014,2023-04-12
대구광역시,수성구,두산동 141,두산동 141,두산동,크로스컨트리,1,공원녹지과,053-666-2862,2009,2023-04-12
대구광역시,수성구,두산동 141,두산동 141,두산동,핸들웨이트,1,공원녹지과,053-666-2862,2009,2023-04-12
대구광역시,수성구,두산동 141,두산동 141,두산동,트윈트위스트,1,공원녹지과,053-666-2862,2009,2023-04-12
대구광역시,수성구,두산동 141,두산동 141,두산동,스트레칭롤러,1,공원녹지과,053-666-2862,2009,2023-04-12
대구광역시,수성구,두산동 141,두산동 141,두산동,롤링웨이스트,1,공원녹지과,053-666-2862,2009,2023-04-12
대구광역시,수성구,두산동 155,두산동 155,두산동,트리플트위스트,1,공원녹지과,053-666-2862,2007,2023-04-12
대구광역시,수성구,두산동 155,두산동 155,두산동,트윈워밍암,1,공원녹지과,053-666-2862,2007,2023-04-12
대구광역시,수성구,두산동 155,두산동 155,두산동,하체흔들기+달리기,1,공원녹지과,053-666-2862,2007,2023-04-12
대구광역시,수성구,두산동 155,두산동 155,두산동,온몸근육풀기,1,공원녹지과,053-666-2862,2007,2023-04-12
대구광역시,수성구,두산동 155,두산동 155,두산동,달리기+공중걷기,1,공원녹지과,053-666-2862,2007,2023-04-12
대구광역시,수성구,두산동 155,두산동 155,두산동,입식싸이클,1,공원녹지과,053-666-2862,2007,2023-04-12
대구광역시,수성구,두산동 155,두산동 155,두산동,등허리지압기,1,공원녹지과,053-666-2862,2007,2023-04-12
대구광역시,수성구,두산동 741-7,두산동 741-7,두산동,윗몸일으키기,1,공원녹지과,053-666-2862,2007,2023-04-12
대구광역시,수성구,두산동 741-7,두산동 741-7,두산동,체어풀,1,공원녹지과,053-666-2862,2007,2023-04-12
대구광역시,수성구,두산동 741-7,두산동 741-7,두산동,크로스컨트리,1,공원녹지과,053-666-2862,2007,2023-04-12
대구광역시,수성구,두산동 741-7,두산동 741-7,두산동,롤링웨이스트,1,공원녹지과,053-666-2862,2007,2023-04-12
대구광역시,수성구,두산동 741-7,두산동 741-7,두산동,트리플트위스트,1,공원녹지과,053-666-2862,2007,2023-04-12
대구광역시,수성구,두산동 31-7,두산동 31-7,두산동,트윈트위스트,1,공원녹지과,053-666-2862,2011,2023-04-12
대구광역시,수성구,두산동 31-7,두산동 31-7,두산동,체어웨이트,1,공원녹지과,053-666-2862,2011,2023-04-12
대구광역시,수성구,두산동 31-7,두산동 31-7,두산동,스트레칭로라,1,공원녹지과,053-666-2862,2011,2023-04-12
대구광역시,수성구,두산동 31-7,두산동 31-7,두산동,롤링웨이스트,1,공원녹지과,053-666-2862,2011,2023-04-12
대구광역시,수성구,두산동 31-7,두산동 31-7,두산동,크로스컨트리,1,공원녹지과,053-666-2862,2011,2023-04-12
대구광역시,수성구,두산동 31-7,두산동 31-7,두산동,트윈워밍암,1,공원녹지과,053-666-2862,2011,2023-04-12
대구광역시,수성구,지산1동 1013,지산1동 1013,지산1동,체어풀,1,공원녹지과,053-666-2862,2006,2023-04-12
대구광역시,수성구,지산1동 1013,지산1동 1013,지산1동,워밍암,1,공원녹지과,053-666-2862,2006,2023-04-12
대구광역시,수성구,지산1동 1013,지산1동 1013,지산1동,스텝싸이클,1,공원녹지과,053-666-2862,2006,2023-04-12
대구광역시,수성구,지산1동 1013,지산1동 1013,지산1동,스트레칭로라,1,공원녹지과,053-666-2862,2006,2023-04-12
대구광역시,수성구,지산1동 1013,지산1동 1013,지산1동,윗몸일으키기,1,공원녹지과,053-666-2862,2006,2023-04-12
대구광역시,수성구,지산1동 1013,지산1동 1013,지산1동,롤링웨이스트,1,공원녹지과,053-666-2862,2006,2023-04-12
대구광역시,수성구,지산1동 1013,지산1동 1013,지산1동,레그프레스,1,공원녹지과,053-666-2862,2006,2023-04-12
대구광역시,수성구,지산1동 1013,지산1동 1013,지산1동,앞으로밀기,1,공원녹지과,053-666-2862,2006,2023-04-12
대구광역시,수성구,지산1동 1013,지산1동 1013,지산1동,입식싸이클,1,공원녹지과,053-666-2862,2006,2023-04-12
대구광역시,수성구,지산1동 1013,지산1동 1013,지산1동,공중걷기,1,공원녹지과,053-666-2862,2006,2023-04-12
대구광역시,수성구,지산1동 1013,지산1동 1013,지산1동,트리플트위스트,1,공원녹지과,053-666-2862,2006,2023-04-12
대구광역시,수성구,지산1동 1265,지산1동 1265,지산1동,크로스컨트리,1,공원녹지과,053-666-2862,2009,2023-04-12
대구광역시,수성구,지산1동 1265,지산1동 1265,지산1동,윗몸일으키기,1,공원녹지과,053-666-2862,2009,2023-04-12
대구광역시,수성구,지산1동 1265,지산1동 1265,지산1동,워밍암,1,공원녹지과,053-666-2862,2009,2023-04-12
대구광역시,수성구,지산1동 1265,지산1동 1265,지산1동,달리기,1,공원녹지과,053-666-2862,2009,2023-04-12
대구광역시,수성구,지산1동 1265,지산1동 1265,지산1동,허리돌리기,1,공원녹지과,053-666-2862,2009,2023-04-12
대구광역시,수성구,지산1동 1293,지산1동 1293,지산1동,트윈트위스트,1,공원녹지과,053-666-2862,,2023-04-12
대구광역시,수성구,지산1동 1293,지산1동 1293,지산1동,레그프레스,1,공원녹지과,053-666-2862,,2023-04-12
대구광역시,수성구,지산1동 1293,지산1동 1293,지산1동,워밍암,1,공원녹지과,053-666-2862,,2023-04-12
대구광역시,수성구,지산1동 1287,지산1동 1287,지산1동,트윈트위스트,1,공원녹지과,053-666-2862,2006,2023-04-12
대구광역시,수성구,지산1동 1287,지산1동 1287,지산1동,체어풀,1,공원녹지과,053-666-2862,2006,2023-04-12
대구광역시,수성구,지산1동 1287,지산1동 1287,지산1동,롤링웨이스트,1,공원녹지과,053-666-2862,2006,2023-04-12
대구광역시,수성구,지산1동 1287,지산1동 1287,지산1동,스카이워킹,1,공원녹지과,053-666-2862,2006,2023-04-12
대구광역시,수성구,지산1동 1287,지산1동 1287,지산1동,스탠드업,1,공원녹지과,053-666-2862,2006,2023-04-12
대구광역시,수성구,지산1동 1287,지산1동 1287,지산1동,풀웨이트,1,공원녹지과,053-666-2862,2006,2023-04-12
대구광역시,수성구,지산1동 1287,지산1동 1287,지산1동,온몸근육풀기,1,공원녹지과,053-666-2862,2006,2023-04-12
대구광역시,수성구,지산1동 1280,지산1동 1280,지산1동,스텝사이클,1,공원녹지과,053-666-2862,2019,2023-04-12
대구광역시,수성구,지산1동 1280,지산1동 1280,지산1동,크로스컨트리,1,공원녹지과,053-666-2862,2019,2023-04-12
대구광역시,수성구,지산1동 1280,지산1동 1280,지산1동,트리플트위스트,1,공원녹지과,053-666-2862,2019,2023-04-12
대구광역시,수성구,지산1동 1280,지산1동 1280,지산1동,스트레칭롤러,1,공원녹지과,053-666-2862,2019,2023-04-12
대구광역시,수성구,지산2동 1211-2,지산2동 1211-2,지산2동,옆파도타기+다리뻗치기,1,공원녹지과,053-666-2862,2020,2023-04-12
대구광역시,수성구,지산2동 1211-2,지산2동 1211-2,지산2동,큰활차+작은활차머신,1,공원녹지과,053-666-2862,2020,2023-04-12
대구광역시,수성구,지산2동 1211-2,지산2동 1211-2,지산2동,하늘걷기+달리기,1,공원녹지과,053-666-2862,2020,2023-04-12
대구광역시,수성구,지산2동 1211-2,지산2동 1211-2,지산2동,허리돌리기+윗몸일으키기,1,공원녹지과,053-666-2862,2020,2023-04-12
대구광역시,수성구,지산2동 1272-1,지산2동 1272-1,지산2동,스텝싸이클,1,공원녹지과,053-666-2862,2008,2023-04-12
대구광역시,수성구,지산2동 1272-1,지산2동 1272-1,지산2동,워밍암,1,공원녹지과,053-666-2862,2008,2023-04-12
대구광역시,수성구,지산2동 1272-1,지산2동 1272-1,지산2동,체어풀,1,공원녹지과,053-666-2862,2008,2023-04-12
대구광역시,수성구,지산2동 1272-1,지산2동 1272-1,지산2동,레그스트레치,1,공원녹지과,053-666-2862,2008,2023-04-12
대구광역시,수성구,지산2동 1272-1,지산2동 1272-1,지산2동,트윈트위스트,1,공원녹지과,053-666-2862,2008,2023-04-12
대구광역시,수성구,지산2동 1272-1,지산2동 1272-1,지산2동,체어웨이트,1,공원녹지과,053-666-2862,2008,2023-04-12
대구광역시,수성구,지산2동 1272-1,지산2동 1272-1,지산2동,크로스컨트리,1,공원녹지과,053-666-2862,2008,2023-04-12
대구광역시,수성구,지산2동 1272-1,지산2동 1272-1,지산2동,하체흔들기,1,공원녹지과,053-666-2862,2008,2023-04-12
대구광역시,수성구,지산2동 1272-1,지산2동 1272-1,지산2동,자전거타기,1,공원녹지과,053-666-2862,2008,2023-04-12
대구광역시,수성구,지산2동 1247,지산2동 1247,지산2동,스탠드업+마사지롤,1,공원녹지과,053-666-2862,2019,2023-04-12
대구광역시,수성구,지산2동 1247,지산2동 1247,지산2동,트위스트,1,공원녹지과,053-666-2862,2019,2023-04-12
대구광역시,수성구,지산2동 1247,지산2동 1247,지산2동,바디싣업,1,공원녹지과,053-666-2862,2019,2023-04-12
대구광역시,수성구,지산2동 1247,지산2동 1247,지산2동,롤링웨이스트,1,공원녹지과,053-666-2862,2019,2023-04-12
대구광역시,수성구,지산2동 1247,지산2동 1247,지산2동,다리뻗치기,1,공원녹지과,053-666-2862,2019,2023-04-12
대구광역시,수성구,지산2동 1247,지산2동 1247,지산2동,터닝암,1,공원녹지과,053-666-2862,2019,2023-04-12
대구광역시,수성구,지산2동 1247,지산2동 1247,지산2동,크로스워킹+스카이워킹,1,공원녹지과,053-666-2862,2019,2023-04-12
대구광역시,수성구,지산2동 1247,지산2동 1247,지산2동,전신올리기,1,공원녹지과,053-666-2862,2019,2023-04-12
대구광역시,수성구,지산2동 1256,지산2동 1256,지산2동,크로스컨트리+체어풀,1,공원녹지과,053-666-2862,2009,2023-04-12
대구광역시,수성구,지산2동 1256,지산2동 1256,지산2동,워밍암+스텝싸이클,1,공원녹지과,053-666-2862,2009,2023-04-12
대구광역시,수성구,지산2동 1256,지산2동 1256,지산2동,스트레칭롤러+롤링웨이스트,1,공원녹지과,053-666-2862,2009,2023-04-12
대구광역시,수성구,지산2동 1256,지산2동 1256,지산2동,레그프레스,1,공원녹지과,053-666-2862,2009,2023-04-12
대구광역시,수성구,지산2동 1256,지산2동 1256,지산2동,트리플트위스트,1,공원녹지과,053-666-2862,2009,2023-04-12
대구광역시,수성구,범물1동 1279-3,범물1동 1279-3,범물1동,트윈트위스트,1,공원녹지과,053-666-2862,2015,2023-04-12
대구광역시,수성구,범물1동 1279-3,범물1동 1279-3,범물1동,바디싣업,1,공원녹지과,053-666-2862,2015,2023-04-12
대구광역시,수성구,범물1동 1279-3,범물1동 1279-3,범물1동,레그프레스,1,공원녹지과,053-666-2862,2015,2023-04-12
대구광역시,수성구,범물1동 1279-3,범물1동 1279-3,범물1동,풀웨이트,1,공원녹지과,053-666-2862,2015,2023-04-12
대구광역시,수성구,범물1동 1279-3,범물1동 1279-3,범물1동,터닝암,1,공원녹지과,053-666-2862,2015,2023-04-12
대구광역시,수성구,범물1동 1283-2,범물1동 1283-2,범물1동,아래로당기기,1,공원녹지과,053-666-2862,2010,2023-04-12
대구광역시,수성구,범물1동 1283-2,범물1동 1283-2,범물1동,하체흔들기+달리기,1,공원녹지과,053-666-2862,2010,2023-04-12
대구광역시,수성구,범물1동 1283-2,범물1동 1283-2,범물1동,허리돌리기,1,공원녹지과,053-666-2862,2010,2023-04-12
대구광역시,수성구,범물1동 1283-2,범물1동 1283-2,범물1동,온몸근육풀기+어깨근육풀기,1,공원녹지과,053-666-2862,2010,2023-04-12
대구광역시,수성구,범물1동 1288-2,범물1동 1288-2,범물1동,트윈트위스트,1,공원녹지과,053-666-2862,2019,2023-04-12
대구광역시,수성구,범물1동 1288-2,범물1동 1288-2,범물1동,워밍암+스텝사이클,1,공원녹지과,053-666-2862,2019,2023-04-12
대구광역시,수성구,범물1동 1288-2,범물1동 1288-2,범물1동,스트레칭롤러+롤링웨이스트,1,공원녹지과,053-666-2862,2019,2023-04-12
대구광역시,수성구,범물1동 1302,범물1동 1302,범물1동,허리돌리기,1,공원녹지과,053-666-2862,2015,2023-04-12
대구광역시,수성구,범물1동 1302,범물1동 1302,범물1동,달리기,1,공원녹지과,053-666-2862,2015,2023-04-12
대구광역시,수성구,범물1동 1302,범물1동 1302,범물1동,등허리지압기,1,공원녹지과,053-666-2862,2015,2023-04-12
대구광역시,수성구,범물1동 1302,범물1동 1302,범물1동,상체근육풀기,1,공원녹지과,053-666-2862,2015,2023-04-12
대구광역시,수성구,범물1동 1302,범물1동 1302,범물1동,파도타기,1,공원녹지과,053-666-2862,2015,2023-04-12
대구광역시,수성구,범물2동 1348,범물2동 1348,범물2동,스텝싸이클,1,공원녹지과,053-666-2862,2007,2023-04-12
대구광역시,수성구,범물2동 1348,범물2동 1348,범물2동,트윈트위스트,1,공원녹지과,053-666-2862,2007,2023-04-12
대구광역시,수성구,범물2동 1348,범물2동 1348,범물2동,크로스컨트리,1,공원녹지과,053-666-2862,2007,2023-04-12
대구광역시,수성구,범물2동 1348,범물2동 1348,범물2동,워밍암,1,공원녹지과,053-666-2862,2007,2023-04-12
대구광역시,수성구,범물2동 1348,범물2동 1348,범물2동,롤링웨이스트,1,공원녹지과,053-666-2862,2007,2023-04-12
대구광역시,수성구,범물2동 1367,범물2동 1367,범물2동,파워싸이클+트위스트,1,공원녹지과,053-666-2862,2015,2023-04-12
대구광역시,수성구,범물2동 1367,범물2동 1367,범물2동,터닝암+사이드스윙,1,공원녹지과,053-666-2862,2015,2023-04-12
대구광역시,수성구,범물2동 1367,범물2동 1367,범물2동,크로스워킹+스카이워킹,1,공원녹지과,053-666-2862,2015,2023-04-12
대구광역시,수성구,범물2동 1376,범물2동 1376,범물2동,공중걷기,1,공원녹지과,053-666-2862,2019,2023-04-12
대구광역시,수성구,범물2동 1376,범물2동 1376,범물2동,달리기,1,공원녹지과,053-666-2862,2019,2023-04-12
대구광역시,수성구,범물2동 1376,범물2동 1376,범물2동,온몸근육풀기,1,공원녹지과,053-666-2862,2019,2023-04-12
대구광역시,수성구,범물2동 1376,범물2동 1376,범물2동,하체흔들기,1,공원녹지과,053-666-2862,2019,2023-04-12
대구광역시,수성구,범물2동 1376,범물2동 1376,범물2동,허리돌리기,1,공원녹지과,053-666-2862,2019,2023-04-12
대구광역시,수성구,범물2동 1376,범물2동 1376,범물2동,입식싸이클,1,공원녹지과,053-666-2862,2019,2023-04-12
대구광역시,수성구,범물2동 1376,범물2동 1376,범물2동,철봉,1,공원녹지과,053-666-2862,2019,2023-04-12
대구광역시,수성구,고산1 신매 579-1,고산1 신매 579-1,고산1동,푸쉬웨이트+레그프레스,1,공원녹지과,053-666-2862,2013,2023-04-12
대구광역시,수성구,고산1 신매 579-1,고산1 신매 579-1,고산1동,파워싸이클+트위스트,1,공원녹지과,053-666-2862,2013,2023-04-12
대구광역시,수성구,고산1 신매 579-1,고산1 신매 579-1,고산1동,크로스워킹+스카이워킹,1,공원녹지과,053-666-2862,2013,2023-04-12
대구광역시,수성구,고산1 신매 579-1,고산1 신매 579-1,고산1동,터닝암+사이드스윙,1,공원녹지과,053-666-2862,2013,2023-04-12
대구광역시,수성구,고산1 신매 580-2,고산1 신매 580-2,고산1동,달리기,1,공원녹지과,053-666-2862,2016,2023-04-12
대구광역시,수성구,고산1 신매 580-2,고산1 신매 580-2,고산1동,파도타기,1,공원녹지과,053-666-2862,2016,2023-04-12
대구광역시,수성구,고산1 신매 580-2,고산1 신매 580-2,고산1동,등허리지압기,1,공원녹지과,053-666-2862,2016,2023-04-12
대구광역시,수성구,고산1 신매 580-2,고산1 신매 580-2,고산1동,허리돌리기,1,공원녹지과,053-666-2862,2016,2023-04-12
대구광역시,수성구,고산1 신매 580-2,고산1 신매 580-2,고산1동,상체근육풀기,1,공원녹지과,053-666-2862,2016,2023-04-12
대구광역시,수성구,고산1 신매 586,고산1 신매 586,고산1동,파워프레스+풀웨이트,1,공원녹지과,053-666-2862,2019,2023-04-12
대구광역시,수성구,고산1 신매 586,고산1 신매 586,고산1동,허리돌리기,1,공원녹지과,053-666-2862,2019,2023-04-12
대구광역시,수성구,고산1 신매 586,고산1 신매 586,고산1동,상체근육풀기,1,공원녹지과,053-666-2862,2019,2023-04-12
대구광역시,수성구,고산1 신매 586,고산1 신매 586,고산1동,공중걷기+달리기,1,공원녹지과,053-666-2862,2019,2023-04-12
대구광역시,수성구,고산1 신매 594-2,고산1 신매 594-2,고산1동,허리돌리기,1,공원녹지과,053-666-2862,2013,2023-04-12
대구광역시,수성구,고산1 신매 594-2,고산1 신매 594-2,고산1동,달리기,1,공원녹지과,053-666-2862,2013,2023-04-12
대구광역시,수성구,고산1 신매 594-2,고산1 신매 594-2,고산1동,파도타기,1,공원녹지과,053-666-2862,2013,2023-04-12
대구광역시,수성구,고산1 신매 594-2,고산1 신매 594-2,고산1동,등허리지압기,1,공원녹지과,053-666-2862,2013,2023-04-12
대구광역시,수성구,고산1 신매 598,고산1 신매 598,고산1동,체어풀,1,공원녹지과,053-666-2862,2017,2023-04-12
대구광역시,수성구,고산1 신매 598,고산1 신매 598,고산1동,트윈트위스트,1,공원녹지과,053-666-2862,2017,2023-04-12
대구광역시,수성구,고산1 신매 598,고산1 신매 598,고산1동,스카이워킹,1,공원녹지과,053-666-2862,2017,2023-04-12
대구광역시,수성구,고산1 신매 598,고산1 신매 598,고산1동,터닝암+사이드스윙,1,공원녹지과,053-666-2862,2017,2023-04-12
대구광역시,수성구,고산1 신매 598,고산1 신매 598,고산1동,윗몸일으키기,1,공원녹지과,053-666-2862,2017,2023-04-12
대구광역시,수성구,고산2 시지 137-5,고산2 시지 137-5,고산2동,원그리기,1,공원녹지과,053-666-2862,2007,2023-04-12
대구광역시,수성구,고산2 시지 137-5,고산2 시지 137-5,고산2동,달리기,1,공원녹지과,053-666-2862,2007,2023-04-12
대구광역시,수성구,고산2 시지 137-5,고산2 시지 137-5,고산2동,가로하늘타기,1,공원녹지과,053-666-2862,2007,2023-04-12
대구광역시,수성구,고산2 시지 137-5,고산2 시지 137-5,고산2동,앉아밀기+하늘걷기,1,공원녹지과,053-666-2862,2007,2023-04-12
대구광역시,수성구,고산2 시지 487,고산2 시지 487,고산2동,터닝암+사이드스윙,1,공원녹지과,053-666-2862,2012,2023-04-12
대구광역시,수성구,고산2 시지 487,고산2 시지 487,고산2동,크로스워킹+스카이워킹,1,공원녹지과,053-666-2862,2012,2023-04-12
대구광역시,수성구,고산2 시지 487,고산2 시지 487,고산2동,파워싸이클+트위스트,1,공원녹지과,053-666-2862,2012,2023-04-12
대구광역시,수성구,고산2 시지 487,고산2 시지 487,고산2동,푸쉬웨이트+레그프레스,1,공원녹지과,053-666-2862,2012,2023-04-12
대구광역시,수성구,고산2 시지 487,고산2 시지 487,고산2동,다리오므리기+역기내리기,1,공원녹지과,053-666-2862,2012,2023-04-12
대구광역시,수성구,고산2 시지 498-1,고산2 시지 498-1,고산2동,바디싣업,1,공원녹지과,053-666-2862,2011,2023-04-12
대구광역시,수성구,고산2 시지 498-1,고산2 시지 498-1,고산2동,레그프레스,1,공원녹지과,053-666-2862,2011,2023-04-12
대구광역시,수성구,고산2 시지 498-1,고산2 시지 498-1,고산2동,스카이워킹,1,공원녹지과,053-666-2862,2011,2023-04-12
대구광역시,수성구,고산2 시지 498-1,고산2 시지 498-1,고산2동,달리기,1,공원녹지과,053-666-2862,2011,2023-04-12
대구광역시,수성구,고산2 시지 498-1,고산2 시지 498-1,고산2동,터닝암,1,공원녹지과,053-666-2862,2011,2023-04-12
대구광역시,수성구,고산2 시지 498-1,고산2 시지 498-1,고산2동,허리돌리기,1,공원녹지과,053-666-2862,2011,2023-04-12
대구광역시,수성구,고산2 시지 509-1,고산2 시지 509-1,고산2동,터닝암,1,공원녹지과,053-666-2862,2009,2023-04-12
대구광역시,수성구,고산2 시지 509-1,고산2 시지 509-1,고산2동,마사지롤,1,공원녹지과,053-666-2862,2009,2023-04-12
대구광역시,수성구,고산2 시지 509-1,고산2 시지 509-1,고산2동,크로스컨트리,1,공원녹지과,053-666-2862,2009,2023-04-12
대구광역시,수성구,고산2 시지 509-1,고산2 시지 509-1,고산2동,롤링웨이스트,1,공원녹지과,053-666-2862,2009,2023-04-12
대구광역시,수성구,고산2 시지 509-1,고산2 시지 509-1,고산2동,체어웨이트,1,공원녹지과,053-666-2862,2009,2023-04-12
대구광역시,수성구,고산3 매호 1329,고산3 매호 1329,고산3동,허리돌리기,1,공원녹지과,053-666-2862,2020,2023-04-12
대구광역시,수성구,고산3 매호 1329,고산3 매호 1329,고산3동,큰활차,1,공원녹지과,053-666-2862,2020,2023-04-12
대구광역시,수성구,고산3 매호 1329,고산3 매호 1329,고산3동,하늘걷기,1,공원녹지과,053-666-2862,2020,2023-04-12
대구광역시,수성구,고산3 매호 1329,고산3 매호 1329,고산3동,달리기,1,공원녹지과,053-666-2862,2020,2023-04-12
대구광역시,수성구,고산3 매호 1329,고산3 매호 1329,고산3동,말타기+윗몸일으키기,1,공원녹지과,053-666-2862,2020,2023-04-12
대구광역시,수성구,고산3 매호 1329,고산3 매호 1329,고산3동,가로하늘타기+앉아밀기,1,공원녹지과,053-666-2862,2020,2023-04-12
대구광역시,수성구,고산3 매호 1333,고산3 매호 1333,고산3동,터닝암,1,공원녹지과,053-666-2862,2018,2023-04-12
대구광역시,수성구,고산3 매호 1333,고산3 매호 1333,고산3동,크로스워킹+스카이워킹,1,공원녹지과,053-666-2862,2018,2023-04-12
대구광역시,수성구,고산3 매호 1333,고산3 매호 1333,고산3동,트위스트,1,공원녹지과,053-666-2862,2018,2023-04-12
대구광역시,수성구,고산3 매호 1330-2,고산3 매호 1330-2,고산3동,워밍암,1,공원녹지과,053-666-2862,2003,2023-04-12
대구광역시,수성구,고산3 매호 1330-2,고산3 매호 1330-2,고산3동,크로스컨트리,1,공원녹지과,053-666-2862,2003,2023-04-12
대구광역시,수성구,고산3 매호 1330-2,고산3 매호 1330-2,고산3동,스트레칭로라,1,공원녹지과,053-666-2862,2003,2023-04-12
대구광역시,수성구,고산3 매호 1330-2,고산3 매호 1330-2,고산3동,롤링웨이스트,1,공원녹지과,053-666-2862,2003,2023-04-12
대구광역시,수성구,고산3 매호 1330-2,고산3 매호 1330-2,고산3동,롤링웨이스트,1,공원녹지과,053-666-2862,2003,2023-04-12
대구광역시,수성구,고산3 매호 1330-2,고산3 매호 1330-2,고산3동,러닝싸이클,1,공원녹지과,053-666-2862,2003,2023-04-12
대구광역시,수성구,고산3 매호 1330-2,고산3 매호 1330-2,고산3동,레그프레스,1,공원녹지과,053-666-2862,2003,2023-04-12
대구광역시,수성구,고산3 매호 1330-2,고산3 매호 1330-2,고산3동,바디싣업,1,공원녹지과,053-666-2862,2003,2023-04-12
대구광역시,수성구,고산3 매호 1330-2,고산3 매호 1330-2,고산3동,트위스트,1,공원녹지과,053-666-2862,2003,2023-04-12
대구광역시,수성구,고산3 사월동 646,고산3 사월동 646,고산3동,허리돌리기,1,공원녹지과,053-666-2862,2020,2023-04-12
대구광역시,수성구,고산3 사월동 646,고산3 사월동 646,고산3동,큰활차,1,공원녹지과,053-666-2862,2020,2023-04-12
대구광역시,수성구,고산3 사월동 646,고산3 사월동 646,고산3동,하늘걷기,1,공원녹지과,053-666-2862,2020,2023-04-12
대구광역시,수성구,고산3 사월동 646,고산3 사월동 646,고산3동,달리기,1,공원녹지과,053-666-2862,2020,2023-04-12
대구광역시,수성구,고산3 사월동 646,고산3 사월동 646,고산3동,말타기+윗몸일으키기,1,공원녹지과,053-666-2862,2020,2023-04-12
대구광역시,수성구,고산3 사월동 646,고산3 사월동 646,고산3동,가로하늘타기+앉아밀기,1,공원녹지과,053-666-2862,2020,2023-04-12
대구광역시,수성구,만촌동 산191-1,만촌동 산191-1,만촌2동,달리기외,6,공원녹지과,053-666-2806,2010,2023-04-12
대구광역시,수성구,형제봉,만촌동 산105,만촌2동,다리근육풀기외,20,공원녹지과,053-666-2806,2005,2023-04-12
대구광역시,수성구,우방1차 등산로,만촌동 산226,만촌3동,달리기외,4,공원녹지과,053-666-2806,2010,2023-04-12
대구광역시,수성구,두리봉,만촌동 산407-8,만촌3동,허리돌리기외,20,공원녹지과,053-666-2806,2000,2023-04-12
대구광역시,수성구,무학산,황금동 산94,황금1동,허리돌리기외,15,공원녹지과,053-666-2806,1995,2023-04-12
대구광역시,수성구,신천지아파트 뒤편,황금동 299-4,황금1동,공중걷기외,3,공원녹지과,053-666-2806,2015,2023-04-12
대구광역시,수성구,조일골,황금동 산92-3,황금1동,윗몸일으키기외,10,공원녹지과,053-666-2806,2004,2023-04-12
대구광역시,수성구,법이산 정상,두산동 산26,두산동,달리기외,5,공원녹지과,053-666-2806,2009,2023-04-12
대구광역시,수성구,진밭골,범물동 산191,범물1동,롤링웨이스트외,17,공원녹지과,053-666-2806,1995,2023-04-12
대구광역시,수성구,용지봉,범물동 산347,범물2동,어깨근육풀기외,13,공원녹지과,053-666-2806,,2023-04-12
대구광역시,수성구,욱수골 솔밭정,욱수동 산155,고산1동,어깨근육풀기외,3,공원녹지과,053-666-2806,2015,2023-04-12
대구광역시,수성구,망월체력장,욱수동 산85,고산1동,온몸근육풀기외,21,공원녹지과,053-666-2806,,2023-04-12
대구광역시,수성구,천을산,가천동 산11-3,고산2동,어깨근육풀기외,51,공원녹지과,053-666-2806,1992,2023-04-12
