번호,기구명,개수,위치,설치연도,담당부서,비고
1,달리기,1,효동어린이공원(효목동 120-1),2019,대구광역시 동구청 공원녹지과,㈜미래파크
2,앉아밀기,1,효동어린이공원(효목동 120-1),2019,대구광역시 동구청 공원녹지과,㈜미래파크
3,말타기,1,효동어린이공원(효목동 120-1),2019,대구광역시 동구청 공원녹지과,㈜미래파크
4,가로하늘타기,1,효동어린이공원(효목동 120-1),2019,대구광역시 동구청 공원녹지과,㈜미래파크
5,큰활차,1,효동어린이공원(효목동 120-1),2019,대구광역시 동구청 공원녹지과,㈜미래파크
6,하늘걷기,1,효동어린이공원(효목동 120-1),2019,대구광역시 동구청 공원녹지과,㈜미래파크
7,허리돌리기,1,효동어린이공원(효목동 120-1),2019,대구광역시 동구청 공원녹지과,㈜미래파크
8,스텝사이클,1,효목어린이공원(효목동 409),2016,대구광역시 동구청 공원녹지과,㈜디자인파크개발
9,트리플트위스트,1,효목어린이공원(효목동 409),2016,대구광역시 동구청 공원녹지과,㈜디자인파크개발
10,체어풀,1,효목어린이공원(효목동 409),2016,대구광역시 동구청 공원녹지과,㈜디자인파크개발
11,크로스컨트리,1,효목어린이공원(효목동 409),2016,대구광역시 동구청 공원녹지과,㈜디자인파크개발
12,체어웨이트,1,효목어린이공원(효목동 409),2016,대구광역시 동구청 공원녹지과,㈜디자인파크개발
13,스텝사이클,1,망우당공원(효목동 산234-38),2011,대구광역시 동구청 공원녹지과,㈜디자인파크개발
14,워밍암,1,망우당공원(효목동 산234-38),2011,대구광역시 동구청 공원녹지과,㈜디자인파크개발
15,트리플트위스트,1,망우당공원(효목동 산234-38),2011,대구광역시 동구청 공원녹지과,㈜디자인파크개발
16,하늘걷기,1,망우당공원(효목동 산234-38),2011,대구광역시 동구청 공원녹지과,㈜디자인파크개발
17,허리돌리기,1,해맞이동산(효목동 212-23),2019,대구광역시 동구청 공원녹지과,㈜H&S 스포메딕
18,로프당기기,1,해맞이동산(효목동 212-23),2019,대구광역시 동구청 공원녹지과,㈜H&S 스포메딕
19,롤링웨이스트,2,해맞이동산(효목동 212-23),2019,대구광역시 동구청 공원녹지과,㈜디자인파크개발
20,스트레칭로라 ,1,해맞이동산(효목동 212-23),2019,대구광역시 동구청 공원녹지과,㈜디자인파크개발
21,워밍암,1,해맞이동산(효목동 212-23),2019,대구광역시 동구청 공원녹지과,㈜디자인파크개발
22,스텝사이클,1,해맞이동산(효목동 212-23),2019,대구광역시 동구청 공원녹지과,㈜디자인파크개발
23,체어풀,1,해맞이동산(효목동 212-23),2019,대구광역시 동구청 공원녹지과,㈜디자인파크개발
24,트리플트위스트,1,해맞이동산(효목동 212-23),2019,대구광역시 동구청 공원녹지과,㈜디자인파크개발
25,트윈바디싣업,2,해맞이동산(효목동 212-23),2019,대구광역시 동구청 공원녹지과,㈜디자인파크개발
26,풀웨이트,1,해맞이동산(효목동 212-23),2019,대구광역시 동구청 공원녹지과,㈜디자인파크개발
27,하늘걷기,1,해맞이동산(효목동 212-23),2019,대구광역시 동구청 공원녹지과,㈜디자인파크개발
28,핸들웨이트,1,해맞이동산(효목동 212-23),2019,대구광역시 동구청 공원녹지과,㈜디자인파크개발
29,트윈워밍암,1,해맞이동산(효목동 212-23),2019,대구광역시 동구청 공원녹지과,㈜디자인파크개발
30,허리돌리기,1,해맞이동산(효목동 212-23),2019,대구광역시 동구청 공원녹지과,
31,평행봉,1,해맞이동산(효목동 212-23),2019,대구광역시 동구청 공원녹지과,
32,팔다리 마사지,1,신천어린이공원(신천동 1504),2019,대구광역시 동구청 공원녹지과,㈜예건산업
33,허리 안마기,1,신천어린이공원(신천동 1505),2019,대구광역시 동구청 공원녹지과,㈜예건산업
34,전신 달리기,1,신천어린이공원(신천동 1506),2019,대구광역시 동구청 공원녹지과,㈜예건산업
35,전신 올리기,1,신천어린이공원(신천동 1507),2019,대구광역시 동구청 공원녹지과,㈜예건산업
36,윗몸 일으키기,1,신천어린이공원(신천동 1508),2019,대구광역시 동구청 공원녹지과,㈜예건산업
37,철봉,1,신천어린이공원(신천동 1509),2019,대구광역시 동구청 공원녹지과,㈜예건산업
38,다리 벌려 몸 굽히기,1,신천어린이공원(신천동 1510),2019,대구광역시 동구청 공원녹지과,㈜예건산업
39,허리돌리기,1,선진신암어린이공원(신암동 187-1),2018,대구광역시 동구청 공원녹지과,㈜미래파크
40,앉아밀기,1,선진신암어린이공원(신암동 187-1),2018,대구광역시 동구청 공원녹지과,㈜미래파크
41,큰활차,1,선진신암어린이공원(신암동 187-1),2018,대구광역시 동구청 공원녹지과,㈜미래파크
42,자전거,1,선진신암어린이공원(신암동 187-1),2018,대구광역시 동구청 공원녹지과,㈜미래파크
43,하늘걷기,1,선진신암어린이공원(신암동 187-1),2018,대구광역시 동구청 공원녹지과,㈜미래파크
44,앉아밀기,1,덕성어린이공원(신암동 282-2),2019,대구광역시 동구청 공원녹지과,㈜디자인파크개발
45,스트레칭로라 ,1,덕성어린이공원(신암동 282-2),2019,대구광역시 동구청 공원녹지과,㈜디자인파크개발
46,워밍암,1,덕성어린이공원(신암동 282-2),2019,대구광역시 동구청 공원녹지과,㈜디자인파크개발
47,트윈바디싣업,1,덕성어린이공원(신암동 282-2),2019,대구광역시 동구청 공원녹지과,㈜디자인파크개발
48,풀웨이트,1,덕성어린이공원(신암동 282-2),2019,대구광역시 동구청 공원녹지과,㈜디자인파크개발
49,크로스컨트리,1,신암어린이공원(신암동 669),2009,대구광역시 동구청 공원녹지과,㈜디자인파크개발
50,스텝사이클,1,신암어린이공원(신암동 669),2009,대구광역시 동구청 공원녹지과,㈜디자인파크개발
51,체어웨이트,1,신암어린이공원(신암동 669),2009,대구광역시 동구청 공원녹지과,㈜디자인파크개발
52,가로하늘타기,1,기상대기념공원(신암동 716-87),2021,대구광역시 동구청 공원녹지과,㈜미래파크
53,앉아밀기,1,기상대기념공원(신암동 716-87),2021,대구광역시 동구청 공원녹지과,㈜미래파크
54,팔관절운동,1,기상대기념공원(신암동 716-87),2021,대구광역시 동구청 공원녹지과,㈜미래파크
55,원그리기,1,기상대기념공원(신암동 716-87),2021,대구광역시 동구청 공원녹지과,㈜미래파크
56,달리기,1,기상대기념공원(신암동 716-87),2021,대구광역시 동구청 공원녹지과,㈜미래파크
57,하늘걷기,1,기상대기념공원(신암동 716-87),2021,대구광역시 동구청 공원녹지과,㈜미래파크
58,양팔줄당기기,1,기상대기념공원(신암동 716-87),2021,대구광역시 동구청 공원녹지과,㈜그린나래
59,허리돌리기,1,기상대기념공원(신암동 716-87),2021,대구광역시 동구청 공원녹지과,㈜그린나래
60,온몸허리돌리기,1,기상대기념공원(신암동 716-87),2021,대구광역시 동구청 공원녹지과,㈜케이엘에스
61,다리뻗치기,1,기상대기념공원(신암동 716-87),2021,대구광역시 동구청 공원녹지과,㈜케이엘에스
62,"등,허리지압기",1,기상대기념공원(신암동 716-87),2021,대구광역시 동구청 공원녹지과,㈜케이엘에스
63,온몸역기내리기,1,기상대기념공원(신암동 716-87),2021,대구광역시 동구청 공원녹지과,㈜케이엘에스
64,온몸근육풀기,1,기상대기념공원(신암동 716-87),2021,대구광역시 동구청 공원녹지과,㈜케이엘에스
65,옆타도타기,1,기상대기념공원(신암동 716-87),2021,대구광역시 동구청 공원녹지과,㈜케이엘에스
66,윗몸일으키기,1,기상대기념공원(신암동 716-87),2021,대구광역시 동구청 공원녹지과,㈜케이엘에스
67,온몸노젓기,1,기상대기념공원(신암동 716-87),2021,대구광역시 동구청 공원녹지과,㈜케이엘에스
68,하늘걷기,1,기상대기념공원(신암동 716-87),2021,대구광역시 동구청 공원녹지과,㈜케이엘에스
69,마라톤운동,1,기상대기념공원(신암동 716-87),2021,대구광역시 동구청 공원녹지과,㈜케이엘에스
70,철봉,1,기상대기념공원(신암동 716-87),2021,대구광역시 동구청 공원녹지과,
71,평행봉,1,기상대기념공원(신암동 716-87),2021,대구광역시 동구청 공원녹지과,
72,크로스컨트리,1,신암공원(신암동 647),2017,대구광역시 동구청 공원녹지과,㈜디자인파크개발
73,허리돌리기,1,신암공원(신암동 647),2017,대구광역시 동구청 공원녹지과,㈜디자인파크개발
74,워밍암,1,신암공원(신암동 647),2017,대구광역시 동구청 공원녹지과,㈜디자인파크개발
75,롤링웨이스트,1,신암공원(신암동 647),2017,대구광역시 동구청 공원녹지과,㈜디자인파크개발
76,스트레칭롤러,1,신암공원(신암동 647),2022,대구광역시 동구청 공원녹지과,㈜디자인파크개발
77,양팔줄당기기,1,신암공원(신암동 647),2022,대구광역시 동구청 공원녹지과,㈜디자인파크개발
78,레그프레스,1,신암공원(신암동 647),2017,대구광역시 동구청 공원녹지과,㈜디자인파크개발
79,트윈워밍암,1,신암공원(신암동 647),2017,대구광역시 동구청 공원녹지과,㈜디자인파크개발
80,평행봉,1,신암공원(신암동 647),2017,대구광역시 동구청 공원녹지과,
81,하늘걷기,1,신암공원(신암동 647),2017,대구광역시 동구청 공원녹지과,㈜나우스포츠메디칼
82,작은활차머신,1,신암공원(신암동 647),2017,대구광역시 동구청 공원녹지과,㈜나우스포츠메디칼
83,윗몸일으키기,1,신암공원(신암동 647),2017,대구광역시 동구청 공원녹지과,㈜나우스포츠메디칼
84,허리돌리기,1,신암공원(신암동 647),2017,대구광역시 동구청 공원녹지과,㈜나우스포츠메디칼
85,달리기운동,1,신암공원(신암동 647),2017,대구광역시 동구청 공원녹지과,㈜나우스포츠메디칼
86,등허리지압기,1,신암공원(신암동 647),2022,대구광역시 동구청 공원녹지과,㈜나우스포츠메디칼
87,윗몸일으키기,1,신암공원(신암동 647),2017,대구광역시 동구청 공원녹지과,
88,철봉,1,신암공원(신암동 647),2017,대구광역시 동구청 공원녹지과,
89,원그리기운동,1,신암공원(신암동 647),2017,대구광역시 동구청 공원녹지과,조인존
90,팔내리기운동,1,신암공원(신암동 647),2017,대구광역시 동구청 공원녹지과,조인존
91,등허리운동,1,신암공원(신암동 647),2017,대구광역시 동구청 공원녹지과,조인존
92,다리운동,1,신암공원(신암동 647),2017,대구광역시 동구청 공원녹지과,조인존
93,옆회전 운동,1,신암공원(신암동 647),2017,대구광역시 동구청 공원녹지과,조인존
94,워밍암,1,대구선아양공원(신암동 371-1),2019,대구광역시 동구청 공원녹지과,㈜디자인파크개발
95,롤링웨이스트,1,대구선아양공원(신암동 371-1),2019,대구광역시 동구청 공원녹지과,㈜디자인파크개발
96,풀웨이트,1,대구선아양공원(신암동 371-1),2019,대구광역시 동구청 공원녹지과,㈜디자인파크개발
97,크로스컨트리,1,대구선아양공원(신암동 371-1),2019,대구광역시 동구청 공원녹지과,㈜디자인파크개발
98,복근기르기,1,대구선아양공원(신암동 371-1),2019,대구광역시 동구청 공원녹지과,㈜미래파크
99,스텝사이클,1,대구선아양공원(신암동 371-1),2019,대구광역시 동구청 공원녹지과,㈜디자인파크개발
100,3인 허리돌리기,1,대구선아양공원(신암동 371-1),2019,대구광역시 동구청 공원녹지과,㈜미래파크
101,체어플,1,대구선아양공원(신암동 371-1),2019,대구광역시 동구청 공원녹지과,㈜디자인파크개발
102,허리돌리기,1,신암동541-65,,대구광역시 동구청 공원녹지과,
103,공중걷기,1,신암동541-65,,대구광역시 동구청 공원녹지과,
104,하체흔들기,1,신암동541-65,,대구광역시 동구청 공원녹지과,
105,달리기,1,신암동541-65,,대구광역시 동구청 공원녹지과,
106,온몸근육풀기,1,신암동541-65,,대구광역시 동구청 공원녹지과,
107,어깨근육풀기,1,신암동541-65,,대구광역시 동구청 공원녹지과,
108,앞으로밀기,1,신암동490-10,,대구광역시 동구청 공원녹지과,
109,아래로당기기,1,신암동490-10,,대구광역시 동구청 공원녹지과,
110,허리돌리기,1,신암동490-10,,대구광역시 동구청 공원녹지과,
111,하체흔들기,1,신암동490-10,,대구광역시 동구청 공원녹지과,
112,등허리지압기,2,신암동490-10,,대구광역시 동구청 공원녹지과,
113,달리기,1,신암동490-10,,대구광역시 동구청 공원녹지과,
114,공중걷기,1,신암동490-10,,대구광역시 동구청 공원녹지과,
115,달리기,1,신암동191-10,,대구광역시 동구청 공원녹지과,
116,공중걷기,2,신암동191-10,,대구광역시 동구청 공원녹지과,
117,허리돌리기,2,신암동191-10,,대구광역시 동구청 공원녹지과,
118,하체흔들기,1,신암동191-10,,대구광역시 동구청 공원녹지과,
119,등허리지압기,2,신암동191-10,,대구광역시 동구청 공원녹지과,
120,온몸근육풀기,1,신암동191-10,,대구광역시 동구청 공원녹지과,
121,어깨근육풀기,1,신암동191-10,,대구광역시 동구청 공원녹지과,
122,워밍암,2,숙천동213-2,,대구광역시 동구청 공원녹지과,
123,롤링웨이스트,2,숙천동213-2,,대구광역시 동구청 공원녹지과,
124,풀웨이트,2,숙천동213-2,,대구광역시 동구청 공원녹지과,
125,트윈바디싯업,2,숙천동213-2,,대구광역시 동구청 공원녹지과,
126,레그프레스,2,숙천동213-2,,대구광역시 동구청 공원녹지과,
127,크로스컨트리,2,숙천동234-2,,대구광역시 동구청 공원녹지과,
128,체어웨이트,2,숙천동234-2,,대구광역시 동구청 공원녹지과,
129,스트레칭로라,2,숙천동234-2,,대구광역시 동구청 공원녹지과,
130,트윈트위스트,2,숙천동234-2,,대구광역시 동구청 공원녹지과,
131,핸들웨이트,2,숙천동234-2,,대구광역시 동구청 공원녹지과,
132,스텝사이클,2,율하동878,,대구광역시 동구청 공원녹지과,
133,롤링웨이스트,2,율하동878,,대구광역시 동구청 공원녹지과,
134,트윈바디실업,2,율하동885,,대구광역시 동구청 공원녹지과,
135,레그스트레치,2,율하동885,,대구광역시 동구청 공원녹지과,
136,워밍암,2,율하동885,,대구광역시 동구청 공원녹지과,
137,크로스컨트리,2,율하동885,,대구광역시 동구청 공원녹지과,
138,롤링웨이스트,2,율하동885,,대구광역시 동구청 공원녹지과,
139,스트레칭로라,2,율하동1014,,대구광역시 동구청 공원녹지과,
140,트리플트위스트,2,율하동1014,,대구광역시 동구청 공원녹지과,
141,체어플,2,율하동1014,,대구광역시 동구청 공원녹지과,
142,핸들웨이트,2,율하동1014,,대구광역시 동구청 공원녹지과,
143,스텝사이클,2,율하동1014,,대구광역시 동구청 공원녹지과,
144,트리플트위스트,2,율하동988,,대구광역시 동구청 공원녹지과,
145,스텝사이클,2,율하동988,,대구광역시 동구청 공원녹지과,
146,크로스컨트리,2,율하동988,,대구광역시 동구청 공원녹지과,
147,거꾸리,2,율하동988,,대구광역시 동구청 공원녹지과,
148,백스트레칭,2,율하동988,,대구광역시 동구청 공원녹지과,
149,롤링웨이스트,2,신기동575,,대구광역시 동구청 공원녹지과,
150,체어플,2,신기동575,,대구광역시 동구청 공원녹지과,
151,스텝업,2,신기동575,,대구광역시 동구청 공원녹지과,
152,크로스컨트리,2,신기동575,,대구광역시 동구청 공원녹지과,
153,트윈바디실업,2,신기동575,,대구광역시 동구청 공원녹지과,
154,롤링웨이스트,2,신기동572,,대구광역시 동구청 공원녹지과,
155,스텝업,2,신기동572,,대구광역시 동구청 공원녹지과,
156,크로스컨트리,2,신기동572,,대구광역시 동구청 공원녹지과,
157,체어플,2,신기동572,,대구광역시 동구청 공원녹지과,
158,트윈바디실업,2,신기동572,,대구광역시 동구청 공원녹지과,
159,체어플,2,신기동570,,대구광역시 동구청 공원녹지과,
160,크로스컨트리,2,신기동570,,대구광역시 동구청 공원녹지과,
161,롤링웨이스트,2,신기동570,,대구광역시 동구청 공원녹지과,
162,스텝업,2,신기동570,,대구광역시 동구청 공원녹지과,
163,롤링웨이스트,4,율하동1031,,대구광역시 동구청 공원녹지과,
164,크로스컨트리,4,율하동1031,,대구광역시 동구청 공원녹지과,
165,트윈워밍암,6,율하동1031,,대구광역시 동구청 공원녹지과,
166,체어웨이트,6,율하동1031,,대구광역시 동구청 공원녹지과,
167,트윈트위스트,4,율하동1031,,대구광역시 동구청 공원녹지과,
168,워밍암,4,율하동1031,,대구광역시 동구청 공원녹지과,
169,크로스컨트리,2,신기동597,,대구광역시 동구청 공원녹지과,
170,롤링웨이스트,2,신기동597,,대구광역시 동구청 공원녹지과,
171,트윈워밍암,2,신기동597,,대구광역시 동구청 공원녹지과,
172,체어웨이트,2,신기동597,,대구광역시 동구청 공원녹지과,
173,워밍암,2,신기동597,,대구광역시 동구청 공원녹지과,
174,트윈트위스트,2,신기동597,,대구광역시 동구청 공원녹지과,
175,양팔줄당기기,1,효목동160-132,,대구광역시 동구청 공원녹지과,
176,옆파도타기,1,효목동160-132,,대구광역시 동구청 공원녹지과,
177,온몸근육풀기,1,효목동160-132,,대구광역시 동구청 공원녹지과,
178,온몸역기올리기,1,효목동160-132,,대구광역시 동구청 공원녹지과,
179,온몸등허리돌리기,1,효목동160-132,,대구광역시 동구청 공원녹지과,
180,마라톤운동,1,효목동160-132,,대구광역시 동구청 공원녹지과,
181,하늘걷기,1,효목동160-132,,대구광역시 동구청 공원녹지과,
182,어깨근육풀기,1,효목동160-132,,대구광역시 동구청 공원녹지과,
183,윗몸일으키기,1,효목동195-32,,대구광역시 동구청 공원녹지과,
184,양팔줄당기기,1,효목동195-32,,대구광역시 동구청 공원녹지과,
185,옆파도타기,1,효목동195-32,,대구광역시 동구청 공원녹지과,
186,온몸근육풀기,1,효목동195-32,,대구광역시 동구청 공원녹지과,
187,온몸역기올리기,1,효목동195-32,,대구광역시 동구청 공원녹지과,
188,온몸허리돌리기,1,효목동195-32,,대구광역시 동구청 공원녹지과,
189,마라톤운동,1,효목동195-32,,대구광역시 동구청 공원녹지과,
190,하늘걷기,1,효목동195-32,,대구광역시 동구청 공원녹지과,
191,어깨근육풀기,1,효목동195-32,,대구광역시 동구청 공원녹지과,
192,스트레칭로라,1,효목동146-68,,대구광역시 동구청 공원녹지과,
193,워밍암,1,효목동146-68,,대구광역시 동구청 공원녹지과,
194,풀웨이트,1,효목동146-68,,대구광역시 동구청 공원녹지과,
195,스텝사이클,1,효목동146-68,,대구광역시 동구청 공원녹지과,
196,롤링웨이스트,1,효목동146-68,,대구광역시 동구청 공원녹지과,
197,트윈트위스트,1,효목동146-68,,대구광역시 동구청 공원녹지과,
198,윗몸일으키기 + 허리돌리기,1,각산비나리공원(각산동 1064),2016,대구광역시 동구청 공원녹지과,
199,하체돌리기 + 마라톤달리기,1,각산비나리공원(각산동 1064),2016,대구광역시 동구청 공원녹지과,
200,하체돌리기 + 공중걷기,1,각산비나리공원(각산동 1064),2016,대구광역시 동구청 공원녹지과,
201,허리돌리기 + 몸통돌리기,1,각산비나리공원(각산동 1064),2016,대구광역시 동구청 공원녹지과,
202,공중걷기 + 마라톤달리기,1,각산비나리공원(각산동 1064),2016,대구광역시 동구청 공원녹지과,
203,윗몸일으키기,1,각산비나리공원(각산동 1064),2016,대구광역시 동구청 공원녹지과,
204,허리돌리기,1,각산비나리공원(각산동 1064),2016,대구광역시 동구청 공원녹지과,
205,어깨손목돌리기,1,각산비나리공원(각산동 1064),2016,대구광역시 동구청 공원녹지과,
206,마라톤달리기,1,각산비나리공원(각산동 1064),2016,대구광역시 동구청 공원녹지과,
207,노젓기,1,각산비나리공원(각산동 1064),2016,대구광역시 동구청 공원녹지과,
208,허리돌리기,1,새론공원(각산동 1060),2016,대구광역시 동구청 공원녹지과,
209,어깨손목돌리기,1,새론공원(각산동 1060),2016,대구광역시 동구청 공원녹지과,
210,노젓기,1,새론공원(각산동 1060),2016,대구광역시 동구청 공원녹지과,
211,마라톤달리기,1,새론공원(각산동 1060),2016,대구광역시 동구청 공원녹지과,
212,윗몸일으키기,1,새론공원(각산동 1060),2016,대구광역시 동구청 공원녹지과,
213,윗몸일으키기 + 허리돌리기,1,수리물길공원(각산동 1127),2016,대구광역시 동구청 공원녹지과,
214,하체돌리기 + 마라톤달리기,2,수리물길공원(각산동 1127),2016,대구광역시 동구청 공원녹지과,
215,허리돌리기 + 몸통돌리기,2,수리물길공원(각산동 1127),2016,대구광역시 동구청 공원녹지과,
216,공중걷기 + 마라톤달리기,2,수리물길공원(각산동 1127),2016,대구광역시 동구청 공원녹지과,
217,노젓기,2,수리물길공원(각산동 1127),2016,대구광역시 동구청 공원녹지과,
218,마라톤달리기,2,수리물길공원(각산동 1127),2016,대구광역시 동구청 공원녹지과,
219,윗몸일으키기 + 허리돌리기,1,수리물길공원(각산동 1127),2016,대구광역시 동구청 공원녹지과,
220,허리돌리기,1,다람쥐어린이공원(각산동 1029-1),2013,대구광역시 동구청 공원녹지과,
221,어깨손목돌리기,1,다람쥐어린이공원(각산동 1029-1),2013,대구광역시 동구청 공원녹지과,
222,노젓기,1,다람쥐어린이공원(각산동 1029-1),2013,대구광역시 동구청 공원녹지과,
223,윗몸일으키기 ,1,다람쥐어린이공원(각산동 1029-1),2013,대구광역시 동구청 공원녹지과,
224,허리돌리기 + 몸통돌리기,1,돌고래어린이공원(각산동 1043-1),2019,대구광역시 동구청 공원녹지과,
225,하체돌리기 + 마라톤달리기,1,돌고래어린이공원(각산동 1043-1),2019,대구광역시 동구청 공원녹지과,
226,윗몸일으키기 + 허리돌리기,1,돌고래어린이공원(각산동 1043-1),2019,대구광역시 동구청 공원녹지과,
227,공중걷기 + 마라톤달리기,1,돌고래어린이공원(각산동 1043-1),2019,대구광역시 동구청 공원녹지과,
228,마라톤달리기,1,너구리어린이공원(각산동 1054-1),2013,대구광역시 동구청 공원녹지과,
229,어깨손목돌리기,1,너구리어린이공원(각산동 1054-1),2013,대구광역시 동구청 공원녹지과,
230,허리돌리기,1,너구리어린이공원(각산동 1054-1),2013,대구광역시 동구청 공원녹지과,
231,하체돌리기 + 공중걷기,1,펭귄어린이공원(각산동 1062-1),2015,대구광역시 동구청 공원녹지과,
232,윗몸일으키기 + 허리돌리기,1,펭귄어린이공원(각산동 1062-1),2015,대구광역시 동구청 공원녹지과,
233,하체돌리기 + 마라톤달리기,1,펭귄어린이공원(각산동 1062-1),2015,대구광역시 동구청 공원녹지과,
234,허리돌리기 + 몸통돌리기,1,펭귄어린이공원(각산동 1062-1),2015,대구광역시 동구청 공원녹지과,
235,마라톤달리기,1,고라니어린이공원(각산동 1070-4),2013,대구광역시 동구청 공원녹지과,
236,노젓기,1,고라니어린이공원(각산동 1070-4),2013,대구광역시 동구청 공원녹지과,
237,어깨손목돌리기,1,고라니어린이공원(각산동 1070-4),2013,대구광역시 동구청 공원녹지과,
238,마라톤달리기,1,거북이어린이공원(각산동 1096-2),2013,대구광역시 동구청 공원녹지과,
239,노젓기,1,거북이어린이공원(각산동 1096-2),2013,대구광역시 동구청 공원녹지과,
240,어깨손목돌리기,1,거북이어린이공원(각산동 1096-2),2013,대구광역시 동구청 공원녹지과,
241,허리돌리기,1,거북이어린이공원(각산동 1096-2),2013,대구광역시 동구청 공원녹지과,
242,윗몸일으키기,1,동내향수공원(괴전동 644),2016,대구광역시 동구청 공원녹지과,
243,하체돌리기,1,동내향수공원(괴전동 644),2016,대구광역시 동구청 공원녹지과,
244,어깨손목돌리기,2,동내향수공원(괴전동 644),2016,대구광역시 동구청 공원녹지과,
245,허리돌리기 + 몸통돌리기,1,동내향수공원(괴전동 644),2016,대구광역시 동구청 공원녹지과,
246,마라톤달리기,1,동내향수공원(괴전동 644),2016,대구광역시 동구청 공원녹지과,
247,노젓기,1,동내향수공원(괴전동 644),2016,대구광역시 동구청 공원녹지과,
248,허리돌리기,1,동내향수공원(괴전동 644),2016,대구광역시 동구청 공원녹지과,
249,어깨손목돌리기,2,사복노을공원(대림동 885-3),2017,대구광역시 동구청 공원녹지과,
250,윗몸일으키기,3,사복노을공원(대림동 885-3),2017,대구광역시 동구청 공원녹지과,
251,허리돌리기,3,사복노을공원(대림동 885-3),2017,대구광역시 동구청 공원녹지과,
252,마라톤달리기,3,사복노을공원(대림동 885-3),2017,대구광역시 동구청 공원녹지과,
253,노젓기,3,사복노을공원(대림동 885-3),2017,대구광역시 동구청 공원녹지과,
254,철봉,1,사복노을공원(대림동 885-3),2017,대구광역시 동구청 공원녹지과,
255,하체돌리기,1,사복노을공원(대림동 885-3),2017,대구광역시 동구청 공원녹지과,
256,공중걷기,1,사복노을공원(대림동 885-3),2017,대구광역시 동구청 공원녹지과,
257,윗몸일으키기,2,동내여울공원(동내동 1115-4),2016,대구광역시 동구청 공원녹지과,
258,허리돌리기,2,동내여울공원(동내동 1115-4),2016,대구광역시 동구청 공원녹지과,
259,마라톤달리기,2,동내여울공원(동내동 1115-4),2016,대구광역시 동구청 공원녹지과,
260,어깨손목돌리기,2,동내여울공원(동내동 1115-4),2016,대구광역시 동구청 공원녹지과,
261,노젓기,1,동내여울공원(동내동 1115-4),2016,대구광역시 동구청 공원녹지과,
262,공중걷기 + 마라톤달리기,1,나무늘보어린이공원(사복동 842-4),2013,대구광역시 동구청 공원녹지과,
263,윗몸일으키기 + 허리돌리기,1,나무늘보어린이공원(사복동 842-4),2013,대구광역시 동구청 공원녹지과,
264,하체돌리기 + 공중걷기,1,나무늘보어린이공원(사복동 842-4),2013,대구광역시 동구청 공원녹지과,
265,윗몸일으키기 + 허리돌리기,1,담비어린이공원(사복동 852-1),2020,대구광역시 동구청 공원녹지과,
266,하체돌리기 + 마라톤달리기,1,담비어린이공원(사복동 852-1),2020,대구광역시 동구청 공원녹지과,
267,허리돌리기 + 몸통돌리기,1,담비어린이공원(사복동 852-1),2020,대구광역시 동구청 공원녹지과,
268,워밍암,1,담비어린이공원(사복동 852-1),2020,대구광역시 동구청 공원녹지과,
269,어깨손목돌리기,1,담비어린이공원(사복동 852-1),2020,대구광역시 동구청 공원녹지과,
270,하체돌리기 + 마라톤달리기,2,송호지공원(상매동 502),2016,대구광역시 동구청 공원녹지과,
271,공중걷기 + 마라톤달리기,2,송호지공원(상매동 502),2016,대구광역시 동구청 공원녹지과,
272,하체돌리기 + 공중걷기,2,송호지공원(상매동 502),2016,대구광역시 동구청 공원녹지과,
273,허리돌리기 + 몸통돌리기,2,송호지공원(상매동 502),2016,대구광역시 동구청 공원녹지과,
274,윗몸일으키기 + 허리돌리기,2,송호지공원(상매동 502),2016,대구광역시 동구청 공원녹지과,
275,마라톤달리기,1,숙천꿈마루공원(숙천동 391),2016,대구광역시 동구청 공원녹지과,
276,허리돌리기,2,숙천꿈마루공원(숙천동 391),2016,대구광역시 동구청 공원녹지과,
277,어깨손목돌리기,1,숙천꿈마루공원(숙천동 391),2016,대구광역시 동구청 공원녹지과,
278,노젓기,2,숙천꿈마루공원(숙천동 391),2016,대구광역시 동구청 공원녹지과,
279,윗몸일으키기,1,숙천꿈마루공원(숙천동 391),2016,대구광역시 동구청 공원녹지과,
280,공중걷기 + 마라톤달리기,1,수달어린이공원(숙천동 387),2013,대구광역시 동구청 공원녹지과,
281,하체돌리기 + 공중걷기,1,수달어린이공원(숙천동 387),2013,대구광역시 동구청 공원녹지과,
282,하체돌리기 + 마라톤달리기,1,수달어린이공원(숙천동 387),2013,대구광역시 동구청 공원녹지과,
283,어깨손목돌리기,1,꽃사슴어린이공원(숙천동 380-5),2013,대구광역시 동구청 공원녹지과,
284,마라톤달리기,1,꽃사슴어린이공원(숙천동 380-5),2013,대구광역시 동구청 공원녹지과,
285,윗몸일으키기,1,꽃사슴어린이공원(숙천동 380-5),2013,대구광역시 동구청 공원녹지과,
286,노젓기,1,꽃사슴어린이공원(숙천동 380-5),2013,대구광역시 동구청 공원녹지과,
287,허리돌리기,1,꽃사슴어린이공원(숙천동 380-5),2013,대구광역시 동구청 공원녹지과,
288,하체돌리기,1,신서중앙공원(신서동 1185),2016,대구광역시 동구청 공원녹지과,
289,허리돌리기 + 몸통돌리기,1,신서중앙공원(신서동 1185),2016,대구광역시 동구청 공원녹지과,
290,윗몸일으키기,1,신서중앙공원(신서동 1185),2016,대구광역시 동구청 공원녹지과,
291,로프당기기,2,신서중앙공원(신서동 1185),2016,대구광역시 동구청 공원녹지과,
292,어깨손목돌리기,1,신서중앙공원(신서동 1185),2016,대구광역시 동구청 공원녹지과,
293,마라톤달리기,1,새골공원(신서동 1183),2016,대구광역시 동구청 공원녹지과,
294,윗몸일으키기,1,새골공원(신서동 1183),2016,대구광역시 동구청 공원녹지과,
295,노젓기,1,새골공원(신서동 1183),2016,대구광역시 동구청 공원녹지과,
296,어깨손목돌리기,1,새골공원(신서동 1183),2016,대구광역시 동구청 공원녹지과,
297,허리돌리기,1,새골공원(신서동 1183),2016,대구광역시 동구청 공원녹지과,
298,윗몸일으키기,1,반달곰어린이공원(신서동 1156-5),2013,대구광역시 동구청 공원녹지과,
299,어깨손목돌리기,1,반달곰어린이공원(신서동 1156-5),2013,대구광역시 동구청 공원녹지과,
300,허리돌리기 + 몸통돌리기,1,반달곰어린이공원(신서동 1156-5),2013,대구광역시 동구청 공원녹지과,
301,하체돌리기,1,반달곰어린이공원(신서동 1156-5),2013,대구광역시 동구청 공원녹지과,
302,트윈워밍맘,1,아라어린이공원(동호동 388),2020,대구광역시 동구청 공원녹지과,디자인파크
303,스텝사이클,1,아라어린이공원(동호동 388),2020,대구광역시 동구청 공원녹지과,디자인파크
304,크로스컨트리,1,아라어린이공원(동호동 388),2020,대구광역시 동구청 공원녹지과,디자인파크
305,허리돌리기,1,아라어린이공원(동호동 388),2020,대구광역시 동구청 공원녹지과,H&S 스포메딕
306,다리로밀기,1,아라어린이공원(동호동 388),2020,대구광역시 동구청 공원녹지과,H&S 스포메딕
307,오버턴 스트레칭,1,동호근린공원(동호동 360),2013,대구광역시 동구청 공원녹지과,디자인파크
308,롤링웨이스트,1,동호근린공원(동호동 360),2013,대구광역시 동구청 공원녹지과,디자인파크
309,풀웨이트,1,동호근린공원(동호동 360),2013,대구광역시 동구청 공원녹지과,디자인파크
310,트윈바디싣업,1,동호근린공원(동호동 360),2013,대구광역시 동구청 공원녹지과,디자인파크
311,워밍암,1,동호근린공원(동호동 360),2013,대구광역시 동구청 공원녹지과,디자인파크
312,체어웨이트,1,동호근린공원(동호동 360),2013,대구광역시 동구청 공원녹지과,디자인파크
313,허리돌리기,1,동호근린공원(동호동 360),2013,대구광역시 동구청 공원녹지과,H&S 스포메딕
314,평행봉,1,동호근린공원(동호동 360),2013,대구광역시 동구청 공원녹지과,미표시
315,3단 철봉,2,동호근린공원(동호동 360),2013,대구광역시 동구청 공원녹지과,미표시
316,어깨유연성운동,1,꽃님어린이공원(신기동 557-1),2011,대구광역시 동구청 공원녹지과,경일산업주식회사
317,공중걷기,1,꽃님어린이공원(신기동 557-1),2011,대구광역시 동구청 공원녹지과,경일산업주식회사
318,달리기운동,1,꽃님어린이공원(신기동 557-1),2011,대구광역시 동구청 공원녹지과,경일산업주식회사
319,허리돌리기,1,꽃님어린이공원(신기동 557-1),2011,대구광역시 동구청 공원녹지과,경일산업주식회사
320,파도타기,1,꽃님어린이공원(신기동 557-1),2011,대구광역시 동구청 공원녹지과,경일산업주식회사
321,롤링웨이스트,1,안심어린이공원(신기동 560-1),2009,대구광역시 동구청 공원녹지과,디자인파크
322,크로스컨트리,1,안심어린이공원(신기동 560-1),2009,대구광역시 동구청 공원녹지과,디자인파크
323,워밍암,1,안심어린이공원(신기동 560-1),2009,대구광역시 동구청 공원녹지과,디자인파크
324,원그리기운동,1,소망어린이공원(신기동 595),2019,대구광역시 동구청 공원녹지과,조인존
325,마라톤운동,1,소망어린이공원(신기동 595),2019,대구광역시 동구청 공원녹지과,조인존
326,다리운동,1,소망어린이공원(신기동 595),2019,대구광역시 동구청 공원녹지과,조인존
327,옆회전운동,1,소망어린이공원(신기동 595),2019,대구광역시 동구청 공원녹지과,조인존
328,양다리운동,1,소망어린이공원(신기동 595),2019,대구광역시 동구청 공원녹지과,조인존
329,자유철봉,1,안심근린공원(신기동 580) ,2021,대구광역시 동구청 공원녹지과,케이엘에스
330,등·허리 지압기 ,1,안심근린공원(신기동 580) ,2021,대구광역시 동구청 공원녹지과,케이엘에스
331,온몸근육풀기,1,안심근린공원(신기동 580) ,2021,대구광역시 동구청 공원녹지과,케이엘에스
332,다리뻗치기,1,안심근린공원(신기동 580) ,2021,대구광역시 동구청 공원녹지과,케이엘에스
333,온몸노젖기,1,안심근린공원(신기동 580) ,2021,대구광역시 동구청 공원녹지과,케이엘에스
334,온몸허리돌리기,1,안심근린공원(신기동 580) ,2022,대구광역시 동구청 공원녹지과,케이엘에스
335,치유시이소,1,안심근린공원(신기동 580) ,2021,대구광역시 동구청 공원녹지과,케이엘에스
336,하늘걷기,1,안심근린공원(신기동 580) ,2021,대구광역시 동구청 공원녹지과,케이엘에스
337,마라톤운동,1,안심근린공원(신기동 580) ,2021,대구광역시 동구청 공원녹지과,케이엘에스
338,옆파도타기,1,안심근린공원(신기동 580) ,2021,대구광역시 동구청 공원녹지과,케이엘에스
339,윗몸일으키기,1,안심근린공원(신기동 580) ,2022,대구광역시 동구청 공원녹지과,케이엘에스
340,스텝사이클,1,안심근린공원(신기동 580) ,2021,대구광역시 동구청 공원녹지과,디자인파크
341,크로스컨트리,1,안심근린공원(신기동 580) ,2021,대구광역시 동구청 공원녹지과,디자인파크
342,스트레칭로라,1,안심근린공원(신기동 580) ,2021,대구광역시 동구청 공원녹지과,디자인파크
343,달리기운동,1,강동어린이공원(신서동 558),2019,대구광역시 동구청 공원녹지과,H&S 스포메딕
344,온몸근육풀기,1,강동어린이공원(신서동 558),2019,대구광역시 동구청 공원녹지과,H&S 스포메딕
345,공중걷기,1,강동어린이공원(신서동 558),2019,대구광역시 동구청 공원녹지과,H&S 스포메딕
346,크로스컨트리,1,금강어린이공원(신서동 567),2009,대구광역시 동구청 공원녹지과,디자인파크
347,스텝사이클,1,금강어린이공원(신서동 567),2009,대구광역시 동구청 공원녹지과,디자인파크
348,트리플트위스트,1,금강어린이공원(신서동 567),2009,대구광역시 동구청 공원녹지과,디자인파크
349,레그프레스,1,금강어린이공원(신서동 567),2009,대구광역시 동구청 공원녹지과,디자인파크
350,워밍암,1,금강어린이공원(신서동 567),2009,대구광역시 동구청 공원녹지과,디자인파크
351,노젓기,1,금강어린이공원(신서동 567),2009,대구광역시 동구청 공원녹지과,H&S 스포메딕
352,앞으로당기기+앞으로 밀기,1,금강어린이공원(신서동 567),2020,대구광역시 동구청 공원녹지과,H&S 스포메딕
353,체어웨이트,1,신서근린공원(신서동 539),2013,대구광역시 동구청 공원녹지과,디자인파크
354,크로스컨트리,1,신서근린공원(신서동 539),2013,대구광역시 동구청 공원녹지과,디자인파크
355,롤링웨이스트,1,신서근린공원(신서동 539),2013,대구광역시 동구청 공원녹지과,디자인파크
356,트윈바디싣업,1,신서근린공원(신서동 539),2013,대구광역시 동구청 공원녹지과,디자인파크
357,워밍암,1,신서근린공원(신서동 539),2013,대구광역시 동구청 공원녹지과,디자인파크
358,풀웨이트,1,신서근린공원(신서동 539),2013,대구광역시 동구청 공원녹지과,디자인파크
359,오버턴스트레칭,1,신서근린공원(신서동 539),2013,대구광역시 동구청 공원녹지과,디자인파크
360,허리돌리기,1,신서근린공원(신서동 539),2020,대구광역시 동구청 공원녹지과,삼영스포메딕
361,공중걷기운동,1,대구선 반야월공원(신서동 818-1) 서원아파트 101동 뒤(서)  괴전동 119-2,2018,대구광역시 동구청 공원녹지과,유니온랜드
362,등허리지압운동,1,대구선 반야월공원(신서동 818-1) 서원아파트 101동 뒤(서)  괴전동 119-2,2018,대구광역시 동구청 공원녹지과,유니온랜드
363,온몸근육풀기운동,1, 대구선 반야월공원(신서동 818-1) 서원아파트 101동 뒤(동) 괴전동 119-2                                                ,2018,대구광역시 동구청 공원녹지과,유니온랜드
364,윗몸일으키기운동,1, 대구선 반야월공원(신서동 818-1) 서원아파트 101동 뒤(동) 괴전동 119-2                                                ,2018,대구광역시 동구청 공원녹지과,유니온랜드
365,스텝사이클,1,대구선 반야월공원(신서동 818-1) 신서녹원맨션 106동 앞 신서동 809-2,2018,대구광역시 동구청 공원녹지과,디자인파크
366,크로스컨트리,1,대구선 반야월공원(신서동 818-1) 신서녹원맨션 106동 앞 신서동 809-2,2018,대구광역시 동구청 공원녹지과,디자인파크
367,풀웨이트,1,대구선 반야월공원(신서동 818-1) 신서녹원맨션 106동 앞 신서동 809-2,2018,대구광역시 동구청 공원녹지과,디자인파크
368,롤링웨이스트,1,대구선 반야월공원(신서동 818-1) 신서녹원맨션 106동 앞 신서동 809-2,2018,대구광역시 동구청 공원녹지과,디자인파크
369,워밍암,1,대구선 반야월공원(신서동 818-1) 신서녹원맨션 106동 앞 신서동 809-2,2018,대구광역시 동구청 공원녹지과,디자인파크
370,스텝사이클,1,대구선 반야월공원(신서동 818-1) 도서관 옆 신서동 818-1,2018,대구광역시 동구청 공원녹지과,디자인파크
371,풀웨이트,1,대구선 반야월공원(신서동 818-1) 도서관 옆 신서동 818-1,2018,대구광역시 동구청 공원녹지과,디자인파크
372,크로스컨트리,1,대구선 반야월공원(신서동 818-1) 도서관 옆 신서동 818-1,2018,대구광역시 동구청 공원녹지과,디자인파크
373,롤링웨이스트,1,대구선 반야월공원(신서동 818-1) 도서관 옆 신서동 818-1,2018,대구광역시 동구청 공원녹지과,디자인파크
374,워밍암,1,대구선 반야월공원(신서동 818-1) 도서관 옆 신서동 818-1,2018,대구광역시 동구청 공원녹지과,디자인파크
375,레그스트레치 ,1,대구선 동촌공원(용계동 368-2)해맞이빌 앞(방촌동 988-83)방촌동 984-11,2019,대구광역시 동구청 공원녹지과,디자인파크
376,크로스컨트리,1,대구선 동촌공원(용계동 368-2)해맞이빌 앞(방촌동 988-83)방촌동 984-11,2019,대구광역시 동구청 공원녹지과,디자인파크
377,롤링웨이스트,1,대구선 동촌공원(용계동 368-2)해맞이빌 앞(방촌동 988-83)방촌동 984-11,2019,대구광역시 동구청 공원녹지과,디자인파크
378,스트레칭로라,1,대구선 동촌공원(용계동 368-2)해맞이빌 앞(방촌동 988-83)방촌동 984-11,2019,대구광역시 동구청 공원녹지과,디자인파크
379,스텝사이클,1,대구선 동촌공원(용계동 368-2)해맞이빌 앞(방촌동 988-83)방촌동 984-11,2019,대구광역시 동구청 공원녹지과,디자인파크
380,풀웨이트,1,대구선 동촌공원(용계동 368-2)해맞이빌 앞(방촌동 988-83)방촌동 984-11,2019,대구광역시 동구청 공원녹지과,디자인파크
381,체어풀,1,대구선 동촌공원(용계동 368-2)해맞이빌 앞(방촌동 988-83)방촌동 984-11,2019,대구광역시 동구청 공원녹지과,디자인파크
382,워밍암,1,대구선 동촌공원(용계동 368-2)해맞이빌 앞(방촌동 988-83)방촌동 984-11,2019,대구광역시 동구청 공원녹지과,디자인파크
383,레그스트레치 ,1,대구선 동촌공원(용계동 368-2) 강남병원 옆(방촌동993-19 앞) 방촌동 897-8,2019,대구광역시 동구청 공원녹지과,디자인파크
384,크로스컨트리,1,대구선 동촌공원(용계동 368-2) 강남병원 옆(방촌동993-19 앞) 방촌동 897-8,2019,대구광역시 동구청 공원녹지과,디자인파크
385,롤링웨이스트,1,대구선 동촌공원(용계동 368-2) 강남병원 옆(방촌동993-19 앞) 방촌동 897-8,2019,대구광역시 동구청 공원녹지과,디자인파크
386,스트레칭로라,1,대구선 동촌공원(용계동 368-2) 강남병원 옆(방촌동993-19 앞) 방촌동 897-8,2019,대구광역시 동구청 공원녹지과,디자인파크
387,풀웨이트,1,대구선 동촌공원(용계동 368-2) 강남병원 옆(방촌동993-19 앞) 방촌동 897-8,2019,대구광역시 동구청 공원녹지과,디자인파크
388,체어풀,1,대구선 동촌공원(용계동 368-2) 강남병원 옆(방촌동993-19 앞) 방촌동 897-8,2019,대구광역시 동구청 공원녹지과,디자인파크
389,워밍암,1,대구선 동촌공원(용계동 368-2) 강남병원 옆(방촌동993-19 앞) 방촌동 897-8,2019,대구광역시 동구청 공원녹지과,디자인파크
390,온몸허리돌리기,1,대구선 동촌공원(용계동 368-2) 방촌현대아파트 앞(방촌동 890-6 앞)방촌동881-3,2019,대구광역시 동구청 공원녹지과,케이엘에스
391,양팔줄당기기,1,대구선 동촌공원(용계동 368-2) 방촌현대아파트 앞(방촌동 890-6 앞)방촌동881-3,2019,대구광역시 동구청 공원녹지과,케이엘에스
392,아래로당기기*앞으로밀기,1,대구선 동촌공원(용계동 368-2) 방촌선우주택 앞(방촌동 860-19 앞)방촌동 855-4,2019,대구광역시 동구청 공원녹지과,H&S 스포메딕
393,좌식싸이클,1,대구선 동촌공원(용계동 368-2) 방촌선우주택 앞(방촌동 860-19 앞)방촌동 855-4,2018,대구광역시 동구청 공원녹지과,H&S 스포메딕
394,롤링웨이스트,1,대구선 동촌공원(용계동 368-2) 방촌선우주택 앞(방촌동 860-19 앞)방촌동 855-4,2019,대구광역시 동구청 공원녹지과,디자인파크
395,크로스컨트리,1,대구선 동촌공원(용계동 368-2) 방촌선우주택 앞(방촌동 860-19 앞)방촌동 855-4,2019,대구광역시 동구청 공원녹지과,디자인파크
396,워밍암,1,대구선 동촌공원(용계동 368-2) 방촌선우주택 앞(방촌동 860-19 앞)방촌동 855-4,2019,대구광역시 동구청 공원녹지과,디자인파크
397,롤링웨이스트,1,대구선 동촌공원(용계동 368-2) 엘벧엘교회 앞(신평로 72 앞)신평동 700-2,2019,대구광역시 동구청 공원녹지과,디자인파크
398,크로스컨트리,1,대구선 동촌공원(용계동 368-2) 엘벧엘교회 앞(신평로 72 앞)신평동 700-2,2019,대구광역시 동구청 공원녹지과,디자인파크
399,워밍암,1,대구선 동촌공원(용계동 368-2) 엘벧엘교회 앞(신평로 72 앞)신평동 700-2,2019,대구광역시 동구청 공원녹지과,디자인파크
400,스텝사이클,1,대구선 동촌공원(용계동 368-2 용계삼거리 뒤 용계동 401-7,2019,대구광역시 동구청 공원녹지과,디자인파크
401,풀웨이트,1,대구선 동촌공원(용계동 368-2 용계삼거리 뒤 용계동 401-7,2019,대구광역시 동구청 공원녹지과,디자인파크
402,체어풀,1,대구선 동촌공원(용계동 368-2 용계삼거리 뒤 용계동 401-7,2019,대구광역시 동구청 공원녹지과,디자인파크
403,풀웨이트,1,대구선 동촌공원(용계동 368-2) 그린파크빌 앞(신평로22길 78) 용계동 368-2,2019,대구광역시 동구청 공원녹지과,디자인파크
404,크로스컨트리,1,대구선 동촌공원(용계동 368-2) 그린파크빌 앞(신평로22길 78) 용계동 368-2,2019,대구광역시 동구청 공원녹지과,디자인파크
405,롤링웨이트,1,대구선 동촌공원(용계동 368-2) 그린파크빌 앞(신평로22길 78) 용계동 368-2,2019,대구광역시 동구청 공원녹지과,디자인파크
406,워밍암,1,대구선 동촌공원(용계동 368-2) 그린파크빌 앞(신평로22길 78) 용계동 368-2,2019,대구광역시 동구청 공원녹지과,디자인파크
407,팔근육기르기,1,대구선 동촌공원(용계동 368-2) 프리테니스장 뒤(용계동 928 뒤),2019,대구광역시 동구청 공원녹지과,미래파크
408,온몸허리돌리기,1,대구선 동촌공원(용계동 368-2) 프리테니스장 뒤(용계동 928 뒤),2019,대구광역시 동구청 공원녹지과,미래파크
409,하늘걷기,1,대구선 동촌공원(용계동 368-2) 프리테니스장 뒤(용계동 928 뒤),2019,대구광역시 동구청 공원녹지과,미래파크
410,큰활차,1,대구선 동촌공원(용계동 368-2) 프리테니스장 뒤(용계동 928 뒤),2019,대구광역시 동구청 공원녹지과,미래파크
411,거꾸로 매달리기,1,대구선 동촌공원(용계동 368-2) 프리테니스장 뒤(용계동 928 뒤),2019,대구광역시 동구청 공원녹지과,미래파크
412,말타기 ,1,대구선 동촌공원(용계동 368-2) 프리테니스장 뒤(용계동 928 뒤),2019,대구광역시 동구청 공원녹지과,미래파크
413,가로하늘타기,1,대구선 동촌공원(용계동 368-2) 프리테니스장 뒤(용계동 928 뒤),2019,대구광역시 동구청 공원녹지과,미래파크
414,앉아밀기,1,대구선 동촌공원(용계동 368-2) 프리테니스장 뒤(용계동 928 뒤),2019,대구광역시 동구청 공원녹지과,미래파크
415,공중걷기,1,대구선 동촌공원(용계동 368-2)  미래산업교육센터 앞(용계동 56-8 앞)용계동 157-1,2019,대구광역시 동구청 공원녹지과,H&S 스포메딕
416,좌식싸이클,1,대구선 동촌공원(용계동 368-2)  미래산업교육센터 앞(용계동 56-8 앞)용계동 157-1,2019,대구광역시 동구청 공원녹지과,H&S 스포메딕
417,다리로밀기,1,대구선 동촌공원(용계동 368-2)  미래산업교육센터 앞(용계동 56-8 앞)용계동 157-1,2019,대구광역시 동구청 공원녹지과,H&S 스포메딕
418,하체흔들기,1,대구선 동촌공원(용계동 368-2)  미래산업교육센터 앞(용계동 56-8 앞)용계동 157-1,2019,대구광역시 동구청 공원녹지과,H&S 스포메딕
419,등허리지압기,1,대구선 동촌공원(용계동 368-2)  미래산업교육센터 앞(용계동 56-8 앞)용계동 157-1,2019,대구광역시 동구청 공원녹지과,H&S 스포메딕
420,아래로당기기,1,대구선 동촌공원(용계동 368-2)  미래산업교육센터 앞(용계동 56-8 앞)용계동 157-1,2019,대구광역시 동구청 공원녹지과,H&S 스포메딕
421,로프당기기,1,대구선 동촌공원(용계동 368-2)  미래산업교육센터 앞(용계동 56-8 앞)용계동 157-1,2019,대구광역시 동구청 공원녹지과,H&S 스포메딕
422,체어풀,1,대구선 동촌공원(용계동 368-2) 골든하이츠빌(용계동 138-13 앞)용계동 134-3,2019,대구광역시 동구청 공원녹지과,디자인파크
423,레그스트레치 ,1,대구선 동촌공원(용계동 368-2) 골든하이츠빌(용계동 138-13 앞)용계동 134-3,2019,대구광역시 동구청 공원녹지과,디자인파크
424,스텝사이클,1,대구선 동촌공원(용계동 368-2) 골든하이츠빌(용계동 138-13 앞)용계동 134-3,2019,대구광역시 동구청 공원녹지과,디자인파크
425,풀웨이트,1,대구선 동촌공원(용계동 368-2) 골든하이츠빌(용계동 138-13 앞)용계동 134-3,2019,대구광역시 동구청 공원녹지과,디자인파크
426,크로스컨트리,1,대구선 동촌공원(용계동 368-2) 골든하이츠빌(용계동 138-13 앞)용계동 134-3,2019,대구광역시 동구청 공원녹지과,디자인파크
427,롤링웨이스트,1,대구선 동촌공원(용계동 368-2) 골든하이츠빌(용계동 138-13 앞)용계동 134-3,2019,대구광역시 동구청 공원녹지과,디자인파크
428,워밍암,1,대구선 동촌공원(용계동 368-2) 골든하이츠빌(용계동 138-13 앞)용계동 134-3,2019,대구광역시 동구청 공원녹지과,디자인파크
429,허리돌리기,1,대구선 동촌공원(용계동 368-2) 동구노인회관 뒷편 신평동 754-14,2019,대구광역시 동구청 공원녹지과,H&S 스포메딕
430,하체흔들기,1,대구선 동촌공원(용계동 368-2) 동구노인회관 뒷편 신평동 754-14,2019,대구광역시 동구청 공원녹지과,H&S 스포메딕
431,좌식싸이클,1,대구선 동촌공원(용계동 368-2) 동구노인회관 뒷편 신평동 754-14,2019,대구광역시 동구청 공원녹지과,H&S 스포메딕
432,온몸근육풀기+어깨근육풀기,1,대구선 동촌공원(용계동 368-2) 동구노인회관 뒷편 신평동 754-14,2019,대구광역시 동구청 공원녹지과,H&S 스포메딕
433,달리기+공중걷기,1,대구선 동촌공원(용계동 368-2) 동구노인회관 뒷편 신평동 754-14,2019,대구광역시 동구청 공원녹지과,H&S 스포메딕
434,달리기,1,대구선 동촌공원(용계동 368-2) 동구노인회관 뒷편 신평동 754-14,2022,대구광역시 동구청 공원녹지과,H&S 스포메딕
435,좌식싸이클,1,대구선 동촌공원(용계동 368-2) 용계프리테니스장 근처 369-1,2022,대구광역시 동구청 공원녹지과,H&S 스포메딕
436,핸들웨이트,1,돈지봉공원(용계동 산 30)정상 파고라 아래 방향 ,2019,대구광역시 동구청 공원녹지과,디자인파크
437,허리돌리기(추정),1,돈지봉공원(용계동 산 30)정상 파고라 아래 방향 ,2019,대구광역시 동구청 공원녹지과, 
438,평행봉,1,돈지봉공원(용계동 산 30)정상 파고라 아래 방향 ,2019,대구광역시 동구청 공원녹지과,
439,허리돌리기(추정),1,돈지봉공원(용계동 산 30)정상 입구,2019,대구광역시 동구청 공원녹지과,
440,평행봉,1,돈지봉공원(용계동 산 30)정상 입구,2019,대구광역시 동구청 공원녹지과,
441,목재식 윗몸일으키기(추정),1,돈지봉공원(용계동 산 30)정상 입구,2019,대구광역시 동구청 공원녹지과,
442,목재식 발목운동기구(추정),1,돈지봉공원(용계동 산 30)정상 입구,2019,대구광역시 동구청 공원녹지과,
443,허리돌리기(추정),1,돈지봉공원(용계동 산 30)정상 올라오는 계단 부근,2019,대구광역시 동구청 공원녹지과,
444,목재식 윗몸일으키기(추정),1,돈지봉공원(용계동 산 30)정상 올라오는 계단 부근  ,2019,대구광역시 동구청 공원녹지과,
445,목재식 발목운동기구(추정),1,돈지봉공원(용계동 산 30)정상 올라오는 계단 부근  ,2019,대구광역시 동구청 공원녹지과,
446,핸들웨이트,1,율하체육공원(율하동 1626) 억새군락지,2015,대구광역시 동구청 공원녹지과,디자인파크
447,바웨이트,2,율하체육공원(율하동 1626) 억새군락지,2015,대구광역시 동구청 공원녹지과,디자인파크
448,레그프레스,1,율하체육공원(율하동 1626) 억새군락지,2015,대구광역시 동구청 공원녹지과,디자인파크
449,트윈트위스트,1,율하체육공원(율하동 1626) 억새군락지,2015,대구광역시 동구청 공원녹지과,디자인파크
450,풀웨이트,1,율하체육공원(율하동 1626) 억새군락지,2015,대구광역시 동구청 공원녹지과,디자인파크
451,스텝사이클,2,율하체육공원(율하동 1626) 억새군락지,2015,대구광역시 동구청 공원녹지과,디자인파크
452,스트레칭로라,1,율하체육공원(율하동 1626) 억새군락지,2015,대구광역시 동구청 공원녹지과,디자인파크
453,레그스트레치 ,1,율하체육공원(율하동 1626) 억새군락지,2015,대구광역시 동구청 공원녹지과,디자인파크
454,체어풀,1,율하체육공원(율하동 1626) 억새군락지,2015,대구광역시 동구청 공원녹지과,디자인파크
455,트윈바디싣업,1,율하체육공원(율하동 1626) 억새군락지,2015,대구광역시 동구청 공원녹지과,디자인파크
456,트윈워밍암,1,율하체육공원(율하동 1626) 억새군락지,2015,대구광역시 동구청 공원녹지과,디자인파크
457,트윈트위스트,1,율하체육공원(율하동 1626) 억새군락지,2015,대구광역시 동구청 공원녹지과,디자인파크
458,크로스컨트리,1,율하체육공원(율하동 1626) 억새군락지,2015,대구광역시 동구청 공원녹지과,디자인파크
459,체어웨이트,1,율하체육공원(율하동 1626) 억새군락지,2015,대구광역시 동구청 공원녹지과,디자인파크
460,달리기운동,1,율하체육공원(율하동 1626) 문화체육과 테니스장 인근 ,2015,대구광역시 동구청 공원녹지과,경일산업주식회사
461,매달려허리돌리기,1,율하체육공원(율하동 1627) 문화체육과 테니스장 인근,2015,대구광역시 동구청 공원녹지과,성진웰파크
462,오금펴기,1,율하체육공원(율하동 1628) 문화체육과 테니스장 인근,2015,대구광역시 동구청 공원녹지과,성진웰파크
463,공중걷기,1,율하체육공원(율하동 1629) 문화체육과 테니스장 인근,2015,대구광역시 동구청 공원녹지과,성진웰파크
464,노젓기운동,1,율하체육공원(율하동 1630) 문화체육과 테니스장 인근,2015,대구광역시 동구청 공원녹지과,성진웰파크
465,파도타기,1,율하체육공원(율하동 1631) 문화체육과 테니스장 인근,2015,대구광역시 동구청 공원녹지과,성진웰파크
466,허리돌리기,1,율하체육공원(율하동 1632) 문화체육과 테니스장 인근,2015,대구광역시 동구청 공원녹지과,성진웰파크
467,양팔로프당기기,1,율하체육공원(율하동 1633) 문화체육과 테니스장 인근,2015,대구광역시 동구청 공원녹지과,성진웰파크
468,달리기운동,1,율하체육공원(율하동 1634) 문화체육과 테니스장 인근,2015,대구광역시 동구청 공원녹지과,경일산업주식회사
469,역기내리기,1,율하체육공원(율하동 1635) 문화체육과 테니스장 인근,2015,대구광역시 동구청 공원녹지과,성진웰파크
470,역기올리기,1,율하체육공원(율하동 1636) 문화체육과 테니스장 인근,2015,대구광역시 동구청 공원녹지과,성진웰파크
471,어깨근육풀기,1,율하체육공원(율하동 1637) 문화체육과 테니스장 인근,2015,대구광역시 동구청 공원녹지과,성진웰파크
472,거꾸로매달리기,1,율하체육공원(율하동 1638) 문화체육과 테니스장 인근,2015,대구광역시 동구청 공원녹지과,케이엘에스
473,다리근육풀기,1,율하체육공원(율하동 1639) 문화체육과 테니스장 인근,2015,대구광역시 동구청 공원녹지과,성진웰파크
474,등허리근육풀기,1,율하체육공원(율하동 1640) 문화체육과 테니스장 인근,2015,대구광역시 동구청 공원녹지과,성진웰파크
475,등허리지압기,1,율하체육공원(율하동 1641) 문화체육과 테니스장 인근,2015,대구광역시 동구청 공원녹지과,성진웰파크
476,트윈트위스트,1,햇님어린이공원(율하동 1001),2009,대구광역시 동구청 공원녹지과,디자인파크
477,크로스컨트리,1,햇님어린이공원(율하동 1001),2009,대구광역시 동구청 공원녹지과,디자인파크
478,워밍암,1,햇님어린이공원(율하동 1001),2009,대구광역시 동구청 공원녹지과,디자인파크
479,롤링웨이스트,1,햇님어린이공원(율하동 1001),2009,대구광역시 동구청 공원녹지과,디자인파크
480,오금펴기,1,햇님어린이공원(율하동 1001),2009,대구광역시 동구청 공원녹지과,경일산업주식회사
481,등·허리 근육풀기,1,햇님어린이공원(율하동 1001),2009,대구광역시 동구청 공원녹지과,경일산업주식회사
482,역기올리기,1,햇님어린이공원(율하동 1001),2009,대구광역시 동구청 공원녹지과,경일산업주식회사
483,다리운동,1,사랑어린이공원(율하동 1019),2016,대구광역시 동구청 공원녹지과,조인존
484,양다리운동,1,사랑어린이공원(율하동 1019),2016,대구광역시 동구청 공원녹지과,조인존
485,허리운동,1,사랑어린이공원(율하동 1019),2016,대구광역시 동구청 공원녹지과,조인존
486,마라톤운동,1,사랑어린이공원(율하동 1019),2016,대구광역시 동구청 공원녹지과,조인존
487,원그리기운동,1,사랑어린이공원(율하동 1019),2016,대구광역시 동구청 공원녹지과,조인존
488,터닝암,1,사랑어린이공원(율하동 1019),2016,대구광역시 동구청 공원녹지과,그린나래
489,마사지롤,1,사랑어린이공원(율하동 1019),2016,대구광역시 동구청 공원녹지과,그린나래
490,파워싸이클+트위스트,1,믿음어린이공원(율하동 1022),2009,대구광역시 동구청 공원녹지과,그린나래
491,크로스워킹+스카이워킹,1,믿음어린이공원(율하동 1022),2009,대구광역시 동구청 공원녹지과,그린나래
492,터닝암+사이드스윙,1,믿음어린이공원(율하동 1022),2009,대구광역시 동구청 공원녹지과,그린나래
493,레그프레스+푸쉬웨이트,1,믿음어린이공원(율하동 1022),2009,대구광역시 동구청 공원녹지과,그린나래
494,트윈트위스트,1,하늘어린이공원(율하동 1095),2008,대구광역시 동구청 공원녹지과,디자인파크
495,롤링웨이스트,1,하늘어린이공원(율하동 1095),2008,대구광역시 동구청 공원녹지과,디자인파크
496,레그프레스,1,하늘어린이공원(율하동 1095),2008,대구광역시 동구청 공원녹지과,디자인파크
497,트리플트위스트,1,초롱어린이공원(율하동 1187),2008,대구광역시 동구청 공원녹지과,디자인파크
498,풀웨이트,1,초롱어린이공원(율하동 1187),2008,대구광역시 동구청 공원녹지과,디자인파크
499,롤링웨이스트,1,초롱어린이공원(율하동 1187),2008,대구광역시 동구청 공원녹지과,디자인파크
500,공중걷기,1,초롱어린이공원(율하동 1187),2008,대구광역시 동구청 공원녹지과,H&S 스포메딕
501,롤링웨이스트,1,바람꽃어린이공원(율하동 1218),2008,대구광역시 동구청 공원녹지과,디자인파크
502,트리플트위스트,1,바람꽃어린이공원(율하동 1218),2008,대구광역시 동구청 공원녹지과,디자인파크
503,레그프레스,1,바람꽃어린이공원(율하동 1218),2008,대구광역시 동구청 공원녹지과,디자인파크
504,레그프레스,1,앵초어린이공원(율하동 1301),2008,대구광역시 동구청 공원녹지과,디자인파크
505,바웨이트,1,앵초어린이공원(율하동 1301),2008,대구광역시 동구청 공원녹지과,디자인파크
506,트윈트위스트,1,앵초어린이공원(율하동 1301),2008,대구광역시 동구청 공원녹지과,디자인파크
507,워밍암,1,앵초어린이공원(율하동 1301),2008,대구광역시 동구청 공원녹지과,디자인파크
508,롤링웨이스트,1,앵초어린이공원(율하동 1301),2008,대구광역시 동구청 공원녹지과,디자인파크
509,풀웨이트,1,앵초어린이공원(율하동 1301),2008,대구광역시 동구청 공원녹지과,디자인파크
510,양팔줄당기기,1,앵초어린이공원(율하동 1301),2008,대구광역시 동구청 공원녹지과,미래파크
511,체어웨이트,1,금낭화어린이공원(율하동 1354),2008,대구광역시 동구청 공원녹지과,디자인파크
512,체어플,1,금낭화어린이공원(율하동 1354),2008,대구광역시 동구청 공원녹지과,디자인파크
513,레그스트레치 ,1,금낭화어린이공원(율하동 1354),2008,대구광역시 동구청 공원녹지과,디자인파크
514,워밍암,1,금낭화어린이공원(율하동 1354),2008,대구광역시 동구청 공원녹지과,디자인파크
515,풀웨이트,1,붓꽃어린이공원(율하동 1404),2008,대구광역시 동구청 공원녹지과,디자인파크
516,스텝싸이클,1,붓꽃어린이공원(율하동 1404),2008,대구광역시 동구청 공원녹지과,디자인파크
517,롤링웨이스트,1,붓꽃어린이공원(율하동 1404),2008,대구광역시 동구청 공원녹지과,디자인파크
518,크로스컨트리,1,붓꽃어린이공원(율하동 1404),2008,대구광역시 동구청 공원녹지과,디자인파크
519,트윈바디싣업,1,붓꽃어린이공원(율하동 1404),2008,대구광역시 동구청 공원녹지과,디자인파크
520,롤링웨이스트,1,원추리어린이공원(율하동 1411),2008,대구광역시 동구청 공원녹지과,디자인파크
521,레그스트레치 ,1,원추리어린이공원(율하동 1411),2008,대구광역시 동구청 공원녹지과,디자인파크
522,레그프레스,1,원추리어린이공원(율하동 1411),2008,대구광역시 동구청 공원녹지과,디자인파크
523,스탭싸이클,1,원추리어린이공원(율하동 1411),2008,대구광역시 동구청 공원녹지과,디자인파크
524,체어웨이트,1,산수국어린이공원(율하동 1465),2008,대구광역시 동구청 공원녹지과,디자인파크
525,체어풀,1,산수국어린이공원(율하동 1465),2008,대구광역시 동구청 공원녹지과,디자인파크
526,트윈바디싣업,1,산수국어린이공원(율하동 1465),2008,대구광역시 동구청 공원녹지과,디자인파크
527,체어웨이트,1,쑥부쟁이어린이공원(율하동 1465),2008,대구광역시 동구청 공원녹지과,디자인파크
528,트윈트윈스트,1,쑥부쟁이어린이공원(율하동 1465),2008,대구광역시 동구청 공원녹지과,디자인파크
529,트윈바디싣업,1,쑥부쟁이어린이공원(율하동 1465),2008,대구광역시 동구청 공원녹지과,디자인파크
530,워밍암,1,쑥부쟁이어린이공원(율하동 1465),2008,대구광역시 동구청 공원녹지과,디자인파크
531,하체흔들기,1,쑥부쟁이어린이공원(율하동 1465),2020,대구광역시 동구청 공원녹지과,H&S 스포메딕
532,트윈트위스트,1,비비추어린이공원(율하동 1526),2008,대구광역시 동구청 공원녹지과,디자인파크
533,핸들웨이트,1,비비추어린이공원(율하동 1526),2008,대구광역시 동구청 공원녹지과,디자인파크
534,레그프레스,1,비비추어린이공원(율하동 1526),2008,대구광역시 동구청 공원녹지과,디자인파크
535,크로스컨트리,1,비비추어린이공원(율하동 1526),2008,대구광역시 동구청 공원녹지과,디자인파크
536,체어풀,1,범부채어린이공원(율하동 1622),2008,대구광역시 동구청 공원녹지과,디자인파크
537,워밍암,1,범부채어린이공원(율하동 1622),2008,대구광역시 동구청 공원녹지과,디자인파크
538,레그스트레치,1,범부채어린이공원(율하동 1622),2008,대구광역시 동구청 공원녹지과,디자인파크
539,싸이클(입식)-싸이클(좌식),1,달님어린이공원(율하동 929-4),2009,대구광역시 동구청 공원녹지과,대일스포츠
540,큰활차돌리기,1,달님어린이공원(율하동 929-4),2009,대구광역시 동구청 공원녹지과,대일스포츠
541,런닝트레이너머신-에어워킹머신-로프당기기-트위스트머신,1,달님어린이공원(율하동 929-4),2009,대구광역시 동구청 공원녹지과,대일스포츠
542,씨티드체스트머신-트위스트머신-씨티드하이폴리머신-양어깨돌리기머신,1,달님어린이공원(율하동 929-4),2009,대구광역시 동구청 공원녹지과,대일스포츠
543,스트레칭머신-싣업머신,1,달님어린이공원(율하동 929-4),2009,대구광역시 동구청 공원녹지과,대일스포츠
544,트윈바디싣업,1,율하근린공원(율하동 1105) 1. 파고라,2008,대구광역시 동구청 공원녹지과,디자인파크
545,체어풀,1,율하근린공원(율하동 1105) 1. 파고라,2008,대구광역시 동구청 공원녹지과,디자인파크
546,레그프레스,1,율하근린공원(율하동 1105) 1. 파고라,2008,대구광역시 동구청 공원녹지과,디자인파크
547,백스트레칭,1,율하근린공원(율하동 1105) 1. 파고라 ,2008,대구광역시 동구청 공원녹지과,디자인파크
548,크로스컨트리,1,율하근린공원(율하동 1105) 2. 음수대,2008,대구광역시 동구청 공원녹지과,디자인파크
549,허리돌리기,1,율하근린공원(율하동 1105) 2. 음수대,2008,대구광역시 동구청 공원녹지과,디자인파크
550,트윈워밍암,1,율하근린공원(율하동 1105) 2. 음수대,2008,대구광역시 동구청 공원녹지과,디자인파크
551,롤링웨이스트,1,율하근린공원(율하동 1105) 2. 음수대 ,2008,대구광역시 동구청 공원녹지과,디자인파크
552,스텝싸이클,1,율하근린공원(율하동 1105) 3. 긴통로,2008,대구광역시 동구청 공원녹지과,디자인파크
553,허리돌리기,1,율하근린공원(율하동 1105) 3. 긴통로,2008,대구광역시 동구청 공원녹지과,디자인파크
554,크로스컨트리,1,율하근린공원(율하동 1105) 3. 긴통로,2008,대구광역시 동구청 공원녹지과,디자인파크
555,풀웨이트,1,율하근린공원(율하동 1105) 3. 긴통로,2008,대구광역시 동구청 공원녹지과,디자인파크
556,워밍암,1,율하근린공원(율하동 1105) 3. 긴통로,2008,대구광역시 동구청 공원녹지과,디자인파크
557,크로스컨트리,1,샛터근린공원(율하동 1460),2008,대구광역시 동구청 공원녹지과,디자인파크
558,스텝싸이클,1,샛터근린공원(율하동 1460),2008,대구광역시 동구청 공원녹지과,디자인파크
559,체어웨이트,1,샛터근린공원(율하동 1460),2008,대구광역시 동구청 공원녹지과,디자인파크
560,레그스트레치,1,샛터근린공원(율하동 1460),2008,대구광역시 동구청 공원녹지과,디자인파크
561,스트레칭로라,1,샛터근린공원(율하동 1460),2008,대구광역시 동구청 공원녹지과,디자인파크
562,체어풀,1,샛터근린공원(율하동 1460),2008,대구광역시 동구청 공원녹지과,디자인파크
563,풀웨이트,1,샛터근린공원(율하동 1460),2008,대구광역시 동구청 공원녹지과,디자인파크
564,트윈워밍암,1,샛터근린공원(율하동 1460),2008,대구광역시 동구청 공원녹지과,디자인파크
565,트윈트위스트,1,샛터근린공원(율하동 1460),2008,대구광역시 동구청 공원녹지과,디자인파크
566,레그프레스,1,샛터근린공원(율하동 1460),2008,대구광역시 동구청 공원녹지과,디자인파크
567,핸들웨이트,1,샛터근린공원(율하동 1460),2008,대구광역시 동구청 공원녹지과,디자인파크
568,트윈바디싣업,1,샛터근린공원(율하동 1460),2008,대구광역시 동구청 공원녹지과,디자인파크
569,크로스컨트리,3,봉무공원,2008,대구광역시 동구청 공원녹지과,(주)디자인파크개발
570,워밍암,2,봉무공원,2008,대구광역시 동구청 공원녹지과,(주)디자인파크개발
571,스텝사이클,2,봉무공원,2008,대구광역시 동구청 공원녹지과,(주)디자인파크개발
572,롤링웨이스트,2,봉무공원,2008,대구광역시 동구청 공원녹지과,(주)디자인파크개발
573,레그프레스,2,봉무공원,2008,대구광역시 동구청 공원녹지과,(주)디자인파크개발
574,레그스트레치,1,봉무공원,2008,대구광역시 동구청 공원녹지과,(주)디자인파크개발
575,스트레칭로라,2,봉무공원,2008,대구광역시 동구청 공원녹지과,(주)디자인파크개발
576,트윈바디싣업,1,봉무공원,2008,대구광역시 동구청 공원녹지과,(주)디자인파크개발
577,체어웨이트,1,봉무공원,2008,대구광역시 동구청 공원녹지과,(주)디자인파크개발
578,핸들웨이트,1,봉무공원,2008,대구광역시 동구청 공원녹지과,(주)디자인파크개발
579,체어풀,1,봉무공원,2008,대구광역시 동구청 공원녹지과,(주)디자인파크개발
580,트리플트위스트,1,봉무공원,2008,대구광역시 동구청 공원녹지과,(주)디자인파크개발
581,풀웨이트,1,봉무공원,2008,대구광역시 동구청 공원녹지과,(주)디자인파크개발
582,바웨이트,1,봉무공원,2008,대구광역시 동구청 공원녹지과,(주)디자인파크개발
583,오버턴스트레칭,2,봉무공원,2008,대구광역시 동구청 공원녹지과,(주)디자인파크개발
584,트렁크웨이트,1,봉무공원,2008,대구광역시 동구청 공원녹지과,(주)디자인파크개발
585,레그프레스,1,위남공원,2010,대구광역시 동구청 공원녹지과,(주)디자인파크개발
586,롤링웨이스트,1,위남공원,2010,대구광역시 동구청 공원녹지과,(주)디자인파크개발
587,스텝사이클,1,위남공원,2010,대구광역시 동구청 공원녹지과,(주)디자인파크개발
588,스트레칭로라,1,위남공원,2010,대구광역시 동구청 공원녹지과,(주)디자인파크개발
589,웨이트체어,1,위남공원,2010,대구광역시 동구청 공원녹지과,(주)디자인파크개발
590,체어플,1,위남공원,2010,대구광역시 동구청 공원녹지과,(주)디자인파크개발
591,크로스컨트리,1,위남공원,2010,대구광역시 동구청 공원녹지과,(주)디자인파크개발
592,트리플트위스트,1,위남공원,2010,대구광역시 동구청 공원녹지과,(주)디자인파크개발
593,워밍암,2,위남공원,2021,대구광역시 동구청 공원녹지과,(주)디자인파크개발
594,레그프레스,1,단산유적공원,2010,대구광역시 동구청 공원녹지과,(주)디자인파크개발
595,롤링웨이스트,1,단산유적공원,2010,대구광역시 동구청 공원녹지과,(주)디자인파크개발
596,스텝싸이클,1,단산유적공원,2010,대구광역시 동구청 공원녹지과,(주)디자인파크개발
597,스트레칭로라,1,단산유적공원,2010,대구광역시 동구청 공원녹지과,(주)디자인파크개발
598,롤링웨이스트,1,노랑공원,2010,대구광역시 동구청 공원녹지과,(주)디자인파크개발
599,스텝사이클,1,노랑공원,2010,대구광역시 동구청 공원녹지과,(주)디자인파크개발
600,체어플,1,노랑공원,2010,대구광역시 동구청 공원녹지과,(주)디자인파크개발
601,크로스컨트리,1,노랑공원,2010,대구광역시 동구청 공원녹지과,(주)디자인파크개발
602,트리플트위스트,1,노랑공원,2010,대구광역시 동구청 공원녹지과,(주)디자인파크개발
603,워밍암,2,불로고분공원,2009,대구광역시 동구청 공원녹지과,(주)디자인파크개발
604,스텝사이클,1,불로고분공원,2009,대구광역시 동구청 공원녹지과,(주)디자인파크개발
605,롤링웨이스트,1,불로고분공원,2009,대구광역시 동구청 공원녹지과,(주)디자인파크개발
606,트리플트위스트,1,불로고분공원,2009,대구광역시 동구청 공원녹지과,(주)디자인파크개발
607,크로스컨트리,1,불로고분공원,2009,대구광역시 동구청 공원녹지과,(주)디자인파크개발
608,등허리지압기,1,불로어린이공원,2021,대구광역시 동구청 공원녹지과,㈜케이엘에스
609,온몸허리돌리기,1,불로어린이공원,2021,대구광역시 동구청 공원녹지과,㈜케이엘에스
610,양팔줄당기기/온몸근육풀기,1,불로어린이공원,2021,대구광역시 동구청 공원녹지과,㈜케이엘에스
611,윗몸일으키기/다리뻗치기,1,불로어린이공원,2021,대구광역시 동구청 공원녹지과,㈜케이엘에스
612,하늘걷기/옆파도타기,1,불로어린이공원,2021,대구광역시 동구청 공원녹지과,㈜케이엘에스
613,트리플트위스트,1,새동네어린이공원,2008,대구광역시 동구청 공원녹지과,(주)디자인파크개발
614,크로스컨트리,1,새동네어린이공원,2008,대구광역시 동구청 공원녹지과,(주)디자인파크개발
615,체어플,1,새동네어린이공원,2008,대구광역시 동구청 공원녹지과,(주)디자인파크개발
616,스텝사이클,1,새동네어린이공원,2008,대구광역시 동구청 공원녹지과,(주)디자인파크개발
617,스트레칭로라,1,새동네어린이공원,2008,대구광역시 동구청 공원녹지과,(주)디자인파크개발
618,워밍암,1,새동네어린이공원,2008,대구광역시 동구청 공원녹지과,(주)디자인파크개발
619,워밍암,2,대구선동촌공원,2012,대구광역시 동구청 공원녹지과,(주)디자인파크개발
620,스텝사이클,2,대구선동촌공원,2012,대구광역시 동구청 공원녹지과,(주)디자인파크개발
621,스트레칭로라,2,대구선동촌공원,2012,대구광역시 동구청 공원녹지과,(주)디자인파크개발
622,크로스컨트리,2,대구선동촌공원,2012,대구광역시 동구청 공원녹지과,(주)디자인파크개발
623,체어플,2,대구선동촌공원,2012,대구광역시 동구청 공원녹지과,(주)디자인파크개발
624,레그스트레치,2,대구선동촌공원,2012,대구광역시 동구청 공원녹지과,(주)디자인파크개발
625,롤링웨이스트,2,대구선동촌공원,2012,대구광역시 동구청 공원녹지과,(주)디자인파크개발
626,풀웨이트,2,대구선동촌공원,2012,대구광역시 동구청 공원녹지과,(주)디자인파크개발
627,윗몸일으키기,2,서원연경공원,2018,대구광역시 동구청 공원녹지과,
628,등허리지압기,2,서원연경공원,2018,대구광역시 동구청 공원녹지과,
629,허리돌리기,2,서원연경공원,2018,대구광역시 동구청 공원녹지과,
630,롤링웨이스트,1,서원연경공원,2018,대구광역시 동구청 공원녹지과,
631,하늘걷기,2,서원연경공원,2018,대구광역시 동구청 공원녹지과,
632,온몸근육풀기,1,서원연경공원,2018,대구광역시 동구청 공원녹지과,
633,앉아당기기,1,서원연경공원,2018,대구광역시 동구청 공원녹지과,
634,윗몸일으키기,1,계동공원,2018,대구광역시 동구청 공원녹지과,
635,등허리지압기,1,계동공원,2018,대구광역시 동구청 공원녹지과,
636,허리돌리기,1,계동공원,2018,대구광역시 동구청 공원녹지과,
637,롤링웨이스트,1,계동공원,2018,대구광역시 동구청 공원녹지과,
638,하늘걷기,1,계동공원,2018,대구광역시 동구청 공원녹지과,
639,온몸근육풀기,1,계동공원,2018,대구광역시 동구청 공원녹지과,
640,앉아당기기,1,계동공원,2018,대구광역시 동구청 공원녹지과,
641,평행봉,1,계동공원,2018,대구광역시 동구청 공원녹지과,
642,크로스컨트리,1,대구선아양공원,2012,대구광역시 동구청 공원녹지과,(주)디자인파크개발
643,롤링웨이스트,1,대구선아양공원,2012,대구광역시 동구청 공원녹지과,(주)디자인파크개발
644,워밍암,1,대구선아양공원,2012,대구광역시 동구청 공원녹지과,(주)디자인파크개발
645,다리로밀기,1,대구선아양공원,2022,대구광역시 동구청 공원녹지과,(주)H&S스포메딕
646,허리돌리기/윗몸일으키기,1,대구선아양공원,2022,대구광역시 동구청 공원녹지과,(주)H&S스포메딕
647,등허리지압기,1,대구선아양공원,2022,대구광역시 동구청 공원녹지과,(주)H&S스포메딕
648,다리근육풀기,1,대구선아양공원,2022,대구광역시 동구청 공원녹지과,(주)H&S스포메딕
649,아래로당기기,1,신천가람타운 옆 유휴지 체육시설(신천동 566-180번지),2010,대구광역시 동구청 문화체육과,
650,허리돌리기,1,신천가람타운 옆 유휴지 체육시설(신천동 566-180번지),2010,대구광역시 동구청 문화체육과,
651,달리기,1,신천가람타운 옆 유휴지 체육시설(신천동 566-180번지),2010,대구광역시 동구청 문화체육과,
652,앞으로밀기,1,신천가람타운 옆 유휴지 체육시설(신천동 566-180번지),2010,대구광역시 동구청 문화체육과,
653,다리로밀기,1,신천가람타운 옆 유휴지 체육시설(신천동 566-180번지),2010,대구광역시 동구청 문화체육과,
654,공중걷기,1,신천가람타운 옆 유휴지 체육시설(신천동 566-180번지),2010,대구광역시 동구청 문화체육과,
655,하체흔들기,1,신천가람타운 옆 유휴지 체육시설(신천동 566-180번지),2010,대구광역시 동구청 문화체육과,
656,트윈바디싣업,1,신천가람타운 옆 유휴지 체육시설(신천동 566-180번지),2010,대구광역시 동구청 문화체육과,
657,핸들웨이트,1,신천가람타운 옆 유휴지 체육시설(신천동 566-180번지),2010,대구광역시 동구청 문화체육과,
658,워밍암,1,신천가람타운 옆 유휴지 체육시설(신천동 566-180번지),2010,대구광역시 동구청 문화체육과,
659,오금펴기,1,신천가람타운 옆 유휴지 체육시설(신천동 566-180번지),2010,대구광역시 동구청 문화체육과,
660,트윈트위스트,1,신암5동 체육시설(신암동 1313-4번지),2015,대구광역시 동구청 문화체육과,
661,스텝사이클,1,신암5동 체육시설(신암동 1313-4번지),2015,대구광역시 동구청 문화체육과,
662,크로스컨트리,1,신암5동 체육시설(신암동 1313-4번지),2015,대구광역시 동구청 문화체육과,
663,트윈바디싣업,1,신암5동 체육시설(신암동 1313-4번지),2015,대구광역시 동구청 문화체육과,
664,체어풀,1,신암5동 체육시설(신암동 1313-4번지),2015,대구광역시 동구청 문화체육과,
665,워밍암,1,신암5동 체육시설(신암동 1313-4번지),2015,대구광역시 동구청 문화체육과,
666,평행봉,1,신암5동 체육시설(신암동 1313-4번지),2015,대구광역시 동구청 문화체육과,
667,철봉,1,신암5동 체육시설(신암동 1313-4번지),2015,대구광역시 동구청 문화체육과,
668,팔굽혀펴기,1,신암5동 체육시설(신암동 1313-4번지),2015,대구광역시 동구청 문화체육과,
669,역기올리기,1,228학생도서관 체육시설(신암동 72번지),2010,대구광역시 동구청 문화체육과,
670,역기내리기,1,228학생도서관 체육시설(신암동 72번지),2010,대구광역시 동구청 문화체육과,
671,파도타기,1,228학생도서관 체육시설(신암동 72번지),2010,대구광역시 동구청 문화체육과,
672,달리기,1,228학생도서관 체육시설(신암동 72번지),2010,대구광역시 동구청 문화체육과,
673,노젓기,1,228학생도서관 체육시설(신암동 72번지),2010,대구광역시 동구청 문화체육과,
674,윗몸일으키기,1,228학생도서관 체육시설(신암동 72번지),2010,대구광역시 동구청 문화체육과,
675,허리돌리기,1,228학생도서관 체육시설(신암동 72번지),2010,대구광역시 동구청 문화체육과,
676,평행봉,1,228학생도서관 체육시설(신암동 72번지),2010,대구광역시 동구청 문화체육과,
677,크로스컨트리,1,신천3동 체육시설(신천동 849-12번지),2014,대구광역시 동구청 문화체육과,
678,스텝사이클,1,신천3동 체육시설(신천동 849-12번지),2014,대구광역시 동구청 문화체육과,
679,워밍암,1,신천3동 체육시설(신천동 849-12번지),2014,대구광역시 동구청 문화체육과,
680,트리플트위스트,1,신천3동 체육시설(신천동 849-12번지),2014,대구광역시 동구청 문화체육과,
681,트리플트위스트 2점,1,동대구로 체육공원(신천동 742번지),1982,대구광역시 동구청 문화체육과,
682,풀웨이트,1,동대구로 체육공원(신천동 742번지),1982,대구광역시 동구청 문화체육과,
683,체어웨이트 2점,1,동대구로 체육공원(신천동 742번지),1982,대구광역시 동구청 문화체육과,
684,워밍암 2점,1,동대구로 체육공원(신천동 742번지),1982,대구광역시 동구청 문화체육과,
685,트윈바디싣업,1,동대구로 체육공원(신천동 742번지),1982,대구광역시 동구청 문화체육과,
686,레그프레스,1,동대구로 체육공원(신천동 742번지),1982,대구광역시 동구청 문화체육과,
687,스트레칭로라,1,동대구로 체육공원(신천동 742번지),1982,대구광역시 동구청 문화체육과,
688,스텝사이클,1,동대구로 체육공원(신천동 742번지),1982,대구광역시 동구청 문화체육과,
689,체어풀 3점,1,동대구로 체육공원(신천동 742번지),1982,대구광역시 동구청 문화체육과,
690,크로스컨트리 3점,1,동대구로 체육공원(신천동 742번지),1982,대구광역시 동구청 문화체육과,
691,롤링웨이스트,1,동대구로 체육공원(신천동 742번지),1982,대구광역시 동구청 문화체육과,
692,트윈워밍암,1,동대구로 체육공원(신천동 742번지),1982,대구광역시 동구청 문화체육과,
693,백스트레칭,1,동대구로 체육공원(신천동 742번지),1982,대구광역시 동구청 문화체육과,
694,오버턴스트레칭,1,동대구로 체육공원(신천동 742번지),1982,대구광역시 동구청 문화체육과,
695,윗몸일으키기 2점,1,동대구로 체육공원(신천동 742번지),1982,대구광역시 동구청 문화체육과,
696,허리돌리기 3점,1,동대구로 체육공원(신천동 742번지),1982,대구광역시 동구청 문화체육과,
697,평행봉,1,동대구로 체육공원(신천동 742번지),1982,대구광역시 동구청 문화체육과,
698,레그스트레치,1,동대구로 체육공원(신천동 742번지),1982,대구광역시 동구청 문화체육과,
699,트윈트위스트,1,동대구로 체육공원(신천동 742번지),1982,대구광역시 동구청 문화체육과,
700,오금펴기,1,동촌유원지 체육시설(효목동 1314번지),2010,대구광역시 동구청 문화체육과,
701,철봉 2점,1,동촌유원지 체육시설(효목동 1314번지),2010,대구광역시 동구청 문화체육과,
702,팔굽혀펴기,1,동촌유원지 체육시설(효목동 1314번지),2010,대구광역시 동구청 문화체육과,
703,개울건너기,1,동촌유원지 체육시설(효목동 1314번지),2010,대구광역시 동구청 문화체육과,
704,몸통들어올리기 2점,1,동촌유원지 체육시설(효목동 1314번지),2010,대구광역시 동구청 문화체육과,
705,바디싣업 2점,1,동촌유원지 체육시설(효목동 1314번지),2010,대구광역시 동구청 문화체육과,
706,트리플트위스트,1,동촌유원지 체육시설(효목동 1314번지),2010,대구광역시 동구청 문화체육과,
707,바웨이트,1,동촌유원지 체육시설(효목동 1314번지),2010,대구광역시 동구청 문화체육과,
708,체어웨이트,1,동촌유원지 체육시설(효목동 1314번지),2010,대구광역시 동구청 문화체육과,
709,풀웨이트,1,동촌유원지 체육시설(효목동 1314번지),2010,대구광역시 동구청 문화체육과,
710,롤링웨이스트,1,동촌유원지 체육시설(효목동 1314번지),2010,대구광역시 동구청 문화체육과,
711,스텝사이클,1,동촌유원지 체육시설(효목동 1314번지),2010,대구광역시 동구청 문화체육과,
712,크로스컨트리,1,동촌유원지 체육시설(효목동 1314번지),2010,대구광역시 동구청 문화체육과,
713,레그스트레치,1,동촌유원지 체육시설(효목동 1314번지),2010,대구광역시 동구청 문화체육과,
714,워밍암,1,동촌유원지 체육시설(효목동 1314번지),2010,대구광역시 동구청 문화체육과,
715,스트레칭로라,1,동촌유원지 체육시설(효목동 1314번지),2010,대구광역시 동구청 문화체육과,
716,등허리마사지,1,진로아파트 인근 소공원 체육시설(효목동 55-10번지),2011,대구광역시 동구청 문화체육과,
717,노젓기+허리돌리기,1,진로아파트 인근 소공원 체육시설(효목동 55-10번지),2011,대구광역시 동구청 문화체육과,
718,양회전어깨스트레칭+워밍암,1,진로아파트 인근 소공원 체육시설(효목동 55-10번지),2011,대구광역시 동구청 문화체육과,
719,공중걷기+파도타기,1,진로아파트 인근 소공원 체육시설(효목동 55-10번지),2011,대구광역시 동구청 문화체육과,
720,트윈바디싣업,1,진로아파트 인근 소공원 체육시설(효목동 55-10번지),2011,대구광역시 동구청 문화체육과,
721,오버턴스트레칭,1,진로아파트 인근 소공원 체육시설(효목동 55-10번지),2011,대구광역시 동구청 문화체육과,
722,역기올리기 및 다리밀기,1,진로아파트 인근 소공원 체육시설(효목동 55-10번지),2011,대구광역시 동구청 문화체육과,
723,온몸노젓기,3,태왕메트로시티 내 체육시설(동북로 500번지),2008,대구광역시 동구청 문화체육과,
724,하늘걷기,3,태왕메트로시티 내 체육시설(동북로 500번지),2008,대구광역시 동구청 문화체육과,
725,마라톤운동 6점,3,태왕메트로시티 내 체육시설(동북로 500번지),2008,대구광역시 동구청 문화체육과,
726,어깨근육풀기,3,태왕메트로시티 내 체육시설(동북로 500번지),2008,대구광역시 동구청 문화체육과,
727,등허리지압기,3,태왕메트로시티 내 체육시설(동북로 500번지),2008,대구광역시 동구청 문화체육과,
728,온몸역기내리기,3,태왕메트로시티 내 체육시설(동북로 500번지),2008,대구광역시 동구청 문화체육과,
729,다리뻗치기,3,태왕메트로시티 내 체육시설(동북로 500번지),2008,대구광역시 동구청 문화체육과,
730,온몸역기올리기,3,태왕메트로시티 내 체육시설(동북로 500번지),2008,대구광역시 동구청 문화체육과,
731,양팔줄당기기,3,태왕메트로시티 내 체육시설(동북로 500번지),2008,대구광역시 동구청 문화체육과,
732,옆파도타기,3,태왕메트로시티 내 체육시설(동북로 500번지),2008,대구광역시 동구청 문화체육과,
733,자유철봉,3,태왕메트로시티 내 체육시설(동북로 500번지),2008,대구광역시 동구청 문화체육과,
734,자유평행봉,3,태왕메트로시티 내 체육시설(동북로 500번지),2008,대구광역시 동구청 문화체육과,
735,온몸허리돌리기,3,태왕메트로시티 내 체육시설(동북로 500번지),2008,대구광역시 동구청 문화체육과,
736,온몸근육풀기,3,태왕메트로시티 내 체육시설(동북로 500번지),2008,대구광역시 동구청 문화체육과,
737,윗몸일으키기,3,태왕메트로시티 내 체육시설(동북로 500번지),2008,대구광역시 동구청 문화체육과,
738,허벅지근육풀기,3,태왕메트로시티 내 체육시설(동북로 500번지),2008,대구광역시 동구청 문화체육과,
739,트리플트위스트,1,도동 체육시설(도동 9-17앞 하천부지),1994,대구광역시 동구청 문화체육과,
740,크로스컨트리,1,도동 체육시설(도동 9-17앞 하천부지),1994,대구광역시 동구청 문화체육과,
741,스텝사이클,1,도동 체육시설(도동 9-17앞 하천부지),1994,대구광역시 동구청 문화체육과,
742,롤링웨이스트,1,도동 체육시설(도동 9-17앞 하천부지),1994,대구광역시 동구청 문화체육과,
743,트윈바디싣업,1,도동 체육시설(도동 9-17앞 하천부지),1994,대구광역시 동구청 문화체육과,
744,레그프레스,1,도동 체육시설(도동 9-17앞 하천부지),1994,대구광역시 동구청 문화체육과,
745,핸들웨이트,1,도동 체육시설(도동 9-17앞 하천부지),1994,대구광역시 동구청 문화체육과,
746,스트레칭로라,1,도동 체육시설(도동 9-17앞 하천부지),1994,대구광역시 동구청 문화체육과,
747,체어웨이트,1,도동 체육시설(도동 9-17앞 하천부지),1994,대구광역시 동구청 문화체육과,
748,워밍암,1,도동 체육시설(도동 9-17앞 하천부지),1994,대구광역시 동구청 문화체육과,
749,평행봉,1,도동 체육시설(도동 9-17앞 하천부지),1994,대구광역시 동구청 문화체육과,
750,윗몸일으키기,1,도동 체육시설(도동 9-17앞 하천부지),1994,대구광역시 동구청 문화체육과,
751,트윈바디싣업,1,평광동 1543-32번지 체육시설(평광동 1543-32번지),2017,대구광역시 동구청 문화체육과,
752,스텝싸이클,1,평광동 1543-32번지 체육시설(평광동 1543-32번지),2017,대구광역시 동구청 문화체육과,
753,트리플트위스트,1,평광동 1543-32번지 체육시설(평광동 1543-32번지),2017,대구광역시 동구청 문화체육과,
754,워밍암,1,평광동 1543-32번지 체육시설(평광동 1543-32번지),2017,대구광역시 동구청 문화체육과,
755,롤링웨이스트,1,평광동 1543-32번지 체육시설(평광동 1543-32번지),2017,대구광역시 동구청 문화체육과,
756,크로스컨트리,1,평광동 1543-32번지 체육시설(평광동 1543-32번지),2017,대구광역시 동구청 문화체육과,
757,트리플트위스트,1,불로 다목적운동장 체육시설(불로동 661번지),1994,대구광역시 동구청 문화체육과,
758,워밍암,1,불로 다목적운동장 체육시설(불로동 661번지),1994,대구광역시 동구청 문화체육과,
759,크로스컨트리,1,불로 다목적운동장 체육시설(불로동 661번지),1994,대구광역시 동구청 문화체육과,
760,풀웨이트,1,불로 다목적운동장 체육시설(불로동 661번지),1994,대구광역시 동구청 문화체육과,
761,스텝사이클,1,불로 다목적운동장 체육시설(불로동 661번지),1994,대구광역시 동구청 문화체육과,
762,체어풀,1,불로 다목적운동장 체육시설(불로동 661번지),1994,대구광역시 동구청 문화체육과,
763,핸들웨이트,1,불로 다목적운동장 체육시설(불로동 661번지),1994,대구광역시 동구청 문화체육과,
764,롤링웨이스트,1,불로 다목적운동장 체육시설(불로동 661번지),1994,대구광역시 동구청 문화체육과,
765,허리돌리기,1,불로 다목적운동장 체육시설(불로동 661번지),1994,대구광역시 동구청 문화체육과,
766,평행봉,1,불로 다목적운동장 체육시설(불로동 661번지),1994,대구광역시 동구청 문화체육과,
767,윗몸일으키기,1,불로 다목적운동장 체육시설(불로동 661번지),1994,대구광역시 동구청 문화체육과,
768,트리플트위스트,1,불로천 청호아파트 앞 체육시설(불로동 141번지),2013,대구광역시 동구청 문화체육과,
769,크로스컨트리,1,불로천 청호아파트 앞 체육시설(불로동 141번지),2013,대구광역시 동구청 문화체육과,
770,스텝사이클,1,불로천 청호아파트 앞 체육시설(불로동 141번지),2013,대구광역시 동구청 문화체육과,
771,롤링웨이스트,1,불로천 청호아파트 앞 체육시설(불로동 141번지),2013,대구광역시 동구청 문화체육과,
772,트윈바디싣업,1,불로천 청호아파트 앞 체육시설(불로동 141번지),2013,대구광역시 동구청 문화체육과,
773,레그프레스,1,불로천 청호아파트 앞 체육시설(불로동 141번지),2013,대구광역시 동구청 문화체육과,
774,핸들웨이트,1,불로천 청호아파트 앞 체육시설(불로동 141번지),2013,대구광역시 동구청 문화체육과,
775,스트레칭로라,1,불로천 청호아파트 앞 체육시설(불로동 141번지),2013,대구광역시 동구청 문화체육과,
776,체어웨이트,1,불로천 청호아파트 앞 체육시설(불로동 141번지),2013,대구광역시 동구청 문화체육과,
777,워밍암,1,불로천 청호아파트 앞 체육시설(불로동 141번지),2013,대구광역시 동구청 문화체육과,
778,오버턴스트레칭,1,불로천 청호아파트 앞 체육시설(불로동 141번지),2013,대구광역시 동구청 문화체육과,
779,롤링웨이스트,1,구불로교 밑 체육시설(불로동 1199번지),2017,대구광역시 동구청 문화체육과,
780,스텝사이클,1,구불로교 밑 체육시설(불로동 1199번지),2017,대구광역시 동구청 문화체육과,
781,크로스컨트리,1,구불로교 밑 체육시설(불로동 1199번지),2017,대구광역시 동구청 문화체육과,
782,트윈워밍암,1,구불로교 밑 체육시설(불로동 1199번지),2017,대구광역시 동구청 문화체육과,
783,트리플트위스트,1,구불로교 밑 체육시설(불로동 1199번지),2017,대구광역시 동구청 문화체육과,
784,허리돌리기,1,위남경로당 앞 체육시설(봉무동 1054-1번지),2018,대구광역시 동구청 문화체육과,
785,달리기+공중걷기,1,위남경로당 앞 체육시설(봉무동 1054-1번지),2018,대구광역시 동구청 문화체육과,
786,허리돌리기+달리기,1,단산동경로당 앞 체육시설(단산길 22),2021,대구광역시 동구청 문화체육과,
787,온몸근육풀기+어깨근육풀기,1,단산동경로당 앞 체육시설(단산길 22),2021,대구광역시 동구청 문화체육과,
788,철봉,1,지저동둔치 체육시설(불로동 1080),1995,대구광역시 동구청 문화체육과,
789,평행봉 2점,1,지저동둔치 체육시설(불로동 1080),1995,대구광역시 동구청 문화체육과,
790,오금펴기,1,지저동둔치 체육시설(불로동 1080),1995,대구광역시 동구청 문화체육과,
791,트윈바디싣업,1,지저동둔치 체육시설(불로동 1080),1995,대구광역시 동구청 문화체육과,
792,풀웨이트,1,지저동둔치 체육시설(불로동 1080),1995,대구광역시 동구청 문화체육과,
793,체어웨이트,1,지저동둔치 체육시설(불로동 1080),1995,대구광역시 동구청 문화체육과,
794,스텝사이클,1,지저동둔치 체육시설(불로동 1080),1995,대구광역시 동구청 문화체육과,
795,양팔줄당기기,1,지저동둔치 체육시설(불로동 1080),1995,대구광역시 동구청 문화체육과,
796,레그프레스,1,지저동둔치 체육시설(불로동 1080),1995,대구광역시 동구청 문화체육과,
797,허리돌리기,1,지저동둔치 체육시설(불로동 1080),1995,대구광역시 동구청 문화체육과,
798,롤링웨이스트,1,지저동둔치 체육시설(불로동 1080),1995,대구광역시 동구청 문화체육과,
799,크로스컨트리,1,지저동둔치 체육시설(불로동 1080),1995,대구광역시 동구청 문화체육과,
800,워밍암,1,지저동둔치 체육시설(불로동 1080),1995,대구광역시 동구청 문화체육과,
801,스트레칭로라,1,지저동둔치 체육시설(불로동 1080),1995,대구광역시 동구청 문화체육과,
802,트윈바디싣업,1,지저동 대구공항 맞은편 체육시설(지저동 669-52번지),2006,대구광역시 동구청 문화체육과,
803,워밍암,1,지저동 대구공항 맞은편 체육시설(지저동 669-52번지),2006,대구광역시 동구청 문화체육과,
804,스텝사이클,1,지저동 대구공항 맞은편 체육시설(지저동 669-52번지),2006,대구광역시 동구청 문화체육과,
805,롤링웨이스트,1,지저동 대구공항 맞은편 체육시설(지저동 669-52번지),2006,대구광역시 동구청 문화체육과,
806,풀웨이트,1,지저동 대구공항 맞은편 체육시설(지저동 669-52번지),2006,대구광역시 동구청 문화체육과,
807,체어웨이트,1,지저동 대구공항 맞은편 체육시설(지저동 669-52번지),2006,대구광역시 동구청 문화체육과,
808,크로스컨트리,1,지저동 대구공항 맞은편 체육시설(지저동 669-52번지),2006,대구광역시 동구청 문화체육과,
809,스트레칭로라,1,지저동 대구공항 맞은편 체육시설(지저동 669-52번지),2006,대구광역시 동구청 문화체육과,
810,트리플트위스트,1,지저동 대구공항 맞은편 체육시설(지저동 669-52번지),2006,대구광역시 동구청 문화체육과,
811,체어풀,1,지저동 대구공항 맞은편 체육시설(지저동 669-52번지),2006,대구광역시 동구청 문화체육과,
812,레그프레스,1,지저동 대구공항 맞은편 체육시설(지저동 669-52번지),2006,대구광역시 동구청 문화체육과,
813,평행봉 4점,1,동촌둔치 체육시설(검사동 982번지),2019,대구광역시 동구청 문화체육과,
814,철봉,1,동촌둔치 체육시설(검사동 982번지),2019,대구광역시 동구청 문화체육과,
815,윗몸일으키기,1,동촌둔치 체육시설(검사동 982번지),2019,대구광역시 동구청 문화체육과,
816,허리돌리기4점,1,동촌둔치 체육시설(검사동 982번지),2019,대구광역시 동구청 문화체육과,
817,워밍암2점,1,동촌둔치 체육시설(검사동 982번지),2019,대구광역시 동구청 문화체육과,
818,파도타기,1,동촌둔치 체육시설(검사동 982번지),2019,대구광역시 동구청 문화체육과,
819,공중걷기 3점,1,동촌둔치 체육시설(검사동 982번지),2019,대구광역시 동구청 문화체육과,
820,마라톤,1,동촌둔치 체육시설(검사동 982번지),2019,대구광역시 동구청 문화체육과,
821,자유철봉,1,동촌둔치 체육시설(검사동 982번지),2019,대구광역시 동구청 문화체육과,
822,스텝사이클,1,동촌둔치 체육시설(검사동 982번지),2019,대구광역시 동구청 문화체육과,
823,옆파도타기,1,동촌둔치 체육시설(검사동 982번지),2019,대구광역시 동구청 문화체육과,
824,트윈바디싣업,1,동촌둔치 체육시설(검사동 982번지),2019,대구광역시 동구청 문화체육과,
825,앉아당기기+앉아밀어주기,1,동촌둔치 체육시설(검사동 982번지),2019,대구광역시 동구청 문화체육과,
826,하늘걷기+달리기,1,동촌둔치 체육시설(검사동 982번지),2019,대구광역시 동구청 문화체육과,
827,팔관절운동+원그리기,1,동촌둔치 체육시설(검사동 982번지),2019,대구광역시 동구청 문화체육과,
828,공중걷기+노젓기,1,홈플러스 맞은편 유휴지 체육시설(검사동 1103-17번지),2010,대구광역시 동구청 문화체육과,
829,허리돌리기+등허리지압기,1,홈플러스 맞은편 유휴지 체육시설(검사동 1103-17번지),2010,대구광역시 동구청 문화체육과,
830,오금펴기+옆파도타기,1,홈플러스 맞은편 유휴지 체육시설(검사동 1103-17번지),2010,대구광역시 동구청 문화체육과,
831,달리기+어깨유연성운동,1,홈플러스 맞은편 유휴지 체육시설(검사동 1103-17번지),2010,대구광역시 동구청 문화체육과,
832,역기올리기+역기내리기,1,홈플러스 맞은편 유휴지 체육시설(검사동 1103-17번지),2010,대구광역시 동구청 문화체육과,
833,스텝사이클,1,입석동 911-2번지 체육시설,2015,대구광역시 동구청 문화체육과,
834,크로스컨트리,1,입석동 911-2번지 체육시설,2015,대구광역시 동구청 문화체육과,
835,트윈워밍암,1,입석동 911-2번지 체육시설,2015,대구광역시 동구청 문화체육과,
836,트리플트위스트,1,입석동 911-2번지 체육시설,2015,대구광역시 동구청 문화체육과,
837,워밍암,1,입석동 1033-105번지 앞 체육시설,2019,대구광역시 동구청 문화체육과,
838,크로스컨트리,1,입석동 1033-105번지 앞 체육시설,2019,대구광역시 동구청 문화체육과,
839,롤링웨이스트,1,입석동 1033-105번지 앞 체육시설,2019,대구광역시 동구청 문화체육과,
840,트리플트위스트,1,입석동 1033-105번지 앞 체육시설,2019,대구광역시 동구청 문화체육과,
841,체어웨이트,1,입석동 1033-105번지 앞 체육시설,2019,대구광역시 동구청 문화체육과,
842,체어풀,1,입석동 1033-105번지 앞 체육시설,2019,대구광역시 동구청 문화체육과,
843,워밍암,1,검사동 1040-2번지 체육시설,2019,대구광역시 동구청 문화체육과,
844,크로스컨트리,1,검사동 1040-2번지 체육시설,2019,대구광역시 동구청 문화체육과,
845,트리플트위스트,1,검사동 1040-2번지 체육시설,2019,대구광역시 동구청 문화체육과,
846,스텝사이클,1,검사동 1040-2번지 체육시설,2019,대구광역시 동구청 문화체육과,
847,롤링웨이스트,1,검사동 1040-2번지 체육시설,2019,대구광역시 동구청 문화체육과,
848,레그프레스,1,검사동 1040-2번지 체육시설,2019,대구광역시 동구청 문화체육과,
849,스트레칭로라,1,방촌배수펌프장 옆 체육시설(방촌동 1119-119번지),2018,대구광역시 동구청 문화체육과,
850,허리돌리기,1,방촌배수펌프장 옆 체육시설(방촌동 1119-119번지),2018,대구광역시 동구청 문화체육과,
851,워밍암,1,방촌배수펌프장 옆 체육시설(방촌동 1119-119번지),2018,대구광역시 동구청 문화체육과,
852,하늘걷기,1,방촌배수펌프장 옆 체육시설(방촌동 1119-119번지),2018,대구광역시 동구청 문화체육과,
853,달리기,1,방촌배수펌프장 옆 체육시설(방촌동 1119-119번지),2018,대구광역시 동구청 문화체육과,
854,옆파도타기,1,방촌배수펌프장 옆 체육시설(방촌동 1119-119번지),2018,대구광역시 동구청 문화체육과,
855,앉아당기기+앉아밀기,1,방촌배수펌프장 옆 체육시설(방촌동 1119-119번지),2018,대구광역시 동구청 문화체육과,
856,달리기+하늘걷기,1,방촌배수펌프장 옆 체육시설(방촌동 1119-119번지),2018,대구광역시 동구청 문화체육과,
857,팔관절운동+원그리기,1,방촌배수펌프장 옆 체육시설(방촌동 1119-119번지),2018,대구광역시 동구청 문화체육과,
858,앉아밀기+가로하늘타기,1,방촌배수펌프장 옆 체육시설(방촌동 1119-119번지),2018,대구광역시 동구청 문화체육과,
859,허리돌리기+온몸허리돌리기,1,방촌배수펌프장 옆 체육시설(방촌동 1119-119번지),2018,대구광역시 동구청 문화체육과,
860,오금펴기,1,방촌배수펌프장 옆 체육시설(방촌동 1119-119번지),2018,대구광역시 동구청 문화체육과,
861,마라톤운동,1,신평동 배드민턴장 체육시설(신평동 758-5번지),2006,대구광역시 동구청 문화체육과,
862,온몸노젓기,1,신평동 배드민턴장 체육시설(신평동 758-5번지),2006,대구광역시 동구청 문화체육과,
863,하늘걷기,1,신평동 배드민턴장 체육시설(신평동 758-5번지),2006,대구광역시 동구청 문화체육과,
864,등허리지압기,1,신평동 배드민턴장 체육시설(신평동 758-5번지),2006,대구광역시 동구청 문화체육과,
865,옆파도타기,1,신평동 배드민턴장 체육시설(신평동 758-5번지),2006,대구광역시 동구청 문화체육과,
866,자유시소,1,신평동 배드민턴장 체육시설(신평동 758-5번지),2006,대구광역시 동구청 문화체육과,
867,다리뻗치기,1,신평동 배드민턴장 체육시설(신평동 758-5번지),2006,대구광역시 동구청 문화체육과,
868,자유철봉,1,신평동 배드민턴장 체육시설(신평동 758-5번지),2006,대구광역시 동구청 문화체육과,
869,온몸허리돌리기,1,신평동 배드민턴장 체육시설(신평동 758-5번지),2006,대구광역시 동구청 문화체육과,
870,온몸근육풀기,1,신평동 배드민턴장 체육시설(신평동 758-5번지),2006,대구광역시 동구청 문화체육과,
871,크로스컨트리,1,방촌동 858-33번지 체육시설,2015,대구광역시 동구청 문화체육과,
872,롤링웨이스트,1,방촌동 858-33번지 체육시설,2015,대구광역시 동구청 문화체육과,
873,워밍암,1,방촌동 858-33번지 체육시설,2015,대구광역시 동구청 문화체육과,
874,롤링웨이스트,1,해안공영주차장 앞 체육시설(방촌동 126-2번지),2017,대구광역시 동구청 문화체육과,
875,크로스컨트리,1,해안공영주차장 앞 체육시설(방촌동 126-2번지),2017,대구광역시 동구청 문화체육과,
876,트리플트위스트,1,해안공영주차장 앞 체육시설(방촌동 126-2번지),2017,대구광역시 동구청 문화체육과,
877,온몸근육풀기,1,신덕경로당 앞 체육시설(신평동 41-16번지),2021,대구광역시 동구청 문화체육과,
878,어깨근육풀기,1,신덕경로당 앞 체육시설(신평동 41-16번지),2021,대구광역시 동구청 문화체육과,
879,역기올리기,1,안심근린공원 체육시설(신기동 580번지),,대구광역시 동구청 문화체육과,
880,옆파도타기,1,안심근린공원 체육시설(신기동 580번지),,대구광역시 동구청 문화체육과,
881,윗몸일으키기,1,안심근린공원 체육시설(신기동 580번지),,대구광역시 동구청 문화체육과,
882,워킹사이클론,1,안심근린공원 체육시설(신기동 580번지),,대구광역시 동구청 문화체육과,
883,크로스워킹,1,안심근린공원 체육시설(신기동 580번지),,대구광역시 동구청 문화체육과,
884,풀웨이트,1,안심근린공원 체육시설(신기동 580번지),,대구광역시 동구청 문화체육과,
885,매달려건너가기 2종,1,안심근린공원 체육시설(신기동 580번지),,대구광역시 동구청 문화체육과,
886,자유철봉,1,안심근린공원 체육시설(신기동 580번지),,대구광역시 동구청 문화체육과,
887,등허리지압기,1,안심근린공원 체육시설(신기동 580번지),,대구광역시 동구청 문화체육과,
888,온몸근육풀기,1,안심근린공원 체육시설(신기동 580번지),,대구광역시 동구청 문화체육과,
889,다리뻗치기,1,안심근린공원 체육시설(신기동 580번지),,대구광역시 동구청 문화체육과,
890,온몸노젓기,1,안심근린공원 체육시설(신기동 580번지),,대구광역시 동구청 문화체육과,
891,온몸허리돌리기,1,안심근린공원 체육시설(신기동 580번지),,대구광역시 동구청 문화체육과,
892,자유시소,1,안심근린공원 체육시설(신기동 580번지),,대구광역시 동구청 문화체육과,
893,하늘걷기,1,안심근린공원 체육시설(신기동 580번지),,대구광역시 동구청 문화체육과,
894,마라톤,1,안심근린공원 체육시설(신기동 580번지),,대구광역시 동구청 문화체육과,
895,옆파도타기,1,안심근린공원 체육시설(신기동 580번지),,대구광역시 동구청 문화체육과,
896,평행봉,1,안심근린공원 체육시설(신기동 580번지),,대구광역시 동구청 문화체육과,
897,철봉,1,안심근린공원 체육시설(신기동 580번지),,대구광역시 동구청 문화체육과,
898,롤링스트레칭,1,강동 동네 체육시설(용계동 936-3번지),2008,대구광역시 동구청 문화체육과,
899,트위스트웨이브,1,강동 동네 체육시설(용계동 936-3번지),2008,대구광역시 동구청 문화체육과,
900,크로스워킹,1,강동 동네 체육시설(용계동 936-3번지),2008,대구광역시 동구청 문화체육과,
901,레그프레스,1,강동 동네 체육시설(용계동 936-3번지),2008,대구광역시 동구청 문화체육과,
902,롤링웨이스트,1,동서마을아파트 건너둔치 체육시설(용계동 461-3번지),2015,대구광역시 동구청 문화체육과,
903,크로스컨트리,1,동서마을아파트 건너둔치 체육시설(용계동 461-3번지),2015,대구광역시 동구청 문화체육과,
904,앞팔줄당기기+팔근육기르기,1,동서마을아파트 건너둔치 체육시설(용계동 461-3번지),2015,대구광역시 동구청 문화체육과,
905,달리기,1,동서마을아파트 건너둔치 체육시설(용계동 461-3번지),2015,대구광역시 동구청 문화체육과,
906,말타기,1,동서마을아파트 건너둔치 체육시설(용계동 461-3번지),2015,대구광역시 동구청 문화체육과,
907,허리돌리기,1,동서마을아파트 건너둔치 체육시설(용계동 461-3번지),2015,대구광역시 동구청 문화체육과,
908,레그프레스,1,율하천 내 체육시설(율암동 1106번지),2015,대구광역시 동구청 문화체육과,
909,롤링웨이스트,1,율하천 내 체육시설(율암동 1106번지),2015,대구광역시 동구청 문화체육과,
910,워밍암,1,율하천 내 체육시설(율암동 1106번지),2015,대구광역시 동구청 문화체육과,
911,스텝사이클,1,율하천 내 체육시설(율암동 1106번지),2015,대구광역시 동구청 문화체육과,
912,크로스컨트리,1,율하천 내 체육시설(율암동 1106번지),2015,대구광역시 동구청 문화체육과,
913,롤링웨이스트,1,매여경로당 앞 공터 체육시설(매여동 195번지),2015,대구광역시 동구청 문화체육과,
914,크로스컨트리,1,매여경로당 앞 공터 체육시설(매여동 195번지),2015,대구광역시 동구청 문화체육과,
915,트리플트위스트,1,매여경로당 앞 공터 체육시설(매여동 195번지),2015,대구광역시 동구청 문화체육과,
916,워밍암,1,매여경로당 앞 공터 체육시설(매여동 195번지),2015,대구광역시 동구청 문화체육과,
917,온몸근육풀기+어깨근육풀기,1,이노밸리로 인근 체육시설(율암동 1106번지),2021,대구광역시 동구청 문화체육과,
918,허리돌리기,1,이노밸리로 인근 체육시설(율암동 1106번지),2021,대구광역시 동구청 문화체육과,
919,하체흔들기+공중걷기,1,이노밸리로 인근 체육시설(율암동 1106번지),2021,대구광역시 동구청 문화체육과,
920,다리로밀기,1,이노밸리로 인근 체육시설(율암동 1106번지),2021,대구광역시 동구청 문화체육과,
921,등허리지압기,1,이노밸리로 인근 체육시설(율암동 1106번지),2021,대구광역시 동구청 문화체육과,
922,다리근육풀기,1,이노밸리로 인근 체육시설(율암동 1106번지),2021,대구광역시 동구청 문화체육과,
923,철봉,1,용계동878-1 체육시설,2021,대구광역시 동구청 문화체육과,
924,평행봉,1,용계동878-1 체육시설,2021,대구광역시 동구청 문화체육과,
925,워밍암+스텝사이클,1,금강동 392-4번지 체육시설,2019,대구광역시 동구청 문화체육과,
926,트위스트+바디싣업,1,금강동 392-4번지 체육시설,2019,대구광역시 동구청 문화체육과,
927,크로스컨트리+체어풀,1,금강동 392-4번지 체육시설,2019,대구광역시 동구청 문화체육과,
928,스트레칭로라+롤링웨이스트,1,금강동 392-4번지 체육시설,2019,대구광역시 동구청 문화체육과,
929,체어웨이트+풀웨이트,1,금강동 392-4번지 체육시설,2019,대구광역시 동구청 문화체육과,
930,입식자전거+다리뻗치기,1,신서동 525-15 체육시설,2021,대구광역시 동구청 문화체육과,
931,온몸역기내리기+윗몸일으키기,1,신서동 525-15 체육시설,2021,대구광역시 동구청 문화체육과,
932,옆파도타기+온몸허리돌리기,1,신서동 525-15 체육시설,2021,대구광역시 동구청 문화체육과,
933,하늘걷기+양팔줄당기기,1,신서동 525-15 체육시설,2021,대구광역시 동구청 문화체육과,
934,워밍암,1,미대동 체육시설(미대동 336-1번지),1992,대구광역시 동구청 문화체육과,
935,트리플트위스트,1,미대동 체육시설(미대동 336-1번지),1992,대구광역시 동구청 문화체육과,
936,롤링웨이스트,1,미대동 체육시설(미대동 336-1번지),1992,대구광역시 동구청 문화체육과,
937,스텝사이클,1,미대동 체육시설(미대동 336-1번지),1992,대구광역시 동구청 문화체육과,
938,체어웨이트,1,미대동 체육시설(미대동 336-1번지),1992,대구광역시 동구청 문화체육과,
939,평행봉,1,지묘동 체육시설(지묘동 186-1번지),1997,대구광역시 동구청 문화체육과,
940,팔굽혀펴기,1,지묘동 체육시설(지묘동 186-1번지),1997,대구광역시 동구청 문화체육과,
941,매달려무릎올리기,1,지묘동 체육시설(지묘동 186-1번지),1997,대구광역시 동구청 문화체육과,
942,거꾸로매달리기,1,지묘동 체육시설(지묘동 186-1번지),1997,대구광역시 동구청 문화체육과,
943,옆파도타기,1,지묘동 체육시설(지묘동 186-1번지),1997,대구광역시 동구청 문화체육과,
944,허리돌리기,1,지묘동 체육시설(지묘동 186-1번지),1997,대구광역시 동구청 문화체육과,
945,트리플트위스트,1,지묘동 체육시설(지묘동 186-1번지),1997,대구광역시 동구청 문화체육과,
946,트윈바디싣업,1,지묘동 체육시설(지묘동 186-1번지),1997,대구광역시 동구청 문화체육과,
947,풀웨이트,1,지묘동 체육시설(지묘동 186-1번지),1997,대구광역시 동구청 문화체육과,
948,하늘걷기,1,지묘동 한실골 체육시설(내동 산59번지일원),2006,대구광역시 동구청 문화체육과,
949,등허리지압기,1,지묘동 한실골 체육시설(내동 산59번지일원),2006,대구광역시 동구청 문화체육과,
950,옆파도타기,1,지묘동 한실골 체육시설(내동 산59번지일원),2006,대구광역시 동구청 문화체육과,
951,온몸허리돌리기 2점,1,지묘동 한실골 체육시설(내동 산59번지일원),2006,대구광역시 동구청 문화체육과,
952,온몸근육풀기,1,지묘동 한실골 체육시설(내동 산59번지일원),2006,대구광역시 동구청 문화체육과,
953,자유철봉 2점,1,지묘동 한실골 체육시설(내동 산59번지일원),2006,대구광역시 동구청 문화체육과,
954,윗몸일으키기 2점,1,지묘동 한실골 체육시설(내동 산59번지일원),2006,대구광역시 동구청 문화체육과,
955,달리기,1,지묘동 한실골 체육시설(내동 산59번지일원),2006,대구광역시 동구청 문화체육과,
956,오버턴스트레칭,1,지묘동 한실골 체육시설(내동 산59번지일원),2006,대구광역시 동구청 문화체육과,
957,트리플트위스트,1,지묘동 한실골 체육시설(내동 산59번지일원),2006,대구광역시 동구청 문화체육과,
958,자유평행봉,1,지묘동 한실골 체육시설(내동 산59번지일원),2006,대구광역시 동구청 문화체육과,
959,역기올리기,1,지묘동 한실골 체육시설(내동 산59번지일원),2006,대구광역시 동구청 문화체육과,
960,트윈워밍암,1,지묘동 한실골 체육시설(내동 산59번지일원),2006,대구광역시 동구청 문화체육과,
961,노젓기,1,지묘동 한실골 체육시설(내동 산59번지일원),2006,대구광역시 동구청 문화체육과,
962,오금펴기 2점,1,지묘동 한실골 체육시설(내동 산59번지일원),2006,대구광역시 동구청 문화체육과,
963,벤치프레스,1,지묘동 한실골 체육시설(내동 산59번지일원),2006,대구광역시 동구청 문화체육과,
964,레그프레스,1,백안삼거리 체육시설(백안동 563번지 맞은편),2011,대구광역시 동구청 문화체육과,
965,트윈워밍암,1,백안삼거리 체육시설(백안동 563번지 맞은편),2011,대구광역시 동구청 문화체육과,
966,바디싣업,1,백안삼거리 체육시설(백안동 563번지 맞은편),2011,대구광역시 동구청 문화체육과,
967,워킹사이클론,1,백안삼거리 체육시설(백안동 563번지 맞은편),2011,대구광역시 동구청 문화체육과,
968,트리플트위스트,1,백안삼거리 체육시설(백안동 563번지 맞은편),2011,대구광역시 동구청 문화체육과,
969,크로스컨트리,1,백안삼거리 체육시설(백안동 563번지 맞은편),2011,대구광역시 동구청 문화체육과,
970,롤링웨이스트,1,백안삼거리 체육시설(백안동 563번지 맞은편),2011,대구광역시 동구청 문화체육과,
971,워밍암,1,화산명산타운 옆 체육시설(지묘동 568-7번지),2014,대구광역시 동구청 문화체육과,
972,크로스컨트리,1,화산명산타운 옆 체육시설(지묘동 568-7번지),2014,대구광역시 동구청 문화체육과,
973,스텝사이클,1,화산명산타운 옆 체육시설(지묘동 568-7번지),2014,대구광역시 동구청 문화체육과,
974,오버턴스트레칭,1,화산명산타운 옆 체육시설(지묘동 568-7번지),2014,대구광역시 동구청 문화체육과,
975,트윈바디싣업,1,화산명산타운 옆 체육시설(지묘동 568-7번지),2014,대구광역시 동구청 문화체육과,
976,트윈워밍암,1,화산명산타운 옆 체육시설(지묘동 568-7번지),2014,대구광역시 동구청 문화체육과,
977,트리플트위스트,1,화산명산타운 옆 체육시설(지묘동 568-7번지),2014,대구광역시 동구청 문화체육과,
978,바디싣업+트위스트,1,내동마을입구 체육시설(내동 503-1번지),2014,대구광역시 동구청 문화체육과,
979,스트레칭로라+롤링웨이스트,1,내동마을입구 체육시설(내동 503-1번지),2014,대구광역시 동구청 문화체육과,
980,크로스컨트리+체어풀,1,내동마을입구 체육시설(내동 503-1번지),2014,대구광역시 동구청 문화체육과,
981,체어웨이트+풀웨이트,1,내동마을입구 체육시설(내동 503-1번지),2014,대구광역시 동구청 문화체육과,
982,스텝사이클+워밍암,1,내동마을입구 체육시설(내동 503-1번지),2014,대구광역시 동구청 문화체육과,
983,크로스컨트리,1,신숭겸장군 유적지 앞 체육시설(지묘동 1220-1번지),2014,대구광역시 동구청 문화체육과,
984,롤링웨이스트,1,신숭겸장군 유적지 앞 체육시설(지묘동 1220-1번지),2014,대구광역시 동구청 문화체육과,
985,스텝사이클,1,신숭겸장군 유적지 앞 체육시설(지묘동 1220-1번지),2014,대구광역시 동구청 문화체육과,
986,체어웨이트,1,신숭겸장군 유적지 앞 체육시설(지묘동 1220-1번지),2014,대구광역시 동구청 문화체육과,
987,핸들웨이트,1,신숭겸장군 유적지 앞 체육시설(지묘동 1220-1번지),2014,대구광역시 동구청 문화체육과,
988,트윈바디싣업,1,신숭겸장군 유적지 앞 체육시설(지묘동 1220-1번지),2014,대구광역시 동구청 문화체육과,
989,체어풀,1,신숭겸장군 유적지 앞 체육시설(지묘동 1220-1번지),2014,대구광역시 동구청 문화체육과,
990,트리플트위스트,1,신숭겸장군 유적지 앞 체육시설(지묘동 1220-1번지),2014,대구광역시 동구청 문화체육과,
991,워밍암,1,신숭겸장군 유적지 앞 체육시설(지묘동 1220-1번지),2014,대구광역시 동구청 문화체육과,
992,오버턴스트레칭 2점,1,신숭겸장군 유적지 앞 체육시설(지묘동 1220-1번지),2014,대구광역시 동구청 문화체육과,
993,평행봉,1,신숭겸장군 유적지 앞 체육시설(지묘동 1220-1번지),2014,대구광역시 동구청 문화체육과,
994,크로스컨트리,1,덕곡동 648번지 체육시설,2012,대구광역시 동구청 문화체육과,
995,롤링웨이스트,1,덕곡동 648번지 체육시설,2012,대구광역시 동구청 문화체육과,
996,트리플트위스트,1,덕곡동 648번지 체육시설,2012,대구광역시 동구청 문화체육과,
997,워밍암,1,덕곡동 648번지 체육시설,2012,대구광역시 동구청 문화체육과,
998,롤링웨이스트,1,당정경로당 앞 체육시설(송정동 523번지),2017,대구광역시 동구청 문화체육과,
999,크로스컨트리,1,당정경로당 앞 체육시설(송정동 523번지),2017,대구광역시 동구청 문화체육과,
1000,워밍암,1,당정경로당 앞 체육시설(송정동 523번지),2017,대구광역시 동구청 문화체육과,
1001,트리플트위스트,1,당정경로당 앞 체육시설(송정동 523번지),2017,대구광역시 동구청 문화체육과,
1002,레그프레스,1,중대동 807번지 체육시설,2017,대구광역시 동구청 문화체육과,
1003,트윈바디싣업,1,중대동 807번지 체육시설,2017,대구광역시 동구청 문화체육과,
1004,핸들웨이트,1,중대동 807번지 체육시설,2017,대구광역시 동구청 문화체육과,
1005,롤링웨이스트,1,중대동 807번지 체육시설,2017,대구광역시 동구청 문화체육과,
1006,스텝사이클,1,중대동 807번지 체육시설,2017,대구광역시 동구청 문화체육과,
1007,워밍암,1,중대동 807번지 체육시설,2017,대구광역시 동구청 문화체육과,
1008,오버턴스트레칭,1,중대동 807번지 체육시설,2017,대구광역시 동구청 문화체육과,
1009,트리플트위스트,1,중대동 807번지 체육시설,2017,대구광역시 동구청 문화체육과,
1010,크로스컨트리,1,중대동 807번지 체육시설,2017,대구광역시 동구청 문화체육과,
1011,트리플트위스트,1,구암마을회관 앞 체육시설(미대동 573-3번지),2015,대구광역시 동구청 문화체육과,
1012,워밍암,1,구암마을회관 앞 체육시설(미대동 573-3번지),2015,대구광역시 동구청 문화체육과,
1013,크로스컨트리,1,구암마을회관 앞 체육시설(미대동 573-3번지),2015,대구광역시 동구청 문화체육과,
1014,롤링웨이스트,1,구암마을회관 앞 체육시설(미대동 573-3번지),2015,대구광역시 동구청 문화체육과,
1015,레그프레스,1,구암마을회관 앞 체육시설(미대동 573-3번지),2015,대구광역시 동구청 문화체육과,
1016,워밍암,1,도장동경로당 앞 체육시설(도학동 527번지),2015,대구광역시 동구청 문화체육과,
1017,트리플트위스트,1,도장동경로당 앞 체육시설(도학동 527번지),2015,대구광역시 동구청 문화체육과,
1018,트윈바디싣업,1,도장동경로당 앞 체육시설(도학동 527번지),2015,대구광역시 동구청 문화체육과,
1019,스텝사이클,1,도장동경로당 앞 체육시설(도학동 527번지),2015,대구광역시 동구청 문화체육과,
1020,양팔줄당기기+하늘걷기,1,도장동경로당 앞 체육시설(도학동 527번지),2015,대구광역시 동구청 문화체육과,
1021,하늘걷기,1,신무경로당 앞 체육시설(신무동 690번지),2015,대구광역시 동구청 문화체육과,
1022,큰활자,1,신무경로당 앞 체육시설(신무동 690번지),2015,대구광역시 동구청 문화체육과,
1023,양팔줄당기기,1,신무경로당 앞 체육시설(신무동 690번지),2015,대구광역시 동구청 문화체육과,
1024,허리돌리기,1,신무경로당 앞 체육시설(신무동 690번지),2015,대구광역시 동구청 문화체육과,
1025,달리기,1,진인동 마을회관 앞 체육시설(진인동 563번지),2019,대구광역시 동구청 문화체육과,
1026,팔관절운동+원그리기,1,진인동 마을회관 앞 체육시설(진인동 563번지),2019,대구광역시 동구청 문화체육과,
1027,가로하늘타기,1,진인동 마을회관 앞 체육시설(진인동 563번지),2019,대구광역시 동구청 문화체육과,
1028,달리기,1,용수로 50길 5뒤 체육시설(용수로 50길 5),2019,대구광역시 동구청 문화체육과,
1029,허리돌리기,1,용수로 50길 5뒤 체육시설(용수로 50길 5),2019,대구광역시 동구청 문화체육과,
1030,가로하늘타기,1,용수로 50길 5뒤 체육시설(용수로 50길 5),2019,대구광역시 동구청 문화체육과,
1031,팔관절운동+원그리기,1,신용동 208번지 체육시설,2019,대구광역시 동구청 문화체육과,
1032,가로하늘타기,1,신용동 208번지 체육시설,2019,대구광역시 동구청 문화체육과,
1033,허리돌리기,1,신용동 208번지 체육시설,2019,대구광역시 동구청 문화체육과,
1034,스텝사이클,1,덕곡동 경로당 체육시설(덕곡동 산65번지),2020,대구광역시 동구청 문화체육과,
1035,크로스컨트리,1,덕곡동 경로당 체육시설(덕곡동 산65번지),2020,대구광역시 동구청 문화체육과,
1036,워밍암,1,덕곡동 경로당 체육시설(덕곡동 산65번지),2020,대구광역시 동구청 문화체육과,
1037,트리플트위스트,1,덕곡동 경로당 체육시설(덕곡동 산65번지),2020,대구광역시 동구청 문화체육과,
1038,스트레칭로라,1,덕곡동 경로당 체육시설(덕곡동 산65번지),2020,대구광역시 동구청 문화체육과,
1039,스텝사이클,1,도학1리 마을회관 체육시설(도학동 258-1번지),2020,대구광역시 동구청 문화체육과,
1040,크로스컨트리,1,도학1리 마을회관 체육시설(도학동 258-1번지),2020,대구광역시 동구청 문화체육과,
1041,워밍암,1,도학1리 마을회관 체육시설(도학동 258-1번지),2020,대구광역시 동구청 문화체육과,
1042,트리플트위스트,1,도학1리 마을회관 체육시설(도학동 258-1번지),2020,대구광역시 동구청 문화체육과,
1043,스트레칭로라,1,도학1리 마을회관 체육시설(도학동 258-1번지),2020,대구광역시 동구청 문화체육과,
1044,하체흔들기+공중걷기,1,공산 서당마을(백안동 345-2번지 앞),2021,대구광역시 동구청 문화체육과,
1045,온몸근육풀기+허리돌리기,1,공산 서당마을(백안동 345-2번지 앞),2021,대구광역시 동구청 문화체육과,
1046,달리기+공중걷기,1,공산 서당마을(백안동 345-2번지 앞),2021,대구광역시 동구청 문화체육과,
1047,온몸근육풀기+어깨근육풀기,1,능성경로당 앞 체육시설(능성동 42번지),2021,대구광역시 동구청 문화체육과,
1048,허리돌리기+하체흔들기,1,능성경로당 앞 체육시설(능성동 42번지),2021,대구광역시 동구청 문화체육과,
1049,온몸근육풀기+어깨근육풀기,1,송정동 체육시설(송정동 849번지),2021,대구광역시 동구청 문화체육과,
1050,허리돌리기+하체흔들기,1,송정동 체육시설(송정동 849번지),2021,대구광역시 동구청 문화체육과,
1051,허리돌리기+공중걷기,1,송정동 체육시설(송정동 849번지),2021,대구광역시 동구청 문화체육과,
